review_id,source,review_date,rating,title,review_text_raw,app_version,user_name,developer_reply,developer_reply_date,collection_country,collection_language,collection_locale,storefront,detected_language,language_detection_method,source_endpoint,raw_source_file,google_thumbs_up_count,app_store_vote_sum,app_store_vote_count
14548034358,App Store,2026-09-14T07:44:28+00:00,1,Liên tục lỗi không thể truy cập,"Là một người dùng lâu năm của tech, ban đầu rất hài lòng về chất lượng và giao diện của app, dễ giao dịch. Nhưng vài tháng trở lại đây app lỗi rất nhiều, chỉ đăng nhập có lúc đợi cả 5p vẫn chưa đăng nhập vào trang chủ được, thứ 2 là quảng cáo nhiều, truy cập vào được tài khoản thì phải tắt 7749 cái quảng cáo IPO của một vài doanh nghiệp. Mong team sẽ khắc phục sớm chứ trải nghiệp người dùng càng ngày càng đi xuống như thế này thực sự không ổn",6.4.6,Lethuylinh1004,,,,,,vn,,,vn|json|default|page=1;vn|json|mostHelpful|page=top;vn|json|mostrecent|page=top;vn|xml|mostHelpful|page=1;vn|xml|mostHelpful|page=top,diagnostics/recency_2026-09-22/vn_page_01_default.json;diagnostics/recency_2026-09-22/vn_page_01_mostHelpful.xml;diagnostics/recency_2026-09-22/vn_top_mostHelpful.json;diagnostics/recency_2026-09-22/vn_top_mostHelpful.xml;diagnostics/recency_2026-09-22/vn_top_mostrecent.json,,0,0
14520064997,App Store,2026-09-07T04:11:54+00:00,1,Tần suất bị lỗi mục tài sản quá nhiều,Rất hay bị lỗi báo k có tiền k có cổ phiếu nào trong tài khoản,6.4.6,Abcdef847362,,,,,,vn,,,vn|json|default|page=1;vn|json|mostHelpful|page=top;vn|json|mostrecent|page=top;vn|xml|mostHelpful|page=1;vn|xml|mostHelpful|page=top,diagnostics/recency_2026-09-22/vn_page_01_default.json;diagnostics/recency_2026-09-22/vn_page_01_mostHelpful.xml;diagnostics/recency_2026-09-22/vn_top_mostHelpful.json;diagnostics/recency_2026-09-22/vn_top_mostHelpful.xml;diagnostics/recency_2026-09-22/vn_top_mostrecent.json,,0,0
14520054584,App Store,2026-09-07T04:07:12+00:00,2,Khá tệ,"App rất lag, đôi khi còn không vào được",6.4.6,Vy11229,,,,,,vn,,,vn|json|default|page=1;vn|json|mostHelpful|page=top;vn|json|mostrecent|page=top;vn|xml|mostHelpful|page=1;vn|xml|mostHelpful|page=top,diagnostics/recency_2026-09-22/vn_page_01_default.json;diagnostics/recency_2026-09-22/vn_page_01_mostHelpful.xml;diagnostics/recency_2026-09-22/vn_top_mostHelpful.json;diagnostics/recency_2026-09-22/vn_top_mostHelpful.xml;diagnostics/recency_2026-09-22/vn_top_mostrecent.json,,0,0
14504211053,App Store,2026-09-03T03:32:43+00:00,3,Quá chậm,"Áp giao dịch gì mà chậm như rùa,mong bqt cải tiến",6.4.6,Tèodu,,,,,,vn,,,vn|json|default|page=1;vn|json|mostHelpful|page=top;vn|json|mostrecent|page=top;vn|xml|mostHelpful|page=1;vn|xml|mostHelpful|page=top,diagnostics/recency_2026-09-22/vn_page_01_default.json;diagnostics/recency_2026-09-22/vn_page_01_mostHelpful.xml;diagnostics/recency_2026-09-22/vn_top_mostHelpful.json;diagnostics/recency_2026-09-22/vn_top_mostHelpful.xml;diagnostics/recency_2026-09-22/vn_top_mostrecent.json,,0,0
14468902446,App Store,2026-08-25T04:00:51+00:00,1,Nghi vấn bán dữ liệu cho lái,"Tôi cầm cổ phiếu DBC 4 tháng, ngay khoảnh khắc khớp lệnh mua, cổ phiếu không một lần giá xanh, liên tiếp giảm 4 tháng liền. Tôi chấp nhận nạp tiền giữ vị thế margin, tuy nhiên sau 4 tháng, tôi muốn đổi cổ phiếu để có vị thế khác, ngay khoảnh khắc bán thì cổ phiếu DBC khớp lệnh và bay liên tiếp. Không thể có sự trùng hợp như vậy được.",6.4.4,Nhậut,,,,,,vn,,,vn|json|default|page=1;vn|json|mostHelpful|page=top;vn|json|mostrecent|page=top;vn|xml|mostHelpful|page=1;vn|xml|mostHelpful|page=top,diagnostics/recency_2026-09-22/vn_page_01_default.json;diagnostics/recency_2026-09-22/vn_page_01_mostHelpful.xml;diagnostics/recency_2026-09-22/vn_top_mostHelpful.json;diagnostics/recency_2026-09-22/vn_top_mostHelpful.xml;diagnostics/recency_2026-09-22/vn_top_mostrecent.json,,0,0
14467591535,App Store,2026-08-24T19:29:06+00:00,5,NGUYEN VAN PHUONG,Namkuto,6.4.4,Namkuto21,,,,,,vn,,,vn|json|default|page=1;vn|json|mostHelpful|page=top;vn|json|mostrecent|page=top;vn|xml|mostHelpful|page=1;vn|xml|mostHelpful|page=top,diagnostics/recency_2026-09-22/vn_page_01_default.json;diagnostics/recency_2026-09-22/vn_page_01_mostHelpful.xml;diagnostics/recency_2026-09-22/vn_top_mostHelpful.json;diagnostics/recency_2026-09-22/vn_top_mostHelpful.xml;diagnostics/recency_2026-09-22/vn_top_mostrecent.json,,0,0
14465859621,App Store,2026-08-24T10:08:22+00:00,1,"Giao diện rối khó sử dụng, CSKH kém, không thể gọi được NV CSKH","- UI UX kém, dễ bị bấm nhầm mua và bán
- hotline chỉ để làm cảnh, AI trả lời tự động không giải quyết được vấn đề
- không gọi được nv cskh, email không trả lời",6.4.4,Tue Lam Ngo,,,,,,vn,,,vn|json|default|page=1;vn|json|mostHelpful|page=top;vn|json|mostrecent|page=top;vn|xml|mostHelpful|page=1;vn|xml|mostHelpful|page=top,diagnostics/recency_2026-09-22/vn_page_01_default.json;diagnostics/recency_2026-09-22/vn_page_01_mostHelpful.xml;diagnostics/recency_2026-09-22/vn_top_mostHelpful.json;diagnostics/recency_2026-09-22/vn_top_mostHelpful.xml;diagnostics/recency_2026-09-22/vn_top_mostrecent.json,,0,0
14465018475,App Store,2026-08-24T03:57:52+00:00,1,App lỗi quá nhiều,Nói chung quá tệ,6.4.4,camtuan20,,,,,,vn,,,vn|json|default|page=1;vn|json|mostHelpful|page=top;vn|json|mostrecent|page=top;vn|xml|mostHelpful|page=1;vn|xml|mostHelpful|page=top,diagnostics/recency_2026-09-22/vn_page_01_default.json;diagnostics/recency_2026-09-22/vn_page_01_mostHelpful.xml;diagnostics/recency_2026-09-22/vn_top_mostHelpful.json;diagnostics/recency_2026-09-22/vn_top_mostHelpful.xml;diagnostics/recency_2026-09-22/vn_top_mostrecent.json,,0,0
14445501649,App Store,2026-08-19T05:09:21+00:00,1,UI UX lởm quá,"UI UX này hoàn toàn ko phù hợp với iPad, chắc dev lười nên bê nguyên web sang. App chạy rất bất tiện, thao tác hoàn toàn lệch, ko hề chính xác. Dùng app thế này mà giao dịch thì lỗ nặng.",6.4.4,Anhvu_cola,,,,,,vn,,,vn|json|default|page=1;vn|json|mostHelpful|page=top;vn|json|mostrecent|page=top;vn|xml|mostHelpful|page=1;vn|xml|mostHelpful|page=top,diagnostics/recency_2026-09-22/vn_page_01_default.json;diagnostics/recency_2026-09-22/vn_page_01_mostHelpful.xml;diagnostics/recency_2026-09-22/vn_top_mostHelpful.json;diagnostics/recency_2026-09-22/vn_top_mostHelpful.xml;diagnostics/recency_2026-09-22/vn_top_mostrecent.json,,0,0
14439296592,App Store,2026-08-17T15:52:20+00:00,1,Cách xác thực sự quá ngu,Lần đầu tiên tôi thấy việc xác thực để mở connection nhận data từ websocket nó ngớ ngẩn như vậy. Cứ 24 tiếng lại phải chạy vô app lấy cái OTP bằng tay xong đi cập nhật biến môi trường trước giờ giao dịch để k bị miss data. Đều đặn hằng ngày. Dev bên này nên thử mở cái docs của DNSE với SSi họ làm như nào mà cải thiện chứ cái kiểu xác thực lăng quăng như này chả hiểu s viết ra được. Lại còn quả tài liệu ghi cho nhận OTP qua email bằng gaia/v1/oauth2/openapi/request-otp nhưng luôn trả ra lỗi 500. Chả hiểu code kiểu j. Quá yếu kém.,6.4.4,ChiuChanHan,,,,,,vn,,,vn|json|default|page=1;vn|json|mostHelpful|page=top;vn|json|mostrecent|page=top;vn|xml|mostHelpful|page=1;vn|xml|mostHelpful|page=top,diagnostics/recency_2026-09-22/vn_page_01_default.json;diagnostics/recency_2026-09-22/vn_page_01_mostHelpful.xml;diagnostics/recency_2026-09-22/vn_top_mostHelpful.json;diagnostics/recency_2026-09-22/vn_top_mostHelpful.xml;diagnostics/recency_2026-09-22/vn_top_mostrecent.json,,0,0
14425846977,App Store,2026-08-14T08:14:42+00:00,1,"Làm ăn ko kỹ càng, cẩu thả","Các công ty đã rời sàn như HLG thì bị tcinvest loại luôn khỏi list, làm nhà đầu tư mất luôn thông tin số lượng cổ phiếu đang sở hữu. Ko thể nào biết để gặp cty HLG làm giấy xác nhận. Nhiều mã rời sàn như hiện nay thì mất rất nhiều. List tôi gồm 100 loại cổ phiếu nên ko nhớ được",6.4.4,Chuyên gia CNTT,,,,,,vn,,,vn|json|default|page=1;vn|json|mostHelpful|page=top;vn|json|mostrecent|page=top;vn|xml|mostHelpful|page=1;vn|xml|mostHelpful|page=top,diagnostics/recency_2026-09-22/vn_page_01_default.json;diagnostics/recency_2026-09-22/vn_page_01_mostHelpful.xml;diagnostics/recency_2026-09-22/vn_top_mostHelpful.json;diagnostics/recency_2026-09-22/vn_top_mostHelpful.xml;diagnostics/recency_2026-09-22/vn_top_mostrecent.json,,0,0
14420925724,App Store,2026-08-13T02:12:57+00:00,2,Giao diện kém,"Nhiều tính năng mà đặt lệnh cổ phiếu rối quá, cần xem danh mục thì phải bấm tab khác",6.4.4,minhnd11,,,,,,vn,,,vn|json|default|page=1;vn|json|mostHelpful|page=top;vn|json|mostrecent|page=top;vn|xml|mostHelpful|page=1;vn|xml|mostHelpful|page=top,diagnostics/recency_2026-09-22/vn_page_01_default.json;diagnostics/recency_2026-09-22/vn_page_01_mostHelpful.xml;diagnostics/recency_2026-09-22/vn_top_mostHelpful.json;diagnostics/recency_2026-09-22/vn_top_mostHelpful.xml;diagnostics/recency_2026-09-22/vn_top_mostrecent.json,,0,0
14418152911,App Store,2026-08-12T10:46:04+00:00,1,Quá phiền hà,"Phục vụ quá cứng nhắc thay số điện thoại, cccd bắt yêu cầu mở thẻ ngân hàng để xác minh thông tin.",6.4.4,Ntthanh279,,,,,,vn,,,vn|json|default|page=1;vn|json|mostHelpful|page=top;vn|json|mostrecent|page=top;vn|xml|mostHelpful|page=1;vn|xml|mostHelpful|page=top,diagnostics/recency_2026-09-22/vn_page_01_default.json;diagnostics/recency_2026-09-22/vn_page_01_mostHelpful.xml;diagnostics/recency_2026-09-22/vn_top_mostHelpful.json;diagnostics/recency_2026-09-22/vn_top_mostHelpful.xml;diagnostics/recency_2026-09-22/vn_top_mostrecent.json,,0,0
14414751396,App Store,2026-08-11T14:10:45+00:00,1,App như cặc,App như lol mỗi vào để điền thông tin xác thực thôi mà đen xì ko hiện ra 1 cái gì . Ngân hàng lớn mà thuê team IT trình độ kém quá,6.4.4,KPJan27,,,,,,vn,,,vn|json|default|page=1;vn|json|mostHelpful|page=top;vn|json|mostrecent|page=top;vn|xml|mostHelpful|page=1;vn|xml|mostHelpful|page=top,diagnostics/recency_2026-09-22/vn_page_01_default.json;diagnostics/recency_2026-09-22/vn_page_01_mostHelpful.xml;diagnostics/recency_2026-09-22/vn_top_mostHelpful.json;diagnostics/recency_2026-09-22/vn_top_mostHelpful.xml;diagnostics/recency_2026-09-22/vn_top_mostrecent.json,,0,0
14409630266,App Store,2026-08-10T07:58:38+00:00,1,"Tại sao lại giam tiền 2 hợp đồng, trong khi đã đóng vị thế trong cùng 1 ngày","10/08/2026 Tại sao lại giam tiền 2 hợp đồng, trong khi đã đóng vị thế trong cùng 1 ngày, các ngày khác không giam vẫn rút được bình thường chỉ trừ thuế phí, và vị thế đóng bị lỗ, rất thất vọng về TCBS",6.4.4,Cuong29,,,,,,vn,,,vn|json|default|page=1;vn|json|mostHelpful|page=top;vn|json|mostrecent|page=top;vn|xml|mostHelpful|page=1;vn|xml|mostHelpful|page=top,diagnostics/recency_2026-09-22/vn_page_01_default.json;diagnostics/recency_2026-09-22/vn_page_01_mostHelpful.xml;diagnostics/recency_2026-09-22/vn_top_mostHelpful.json;diagnostics/recency_2026-09-22/vn_top_mostHelpful.xml;diagnostics/recency_2026-09-22/vn_top_mostrecent.json,,0,0
14381104681,App Store,2026-08-03T03:15:17+00:00,1,"Ko rút tiền được, bị giam tiền","Ko đăng nhập được để rút tiền, lúc cần thì ko rút tiền được phải đi vay tiền nóng.",6.4.4,tuan9a9a,,,,,,vn,,,vn|json|default|page=1;vn|json|mostHelpful|page=top;vn|json|mostrecent|page=top;vn|xml|mostHelpful|page=1;vn|xml|mostHelpful|page=top,diagnostics/recency_2026-09-22/vn_page_01_default.json;diagnostics/recency_2026-09-22/vn_page_01_mostHelpful.xml;diagnostics/recency_2026-09-22/vn_top_mostHelpful.json;diagnostics/recency_2026-09-22/vn_top_mostHelpful.xml;diagnostics/recency_2026-09-22/vn_top_mostrecent.json,,0,0
14354074084,App Store,2026-07-27T12:11:15+00:00,1,Bảo mật ngou như con bò,Dcmm xoá đi tải lại thì bắt xác nhận đăng nhập iotp trên máy đã đăng kí trc đó trong khi dùng đúng máy đó nhưng lại k cho đăng nhập vào dcm code ngoulol,6.4.4,fuvksdcedcsdc,,,,,,vn,,,vn|json|default|page=1;vn|json|mostHelpful|page=top;vn|json|mostrecent|page=top;vn|xml|mostHelpful|page=1;vn|xml|mostHelpful|page=top,diagnostics/recency_2026-09-22/vn_page_01_default.json;diagnostics/recency_2026-09-22/vn_page_01_mostHelpful.xml;diagnostics/recency_2026-09-22/vn_top_mostHelpful.json;diagnostics/recency_2026-09-22/vn_top_mostHelpful.xml;diagnostics/recency_2026-09-22/vn_top_mostrecent.json,,0,0
14352635121,App Store,2026-07-27T02:35:18+00:00,1,App lỗi rất nhiều lần,"App hay bị lỗi quay vòng vòng chờ dữ liệu, rồi lâu lâu đặt lệnh thì không được rất bực mình, tỷ lệ lỗi rất nhiều",6.4.4,Nhat713,,,,,,vn,,,vn|json|default|page=1;vn|json|mostHelpful|page=top;vn|json|mostrecent|page=top;vn|xml|mostHelpful|page=1;vn|xml|mostHelpful|page=top,diagnostics/recency_2026-09-22/vn_page_01_default.json;diagnostics/recency_2026-09-22/vn_page_01_mostHelpful.xml;diagnostics/recency_2026-09-22/vn_top_mostHelpful.json;diagnostics/recency_2026-09-22/vn_top_mostHelpful.xml;diagnostics/recency_2026-09-22/vn_top_mostrecent.json,,0,0
14352633073,App Store,2026-07-27T02:34:31+00:00,1,Không có nhân viên hỗ trợ,Dịch vụ kém,6.4.4,Dinhphi02,,,,,,vn,,,vn|json|default|page=1;vn|json|mostHelpful|page=top;vn|json|mostrecent|page=top;vn|xml|mostHelpful|page=1;vn|xml|mostHelpful|page=top,diagnostics/recency_2026-09-22/vn_page_01_default.json;diagnostics/recency_2026-09-22/vn_page_01_mostHelpful.xml;diagnostics/recency_2026-09-22/vn_top_mostHelpful.json;diagnostics/recency_2026-09-22/vn_top_mostHelpful.xml;diagnostics/recency_2026-09-22/vn_top_mostrecent.json,,0,0
14341132155,App Store,2026-07-24T04:57:36+00:00,5,Dùng thích,"Tuy giao diện không đẹp nhưng rất tuyệt vời rồi, đầu tiên thì phí giao dịch ổn không quá đắt, lại thêm cái widget nữa tiện quá muốn xem giá không cần vào app",6.4.4,HieuLe999,,,,,,vn,,,vn|json|default|page=1;vn|json|mostHelpful|page=top;vn|json|mostrecent|page=top;vn|public_html|see-all-reviews;vn|xml|mostHelpful|page=1;vn|xml|mostHelpful|page=top,diagnostics/recency_2026-09-22/public_reviews_page.html;diagnostics/recency_2026-09-22/vn_page_01_default.json;diagnostics/recency_2026-09-22/vn_page_01_mostHelpful.xml;diagnostics/recency_2026-09-22/vn_top_mostHelpful.json;diagnostics/recency_2026-09-22/vn_top_mostHelpful.xml;diagnostics/recency_2026-09-22/vn_top_mostrecent.json,,1,1
14313162800,App Store,2026-07-17T06:45:43+00:00,1,Giam Tiền cổ tức,App này chuyên giam Tiền cổ tức đợi cuối ngày hết giao dịch mới nhả Tiền ra trong khi công ty chứng khoán khác Tiền đã về để cho giao dịch trong phiên.,6.4.4,Hfudjdjfjeuurr,,,,,,vn,,,vn|json|default|page=1;vn|json|mostHelpful|page=top;vn|json|mostrecent|page=top;vn|public_html|see-all-reviews;vn|xml|mostHelpful|page=1;vn|xml|mostHelpful|page=top,diagnostics/recency_2026-09-22/public_reviews_page.html;diagnostics/recency_2026-09-22/vn_page_01_default.json;diagnostics/recency_2026-09-22/vn_page_01_mostHelpful.xml;diagnostics/recency_2026-09-22/vn_top_mostHelpful.json;diagnostics/recency_2026-09-22/vn_top_mostHelpful.xml;diagnostics/recency_2026-09-22/vn_top_mostrecent.json,,1,2
14296658625,App Store,2026-07-13T04:19:17+00:00,1,App rất thường bị lỗi,Rất thường gặp lỗi đăng nhập,6.4.4,Anna_Tran_9,,,,,,vn,,,vn|json|default|page=1;vn|json|mostHelpful|page=top;vn|json|mostrecent|page=top;vn|xml|mostHelpful|page=1;vn|xml|mostHelpful|page=top,diagnostics/recency_2026-09-22/vn_page_01_default.json;diagnostics/recency_2026-09-22/vn_page_01_mostHelpful.xml;diagnostics/recency_2026-09-22/vn_top_mostHelpful.json;diagnostics/recency_2026-09-22/vn_top_mostHelpful.xml;diagnostics/recency_2026-09-22/vn_top_mostrecent.json,,0,0
14280577109,App Store,2026-07-09T04:08:14+00:00,3,Ok,"có một số bitcoin nhưng app hk có tính năng nạp trực tiếp , mong là sẽ có thêm tính năng này sớm",6.4.4,🌸😆😆😅,,,,,,vn,,,vn|json|default|page=1;vn|json|mostHelpful|page=top;vn|json|mostrecent|page=top;vn|xml|mostHelpful|page=1;vn|xml|mostHelpful|page=top,diagnostics/recency_2026-09-22/vn_page_01_default.json;diagnostics/recency_2026-09-22/vn_page_01_mostHelpful.xml;diagnostics/recency_2026-09-22/vn_top_mostHelpful.json;diagnostics/recency_2026-09-22/vn_top_mostHelpful.xml;diagnostics/recency_2026-09-22/vn_top_mostrecent.json,,0,0
14223394760,App Store,2026-06-25T05:43:41+00:00,1,App tệ,"App rắc rối. Rất khó dùng. Nhiều mục không cần thiết cho nđt mà cũng chưng hết ra, rối rắm.
Cực kỳ khó dùng so với các app chứng khoán khác như của Ssi, vnd, vps.
Tôi đã dùng nhiều app khác rồi mà dùng app Tcbs này thực sự rất bực mình luôn.",6.4.4,HynnQ124,,,,,,vn,,,vn|json|default|page=1;vn|json|mostHelpful|page=top;vn|json|mostrecent|page=top;vn|xml|mostHelpful|page=1;vn|xml|mostHelpful|page=top,diagnostics/recency_2026-09-22/vn_page_01_default.json;diagnostics/recency_2026-09-22/vn_page_01_mostHelpful.xml;diagnostics/recency_2026-09-22/vn_top_mostHelpful.json;diagnostics/recency_2026-09-22/vn_top_mostHelpful.xml;diagnostics/recency_2026-09-22/vn_top_mostrecent.json,,0,0
14162695649,App Store,2026-06-09T15:53:51+00:00,2,Số liệu sai,"App tài chính mà số liệu không chuẩn gì hết. Sáng nạp 10tr, chưa mua bán gì mà tối vào không thấy tiền đâu nữa. F5 thì thấy nháy 10tr rồi biến mất. 

Đến tổng số vốn cũng nhảy loạn lên, không track được lỗ lãi gì hết.",6.4.4,Jackttdev,,,,,,vn,,,vn|json|default|page=1;vn|json|mostHelpful|page=top;vn|json|mostrecent|page=top;vn|xml|mostHelpful|page=1;vn|xml|mostHelpful|page=top,diagnostics/recency_2026-09-22/vn_page_01_default.json;diagnostics/recency_2026-09-22/vn_page_01_mostHelpful.xml;diagnostics/recency_2026-09-22/vn_top_mostHelpful.json;diagnostics/recency_2026-09-22/vn_top_mostHelpful.xml;diagnostics/recency_2026-09-22/vn_top_mostrecent.json,,0,0
14149839961,App Store,2026-06-06T08:12:27+00:00,1,Cái ipower lúc ẩn lúc hiện như ma,Lúc cần rút tiền thì tính năng ipower bị biến mất không rút tiền được,6.4.4,tuan9a9a,,,,,,vn,,,vn|json|default|page=1;vn|json|mostHelpful|page=top;vn|json|mostrecent|page=top;vn|xml|mostHelpful|page=1;vn|xml|mostHelpful|page=top,diagnostics/recency_2026-09-22/vn_page_01_default.json;diagnostics/recency_2026-09-22/vn_page_01_mostHelpful.xml;diagnostics/recency_2026-09-22/vn_top_mostHelpful.json;diagnostics/recency_2026-09-22/vn_top_mostHelpful.xml;diagnostics/recency_2026-09-22/vn_top_mostrecent.json,,0,0
14147186413,App Store,2026-06-05T15:28:37+00:00,1,Ứng dụng hệ thống như một tên bịp bợm.,"Chức năng “ứng tiền trước” giờ có giới hạn dù mình không dùng chức năng này đã lâu.
Và nợ phí lưu ký thì không tự động trừ tiền dù có liên kết tài khoản hay đã nạp tiền. Nợ đó cứ bị tính lãi cao lên như ăn cướp vậy. Dịch vụ chỉ muốn cướp đoạt tài sản của người khác. Không nên dùng.",6.4.4,cMaskc,,,,,,vn,,,vn|json|default|page=1;vn|json|mostHelpful|page=top;vn|json|mostrecent|page=top;vn|xml|mostHelpful|page=1;vn|xml|mostHelpful|page=top,diagnostics/recency_2026-09-22/vn_page_01_default.json;diagnostics/recency_2026-09-22/vn_page_01_mostHelpful.xml;diagnostics/recency_2026-09-22/vn_top_mostHelpful.json;diagnostics/recency_2026-09-22/vn_top_mostHelpful.xml;diagnostics/recency_2026-09-22/vn_top_mostrecent.json,,0,0
14142865973,App Store,2026-06-04T13:07:36+00:00,1,Ai như tôi không nạo tiền vào không lâu tiền bay hết sạch,Chắn,6.4.4,H44934,,,,,,vn,,,vn|json|default|page=1;vn|json|mostHelpful|page=top;vn|json|mostrecent|page=top;vn|public_html|see-all-reviews;vn|xml|mostHelpful|page=1;vn|xml|mostHelpful|page=top,diagnostics/recency_2026-09-22/public_reviews_page.html;diagnostics/recency_2026-09-22/vn_page_01_default.json;diagnostics/recency_2026-09-22/vn_page_01_mostHelpful.xml;diagnostics/recency_2026-09-22/vn_top_mostHelpful.json;diagnostics/recency_2026-09-22/vn_top_mostHelpful.xml;diagnostics/recency_2026-09-22/vn_top_mostrecent.json,,1,1
14141897416,App Store,2026-06-04T06:40:04+00:00,5,Good,"App tốt, cskh tuyệt vời và kịp thời",6.4.4,Chi đen KTQT CLC 62B Neu,,,,,,vn,,,vn|json|default|page=1;vn|json|mostHelpful|page=top;vn|json|mostrecent|page=top;vn|xml|mostHelpful|page=1;vn|xml|mostHelpful|page=top,diagnostics/recency_2026-09-22/vn_page_01_default.json;diagnostics/recency_2026-09-22/vn_page_01_mostHelpful.xml;diagnostics/recency_2026-09-22/vn_top_mostHelpful.json;diagnostics/recency_2026-09-22/vn_top_mostHelpful.xml;diagnostics/recency_2026-09-22/vn_top_mostrecent.json,,0,0
14051715882,App Store,2026-05-11T07:18:29+00:00,1,Quá tệ cho 1 sàn do ngân hàng đầu ngành vận hành,Tiền phong tỏa khi hủy lệnh rất chậm trong khi lệnh hủy từ 3 4 tiếng trước. Quá tệ cho 1 sàn chứng khoán được vận hành bởi ngân hàng lớn.,6.4.3,Captain1102,,,,,,vn,,,vn|json|default|page=1;vn|json|mostHelpful|page=top;vn|json|mostrecent|page=top;vn|xml|mostHelpful|page=1;vn|xml|mostHelpful|page=top,diagnostics/recency_2026-09-22/vn_page_01_default.json;diagnostics/recency_2026-09-22/vn_page_01_mostHelpful.xml;diagnostics/recency_2026-09-22/vn_top_mostHelpful.json;diagnostics/recency_2026-09-22/vn_top_mostHelpful.xml;diagnostics/recency_2026-09-22/vn_top_mostrecent.json,,0,0
14045600270,App Store,2026-05-09T15:32:29+00:00,5,lỗi rồi,lỗi 2 ngày rồi,6.4.3,;)))))))))))))))-,,,,,,vn,,,vn|json|default|page=1;vn|json|mostHelpful|page=top;vn|json|mostrecent|page=top;vn|xml|mostHelpful|page=1;vn|xml|mostHelpful|page=top,diagnostics/recency_2026-09-22/vn_page_01_default.json;diagnostics/recency_2026-09-22/vn_page_01_mostHelpful.xml;diagnostics/recency_2026-09-22/vn_top_mostHelpful.json;diagnostics/recency_2026-09-22/vn_top_mostHelpful.xml;diagnostics/recency_2026-09-22/vn_top_mostrecent.json,,0,0
14040031598,App Store,2026-05-08T02:14:26+00:00,1,1 vấn đề gặp hoài mà ko xử lý,"Dạo gần đây nđt bán cp ko ứng tiền được và lỗi chuyển tiền ra ngoài ko vào tk kh, khách hàng phải chat với tư vấn viên nhưng chả giải quyết đc vấn đề, tiền với nđt rất quan trọng nhưng tcbs muốn đuổi khách rồi",6.4.3,Minttr1,,,,,,vn,,,vn|json|default|page=1;vn|json|mostHelpful|page=top;vn|json|mostrecent|page=top;vn|xml|mostHelpful|page=1;vn|xml|mostHelpful|page=top,diagnostics/recency_2026-09-22/vn_page_01_default.json;diagnostics/recency_2026-09-22/vn_page_01_mostHelpful.xml;diagnostics/recency_2026-09-22/vn_top_mostHelpful.json;diagnostics/recency_2026-09-22/vn_top_mostHelpful.xml;diagnostics/recency_2026-09-22/vn_top_mostrecent.json,,0,0
14034900836,App Store,2026-05-06T15:43:12+00:00,5,Tuyệt vời,"Phí giao dịch khi mua bán chỉ 0,03% thì quá ok rồi, ssi phí tận 0,15%, thôi cho 5* ko có gì phải bàn cãi thêm. Tuyệt vời",6.4.3,bedepptini,,,,,,vn,,,vn|json|default|page=1;vn|json|mostHelpful|page=top;vn|json|mostrecent|page=top;vn|xml|mostHelpful|page=1;vn|xml|mostHelpful|page=top,diagnostics/recency_2026-09-22/vn_page_01_default.json;diagnostics/recency_2026-09-22/vn_page_01_mostHelpful.xml;diagnostics/recency_2026-09-22/vn_top_mostHelpful.json;diagnostics/recency_2026-09-22/vn_top_mostHelpful.xml;diagnostics/recency_2026-09-22/vn_top_mostrecent.json,,0,1
14033216115,App Store,2026-05-06T04:15:56+00:00,1,App ngày càng tệ!,"App bị đơ, hiển thị thông tin sai, không có ai thấy bug để fix hết hay sao ấy",6.4.3,TonyNguyen-89,,,,,,vn,,,vn|json|default|page=1;vn|json|mostHelpful|page=top;vn|json|mostrecent|page=top;vn|xml|mostHelpful|page=1;vn|xml|mostHelpful|page=top,diagnostics/recency_2026-09-22/vn_page_01_default.json;diagnostics/recency_2026-09-22/vn_page_01_mostHelpful.xml;diagnostics/recency_2026-09-22/vn_top_mostHelpful.json;diagnostics/recency_2026-09-22/vn_top_mostHelpful.xml;diagnostics/recency_2026-09-22/vn_top_mostrecent.json,,0,0
14009628721,App Store,2026-04-29T15:34:18+00:00,1,Lỗi hiển thị sai giá ko thể mua bán,App lỗi tệ,6.4.3,Study Chinese JJ,,,,,,vn,,,vn|json|default|page=1;vn|json|mostHelpful|page=top;vn|json|mostrecent|page=top;vn|xml|mostHelpful|page=1;vn|xml|mostHelpful|page=top,diagnostics/recency_2026-09-22/vn_page_01_default.json;diagnostics/recency_2026-09-22/vn_page_01_mostHelpful.xml;diagnostics/recency_2026-09-22/vn_top_mostHelpful.json;diagnostics/recency_2026-09-22/vn_top_mostHelpful.xml;diagnostics/recency_2026-09-22/vn_top_mostrecent.json,,0,0
14008131020,App Store,2026-04-29T05:12:10+00:00,1,App lỗi không giao dịch được.,"App lỗi tê liệt ngay đầu phiên giao dịch. Bảng điện không cập nhật, không mua bán được. Làm mất tiền và cơ hội của nhà đầu tư. Không nên dùng app này.",6.4.3,NĐT bị mất tiền vì app này,,,,,,vn,,,vn|json|default|page=1;vn|json|mostHelpful|page=top;vn|json|mostrecent|page=top;vn|xml|mostHelpful|page=1;vn|xml|mostHelpful|page=top,diagnostics/recency_2026-09-22/vn_page_01_default.json;diagnostics/recency_2026-09-22/vn_page_01_mostHelpful.xml;diagnostics/recency_2026-09-22/vn_top_mostHelpful.json;diagnostics/recency_2026-09-22/vn_top_mostHelpful.xml;diagnostics/recency_2026-09-22/vn_top_mostrecent.json,,0,0
14007852344,App Store,2026-04-29T02:52:45+00:00,1,App lỏ xứng đáng 1 sao,"App sập, đơ, k giao dịch đc. TCBS phải đền bù cho khách đi!!!",6.4.3,Linn1712,,,,,,vn,,,vn|json|default|page=1;vn|json|mostHelpful|page=top;vn|json|mostrecent|page=top;vn|xml|mostHelpful|page=1;vn|xml|mostHelpful|page=top,diagnostics/recency_2026-09-22/vn_page_01_default.json;diagnostics/recency_2026-09-22/vn_page_01_mostHelpful.xml;diagnostics/recency_2026-09-22/vn_top_mostHelpful.json;diagnostics/recency_2026-09-22/vn_top_mostHelpful.xml;diagnostics/recency_2026-09-22/vn_top_mostrecent.json,,0,0
14007849446,App Store,2026-04-29T02:51:24+00:00,1,Tệ,Quá tệ. Cập nhật gì vào lúc 9h15. Chốt lời k được luôn. Thiệt hại vậy ai chịu. Bực bội,6.4.3,Vinh ICR,,,,,,vn,,,vn|json|default|page=1;vn|json|mostHelpful|page=top;vn|json|mostrecent|page=top;vn|xml|mostHelpful|page=1;vn|xml|mostHelpful|page=top,diagnostics/recency_2026-09-22/vn_page_01_default.json;diagnostics/recency_2026-09-22/vn_page_01_mostHelpful.xml;diagnostics/recency_2026-09-22/vn_top_mostHelpful.json;diagnostics/recency_2026-09-22/vn_top_mostHelpful.xml;diagnostics/recency_2026-09-22/vn_top_mostrecent.json,,0,0
14007848369,App Store,2026-04-29T02:50:53+00:00,1,"App đơ, web đơ, rất rất tệ","App đơ, web đơ, rất rất tệ",6.4.3,Thành Tako,,,,,,vn,,,vn|json|default|page=1;vn|json|mostHelpful|page=top;vn|json|mostrecent|page=top;vn|xml|mostHelpful|page=1;vn|xml|mostHelpful|page=top,diagnostics/recency_2026-09-22/vn_page_01_default.json;diagnostics/recency_2026-09-22/vn_page_01_mostHelpful.xml;diagnostics/recency_2026-09-22/vn_top_mostHelpful.json;diagnostics/recency_2026-09-22/vn_top_mostHelpful.xml;diagnostics/recency_2026-09-22/vn_top_mostrecent.json,,0,0
14007846536,App Store,2026-04-29T02:50:03+00:00,1,Lỗi app 29/04/2026,Bảng điện đứng im app hiện toàn bộ dữ liệu của 28/04. NĐT nhìn tài khoản mà khóc ròng. Liệu TCBS sẽ có bồi hoàn gì hay chỉ là Xin Lỗi khi tiền NĐT bay theo lỗi app,6.4.3,Tôi vô cùng thất vọng về Klook,,,,,,vn,,,vn|json|default|page=1;vn|json|mostHelpful|page=top;vn|json|mostrecent|page=top;vn|xml|mostHelpful|page=1;vn|xml|mostHelpful|page=top,diagnostics/recency_2026-09-22/vn_page_01_default.json;diagnostics/recency_2026-09-22/vn_page_01_mostHelpful.xml;diagnostics/recency_2026-09-22/vn_top_mostHelpful.json;diagnostics/recency_2026-09-22/vn_top_mostHelpful.xml;diagnostics/recency_2026-09-22/vn_top_mostrecent.json,,0,0
14007842869,App Store,2026-04-29T02:48:22+00:00,1,Bi đơ  cả phiên,Mất tiền nhiều quá ko bán dc giá đỉnh,6.4.3,Mr Hero seo,,,,,,vn,,,vn|json|default|page=1;vn|json|mostHelpful|page=top;vn|json|mostrecent|page=top;vn|xml|mostHelpful|page=1;vn|xml|mostHelpful|page=top,diagnostics/recency_2026-09-22/vn_page_01_default.json;diagnostics/recency_2026-09-22/vn_page_01_mostHelpful.xml;diagnostics/recency_2026-09-22/vn_top_mostHelpful.json;diagnostics/recency_2026-09-22/vn_top_mostHelpful.xml;diagnostics/recency_2026-09-22/vn_top_mostrecent.json,,0,0
14007840671,App Store,2026-04-29T02:47:21+00:00,1,Lỗi liên tục,"App như hạch Giờ giao dịch đi bảo trì Bị nhốt sàn mấy hôm, nay thoát sàn được thì app ko hoạt động. Mn tẩy chay đi nếu không muốn mất tiền cháy tài khoản",6.4.3,Anti TCX,,,,,,vn,,,vn|json|default|page=1;vn|json|mostHelpful|page=top;vn|json|mostrecent|page=top;vn|xml|mostHelpful|page=1;vn|xml|mostHelpful|page=top,diagnostics/recency_2026-09-22/vn_page_01_default.json;diagnostics/recency_2026-09-22/vn_page_01_mostHelpful.xml;diagnostics/recency_2026-09-22/vn_top_mostHelpful.json;diagnostics/recency_2026-09-22/vn_top_mostHelpful.xml;diagnostics/recency_2026-09-22/vn_top_mostrecent.json,,0,0
14007834537,App Store,2026-04-29T02:44:28+00:00,1,App như loz,App như loz,6.4.3,nxfhjd,,,,,,vn,,,vn|json|default|page=1;vn|json|mostHelpful|page=top;vn|json|mostrecent|page=top;vn|xml|mostHelpful|page=1;vn|xml|mostHelpful|page=top,diagnostics/recency_2026-09-22/vn_page_01_default.json;diagnostics/recency_2026-09-22/vn_page_01_mostHelpful.xml;diagnostics/recency_2026-09-22/vn_top_mostHelpful.json;diagnostics/recency_2026-09-22/vn_top_mostHelpful.xml;diagnostics/recency_2026-09-22/vn_top_mostrecent.json,,0,0
14007830108,App Store,2026-04-29T02:42:27+00:00,1,Đánh giá TCBS,"App lag , hay bị lỗi làm ảnh hưởng đến nhà đầu tư",6.4.3,Dangthietarc,,,,,,vn,,,vn|json|default|page=1;vn|json|mostrecent|page=top,diagnostics/recency_2026-09-22/vn_page_01_default.json;diagnostics/recency_2026-09-22/vn_top_mostrecent.json,,0,0
14007825034,App Store,2026-04-29T02:40:04+00:00,1,App lỗi,App lỗi bảng điện suốt ngày,6.4.3,Nhanln,,,,,,vn,,,vn|json|default|page=1;vn|json|mostrecent|page=top,diagnostics/recency_2026-09-22/vn_page_01_default.json;diagnostics/recency_2026-09-22/vn_top_mostrecent.json,,0,0
14007825045,App Store,2026-04-29T02:40:04+00:00,2,Chất lượng App,Lỗi khá nhiều nhiều khi làm trễ giao dịch không đáng có,6.4.3,rinac7,,,,,,vn,,,vn|json|default|page=1;vn|json|mostrecent|page=top,diagnostics/recency_2026-09-22/vn_page_01_default.json;diagnostics/recency_2026-09-22/vn_top_mostrecent.json,,0,0
14007823992,App Store,2026-04-29T02:39:35+00:00,1,Ff,"App tệ, lỗi ko có hướng xử ly",6.4.3,angelaq126,,,,,,vn,,,vn|json|default|page=1;vn|json|mostrecent|page=top,diagnostics/recency_2026-09-22/vn_page_01_default.json;diagnostics/recency_2026-09-22/vn_top_mostrecent.json,,0,0
14007820033,App Store,2026-04-29T02:37:47+00:00,1,app lởm,lởm vl,6.4.3,phongylthoi,,,,,,vn,,,vn|json|default|page=1;vn|json|mostrecent|page=top,diagnostics/recency_2026-09-22/vn_page_01_default.json;diagnostics/recency_2026-09-22/vn_top_mostrecent.json,,0,0
14007820003,App Store,2026-04-29T02:37:46+00:00,1,Đơ,App suốt ngày lỗi,6.4.3,MrStock9x,,,,,,vn,,,vn|json|default|page=1;vn|json|mostrecent|page=top,diagnostics/recency_2026-09-22/vn_page_01_default.json;diagnostics/recency_2026-09-22/vn_top_mostrecent.json,,0,0
14007819853,App Store,2026-04-29T02:37:42+00:00,1,App lỗi liên tục,App lỗi nhất trong các công ty ck,6.4.3,Người dùng khl,,,,,,vn,,,vn|json|default|page=1;vn|json|mostrecent|page=top,diagnostics/recency_2026-09-22/vn_page_01_default.json;diagnostics/recency_2026-09-22/vn_top_mostrecent.json,,0,0
14007818169,App Store,2026-04-29T02:36:56+00:00,1,Không nên dùng,"Sàn gì mà 29/4/26 k cập nhập, k làm việc. App hay out ra load lại. Không muốn nặng lời nhưng phải dùng từ Ngu. Đã trải nghiệm 1 time",6.4.3,Tu374947,,,,,,vn,,,unprefixed_legacy_raw_responses|json|default|page=2;vn_prefixed_raw_responses|json|default|page=2,raw_responses/page_02_default.json;raw_responses/vn_page_02_default.json,,0,0
14007817541,App Store,2026-04-29T02:36:39+00:00,1,Bực mình,"Vào ngày giao dịch lại đi cập nhật, đơ ra, làm người ta không giao dịch gì được. Thiệt hại tính bằng tiền đó!",6.4.3,JFETE,,,,,,vn,,,unprefixed_legacy_raw_responses|json|default|page=2;vn_prefixed_raw_responses|json|default|page=2,raw_responses/page_02_default.json;raw_responses/vn_page_02_default.json,,0,0
14007814276,App Store,2026-04-29T02:35:12+00:00,1,"App hay bị lỗi không giao dịch được. 29/4/2026 là một ví dụ. Công ty không xin lỗi, không phản hồi",App lỗi không gd được 29/4/2026,6.4.3,Bhthgy,,,,,,vn,,,unprefixed_legacy_raw_responses|json|default|page=2;vn_prefixed_raw_responses|json|default|page=2,raw_responses/page_02_default.json;raw_responses/vn_page_02_default.json,,0,0
14007807831,App Store,2026-04-29T02:32:14+00:00,1,App quá tệ,App lỗi thường xuyên. Gần nhất là sáng 29/4/2026,6.4.3,DV2020xxx,,,,,,vn,,,unprefixed_legacy_raw_responses|json|default|page=2;vn_prefixed_raw_responses|json|default|page=2,raw_responses/page_02_default.json;raw_responses/vn_page_02_default.json,,0,0
14007797037,App Store,2026-04-29T02:27:19+00:00,1,Không nên dùng,"App cập nhật dữ liệu lúc thị trường mở cửa, không giao dịch được, xứng đáng 1 sao",6.4.3,Trung tủ lạnh,,,,,,vn,,,unprefixed_legacy_raw_responses|json|default|page=2;vn_prefixed_raw_responses|json|default|page=2,raw_responses/page_02_default.json;raw_responses/vn_page_02_default.json,,0,0
14007792218,App Store,2026-04-29T02:25:11+00:00,1,Rác,Áp rác hay lỗi đơ ko mua bán được,6.4.3,App kémm,,,,,,vn,,,unprefixed_legacy_raw_responses|json|default|page=2;vn_prefixed_raw_responses|json|default|page=2,raw_responses/page_02_default.json;raw_responses/vn_page_02_default.json,,0,0
14005255766,App Store,2026-04-28T09:55:55+00:00,5,Tải app không được,Phải chuyển vùng trên App Store mới tìm đc app này. Trong khi thấy những app khác của các ngân hàng hay SSI thì có. Ngộ vậy?,6.4.3,Jimjohn2026,,,,,,vn,,,unprefixed_legacy_raw_responses|json|default|page=2;vn_prefixed_raw_responses|json|default|page=2,raw_responses/page_02_default.json;raw_responses/vn_page_02_default.json,,0,0
13994219702,App Store,2026-04-25T04:49:11+00:00,1,Tệ,"App lol, tư vấn và hợp đồng về vấn đề chuyển tiền ngân hàng và chuyển tiền bên app chứng khoán rất mập mờ nước đôi. Đến lúc khách hàng xảy ra vấn đề cần liên hệ thì nhân viên chỉ làm việc trong giờ hành chính, ngoài giờ hành chính thì ko xử lý",6.4.3,alaclainghi,,,,,,vn,,,unprefixed_legacy_raw_responses|json|default|page=2;vn_prefixed_raw_responses|json|default|page=2,raw_responses/page_02_default.json;raw_responses/vn_page_02_default.json,,0,0
13991870835,App Store,2026-04-24T13:13:28+00:00,1,App gì mà ux khó dùng kinh khủng,"T dùng ssi 2 năm mở thêm tcbs dùng mà ux tệ kinh khủng, những flow cơ bản rất loàng ngoằng ko hiểu sd kiểu gì, thông tin qtrong cứ dấu đi đâu á. Rất tệ, nào bán cp xong chắc ko bh dùng lại app này, cũng hệ sinh thái Tech mà ux app tệ quá",6.4.3,Nocthai,,,,,,vn,,,unprefixed_legacy_raw_responses|json|default|page=2;vn_prefixed_raw_responses|json|default|page=2,raw_responses/page_02_default.json;raw_responses/vn_page_02_default.json,,0,0
13987803897,App Store,2026-04-23T08:17:00+00:00,1,Đăng nhập lỗi,Đăng nhập toàn quay. Không vào được app,6.4.3,Trung Nghĩa.25,,,,,,vn,,,unprefixed_legacy_raw_responses|json|default|page=2;vn_prefixed_raw_responses|json|default|page=2,raw_responses/page_02_default.json;raw_responses/vn_page_02_default.json,,0,0
13953572832,App Store,2026-04-13T13:21:12+00:00,2,Chất lượng app kém,"UX của app không thân thiện UI cũng không hiện đại, FE code chưa tốt app lag hoạt ảnh giữa màn hình không mượt. Chưa dùng nhiều nên chưa đánh giá được hệ thống BE.",6.4.3,Hee🙆‍♀️,,,,,,vn,,,unprefixed_legacy_raw_responses|json|default|page=2;vn_prefixed_raw_responses|json|default|page=2,raw_responses/page_02_default.json;raw_responses/vn_page_02_default.json,,0,0
13953085318,App Store,2026-04-13T10:16:19+00:00,4,App dùng ổn nhưng còn một số lỗi,"Phần đặt lệnh định kỳ đang có khá nhiều lỗi, giá trị ước tính vượt xa giá trị hiện tại của cổ phiếu, 1000 E1VFVN30 mà ước tính trên 200 triệu??. Khi đặt lệnh xong và xem chi tiết lệnh thì hiển thị “Ngày undefined hàng tháng”.",6.4.3,Timjx,,,,,,vn,,,unprefixed_legacy_raw_responses|json|default|page=2;vn_prefixed_raw_responses|json|default|page=2,raw_responses/page_02_default.json;raw_responses/vn_page_02_default.json,,0,0
13952806460,App Store,2026-04-13T07:57:39+00:00,1,App lỗi,Dùng Ai nhiều quá mà không kiểm tra xem ai có chạy được hay không. Tuy áp nhiều tính năng hay nhưng nhân viên hoạt động rất lười làm việc. Đăng ký không gửi được otp. Delay lâu rồi gửi 1 đống. Nhận xác thực chậm. Kyc không hoạt động được. Áp không cho gửi góp ý. Như bịp,6.4.3,cụ non babilon,,,,,,vn,,,unprefixed_legacy_raw_responses|json|default|page=2;vn_prefixed_raw_responses|json|default|page=2,raw_responses/page_02_default.json;raw_responses/vn_page_02_default.json,,0,0
13934417294,App Store,2026-04-08T03:52:30+00:00,1,Dịch vụ quá kém.,"Gọi tổng đài báo bận đá sang chát zalo, face... ko giải quyết đc vấn đề",6.4.3,quynh oooo,,,,,,vn,,,unprefixed_legacy_raw_responses|json|default|page=2;vn_prefixed_raw_responses|json|default|page=2,raw_responses/page_02_default.json;raw_responses/vn_page_02_default.json,,0,0
13912796083,App Store,2026-04-02T02:43:06+00:00,1,Hệ thống hỗ trợ rất tệ,"Tôi có trải nghiệm rất tệ TCBS, giao dịch bên này thông báo dao dịch trừ tiền không rõ ràng, trừ tiền mà không thấy thông báo trong mail hay mục thông báo. Khi liên hệ hỗ trợ thì cho robot nói chuyện hỏi một hồi cảm thấy tức điên vì robot không hiểu vấn đề mình cần hỗ trợ, toàn lặp đi lặp lại cái gì đâu không. Liên hệ qua Zalo thì chờ nhắn tin trả lời rất lâu, rất mất thời gian. Bên này không có chuyên viên hỗ trợ. Một trải nghiệm rất tệ.",6.4.3,phan frank,,,,,,vn,,,unprefixed_legacy_raw_responses|json|default|page=2;vn_prefixed_raw_responses|json|default|page=2,raw_responses/page_02_default.json;raw_responses/vn_page_02_default.json,,0,0
13910455012,App Store,2026-04-01T12:29:59+00:00,1,Trừ tiền hãm,Bị trừ tiền nghĩa vụ chứng khoáng gần 600k trong khi mới mua được 500k thử chơi ????? Bớt bào .,6.4.3,Njgggf,,,,,,vn,,,unprefixed_legacy_raw_responses|json|default|page=2;vn_prefixed_raw_responses|json|default|page=2,raw_responses/page_02_default.json;raw_responses/vn_page_02_default.json,,0,0
13902315721,App Store,2026-03-30T05:12:35+00:00,1,Xử lý cho khách hàng chậm,Mình không hiểu sao xử lý thay đổi thông tin khách hàng kiểu gì mà 2 tuần rồi mà không được. Hỗ trợ khách hàng thì trả lời rất mượt mà xử lý giải quyết cho khác hàng thì rất kém. Sau lần này mình sẽ chuyển hết sang sàn khác dùng. Có thay đổi mỗi thông tin khách hàng mà chính chủ khách hàng đi thay đổi mà còn xử lý hết lần này lần khác. Nhiều quan chức để xét duyệt quá…,6.4.3,Hải0523,,,,,,vn,,,unprefixed_legacy_raw_responses|json|default|page=2;vn_prefixed_raw_responses|json|default|page=2,raw_responses/page_02_default.json;raw_responses/vn_page_02_default.json,,0,0
13898550807,App Store,2026-03-29T03:44:39+00:00,5,Nhiều tính năng,App xịn bảo mật tốt quá nhiều tính năng luôn giao diện đẹp mắt,6.4.3,Hưng Bitcoin,,,,,,vn,,,unprefixed_legacy_raw_responses|json|default|page=2;vn_prefixed_raw_responses|json|default|page=2,raw_responses/page_02_default.json;raw_responses/vn_page_02_default.json,,0,0
13884487026,App Store,2026-03-25T06:45:50+00:00,1,Lỗi,Widget bị lỗi phiên đăng nhập đã hết hạn dù đã đăng nhập rồi. Thường xuyên bị lỗi vừa mở app đã bị dừng đột ngột,6.4.3,LLHH2007,,,,,,vn,,,unprefixed_legacy_raw_responses|json|default|page=2;vn_prefixed_raw_responses|json|default|page=2,raw_responses/page_02_default.json;raw_responses/vn_page_02_default.json,,0,0
13867670560,App Store,2026-03-20T11:43:47+00:00,1,Bật thông báo,Tôi tắt thông báo trong cài đặt nhưng App luôn yêu cầu bật thông báo.,6.4.3,Chuanphu123,,,,,,vn,,,unprefixed_legacy_raw_responses|json|default|page=2;vn_prefixed_raw_responses|json|default|page=2,raw_responses/page_02_default.json;raw_responses/vn_page_02_default.json,,0,0
13867043839,App Store,2026-03-20T06:43:55+00:00,1,Tệ hại,Xử lý chậm chạm thời bao cấp,6.4.3,Khanh1223,,,,,,vn,,,unprefixed_legacy_raw_responses|json|default|page=2;vn_prefixed_raw_responses|json|default|page=2,raw_responses/page_02_default.json;raw_responses/vn_page_02_default.json,,0,0
13857042814,App Store,2026-03-17T09:30:42+00:00,4,Lack of english notes and support in app and app notes,"App notes are all in Vietnamese and updates only in Vietnamese even though app is multilingual.
Many app notifications and critical password and login screens are in Vietnamese even in the english version",6.4.3,Apploverlover26,,,,,,vn,,,unprefixed_legacy_raw_responses|json|default|page=2;vn_prefixed_raw_responses|json|default|page=2,raw_responses/page_02_default.json;raw_responses/vn_page_02_default.json,,0,0
13856798811,App Store,2026-03-17T07:15:18+00:00,1,Như loàn,Giao diện như thập niên 1990  nạp tiền loàng ngoằng  kyc mất mẹ 3 ngày. Nạp tiền mua bán mãi ko xong. Méo hiểu sao cty chứng khoán tóp đầu đc. Mang đội it đi học lại đi. Mẹ cái giao diện nhìn thấy ghét. Học giáo diện vnd vừa trực quan vừa dễ nhìn,6.4.3,Ko có nhiều tiền@,,,,,,vn,,,unprefixed_legacy_raw_responses|json|default|page=2;vn_prefixed_raw_responses|json|default|page=2,raw_responses/page_02_default.json;raw_responses/vn_page_02_default.json,,0,0
13853301981,App Store,2026-03-16T06:23:47+00:00,1,Tệ,Người dùng đã cố ý tắt thông báo rồi cứ bật popup bảo mở thông báo. Quá phiền,6.4.2,vngdbjg,,,,,,vn,,,unprefixed_legacy_raw_responses|json|default|page=2;vn_prefixed_raw_responses|json|default|page=2,raw_responses/page_02_default.json;raw_responses/vn_page_02_default.json,,0,0
13852640366,App Store,2026-03-16T00:50:32+00:00,1,Ap chán,"Nạp tiền thì nhanh, rút tiền thì 3 ngày chưa về lần đầu cũng là lần cuối sd ap",6.4.2,huanvictory,,,,,,vn,,,unprefixed_legacy_raw_responses|json|default|page=2;vn_prefixed_raw_responses|json|default|page=2,raw_responses/page_02_default.json;raw_responses/vn_page_02_default.json,,0,0
13846427918,App Store,2026-03-14T08:27:26+00:00,5,ap ok mà .còn được hay không thì do kiến thức và kinh nghiệm của bản thân,lúc đầu cũng tải nhiều app coi sao sau nhưng sau 1 thời gian lấy app này ổn định dùng luôn đc 5năm rồi,6.4.2,hvbcv,,,,,,vn,,,unprefixed_legacy_raw_responses|json|default|page=2;vn_prefixed_raw_responses|json|default|page=2,raw_responses/page_02_default.json;raw_responses/vn_page_02_default.json,,0,0
13838846691,App Store,2026-03-12T02:21:41+00:00,1,K thể quét QR ở Cccd khi ekyc,App bắt ekyc nhưng đến bước quét qr ở cccd thì k thể quét được. Team dev check lại vì nó block luồng,6.4.2,anhnamtrinh,,,,,,vn,,,unprefixed_legacy_raw_responses|json|default|page=2;vn_prefixed_raw_responses|json|default|page=2,raw_responses/page_02_default.json;raw_responses/vn_page_02_default.json,,0,0
13836082606,App Store,2026-03-11T07:57:39+00:00,1,Có đổi số điện thoại không mà support lâu bắt đợi 1 tuần,"Khuyên thật mn không nên giao dịch sàn này, thay đổi số điện thoại thôi mà bắt đợi 1 tuần, support nhắn tin tiếng rep 1 lần",6.4.2,Người dùng tcbs987,,,,,,vn,,,unprefixed_legacy_raw_responses|json|default|page=2;vn_prefixed_raw_responses|json|default|page=2,raw_responses/page_02_default.json;raw_responses/vn_page_02_default.json,,0,0
13835758727,App Store,2026-03-11T04:52:51+00:00,1,TK ng thân không nộp được tiền,"Mình tạo tk con, Lần 1 nộp bằng cú pháp khi nhấn nộp tiền trên áp, 2 ngày sau trả lại báo sai cú pháp, trong khi cú pháp tự đông gen ra

Lần này 4 ngày rồi không back lại tiền, mà back lại cũng k biết làm thế nào để nộp",6.4.2,Chứng sĩ mùa downtrend,,,,,,vn,,,unprefixed_legacy_raw_responses|json|default|page=2;vn_prefixed_raw_responses|json|default|page=2,raw_responses/page_02_default.json;raw_responses/vn_page_02_default.json,,0,0
13818840202,App Store,2026-03-06T06:47:39+00:00,1,Lỗi,Không sửa và huỷ lệnh được,6.4.2,Linhnvabc,,,,,,vn,,,unprefixed_legacy_raw_responses|json|default|page=2;vn_prefixed_raw_responses|json|default|page=2,raw_responses/page_02_default.json;raw_responses/vn_page_02_default.json,,0,0
13807964744,App Store,2026-03-03T01:34:43+00:00,1,"105CA24866 ứng dụng mượt, phí thấp",Lúc cần vào bán thì lỗi. Thiệt hại lớn,6.4.2,Papa12916,,,,,,vn,,,unprefixed_legacy_raw_responses|json|default|page=2;vn_prefixed_raw_responses|json|default|page=2,raw_responses/page_02_default.json;raw_responses/vn_page_02_default.json,,0,0
13807955502,App Store,2026-03-03T01:30:56+00:00,1,lỗi,"nhập mk không vào được, app cũng không thông báo do sai mk hay lỗi app",6.4.2,Atan2219,,,,,,vn,,,unprefixed_legacy_raw_responses|json|default|page=2;vn_prefixed_raw_responses|json|default|page=2,raw_responses/page_02_default.json;raw_responses/vn_page_02_default.json,,0,0
13807943183,App Store,2026-03-03T01:25:56+00:00,1,App có vấn đề,Lúc cần vào giao dịch đặt lệnh thì không vào được. Quá chán,6.4.2,Luannguyenpro,,,,,,vn,,,unprefixed_legacy_raw_responses|json|default|page=2;vn_prefixed_raw_responses|json|default|page=2,raw_responses/page_02_default.json;raw_responses/vn_page_02_default.json,,0,0
13807938938,App Store,2026-03-03T01:24:10+00:00,3,Chán,Cập nhật cũng ko thông báo với user làm app lag lag,6.4.2,bsnsnxm,,,,,,vn,,,unprefixed_legacy_raw_responses|json|default|page=2;vn_prefixed_raw_responses|json|default|page=2,raw_responses/page_02_default.json;raw_responses/vn_page_02_default.json,,0,0
13805123311,App Store,2026-03-02T06:56:54+00:00,1,App Lỗi,"Cập nhật căn cước bị từ chối, không xử lí cho nhà đầu tư, duyệt căn cước phải mất 2 ngày giao dịch. Lúc tải app thì bình thường, nạp tiền vào mới bắt cập nhật. Là sao vậy?",6.4.2,Linxi772,,,,,,vn,,,unprefixed_legacy_raw_responses|json|default|page=2;vn_prefixed_raw_responses|json|default|page=2,raw_responses/page_02_default.json;raw_responses/vn_page_02_default.json,,0,0
13804511641,App Store,2026-03-02T01:52:36+00:00,1,Đăng ký tài khoản mới,"App ko cần người dùng hả ta, đăng ký mấy hôm rồi mà đang xác thực cứ bị văng ra ngoài là thế nào nhỉ",6.4.2,Duyen Oriom,,,,,,vn,,,unprefixed_legacy_raw_responses|json|default|page=2;vn_prefixed_raw_responses|json|default|page=2,raw_responses/page_02_default.json;raw_responses/vn_page_02_default.json,,0,0
13800783800,App Store,2026-03-01T01:58:26+00:00,1,Không mở được trên ipad pro M4,"Ứng dụng không thể mở được trên ipad pro m4, mỗi lần muốn mở thì phải cài đặt lại, nhưng các lần tiếp theo lại không mở được",6.4.1,TKNVH,,,,,,vn,,,unprefixed_legacy_raw_responses|json|default|page=2;vn_prefixed_raw_responses|json|default|page=2,raw_responses/page_02_default.json;raw_responses/vn_page_02_default.json,,0,0
13790529670,App Store,2026-02-26T07:46:59+00:00,1,Chương trình khuyến mãi lừa đảo,"Làm gami mà mở hết 26 bao toàn lời chúc, thà không làm còn hơn",6.4.1,PhucPerse,,,,,,vn,,,unprefixed_legacy_raw_responses|json|default|page=2;vn_prefixed_raw_responses|json|default|page=2,raw_responses/page_02_default.json;raw_responses/vn_page_02_default.json,,0,0
13785950483,App Store,2026-02-25T01:05:42+00:00,1,App ép người dùng,Mới khai thông tin đã bắt gán ghép người dùng có số tài khoản.,6.4.1,AGNathan,,,,,,vn,,,unprefixed_legacy_raw_responses|json|default|page=2;vn_prefixed_raw_responses|json|default|page=2,raw_responses/page_02_default.json;raw_responses/vn_page_02_default.json,,0,0
13785895204,App Store,2026-02-25T00:43:08+00:00,1,CKS RẤT TỆ,"Khi gặp vấn đề cần hỗ trợ, gọi điện toàn gặp mấy con bot tự động rất mất thời gian và không giải quyết được vấn đề.",6.4.1,GA De,,,,,,vn,,,unprefixed_legacy_raw_responses|json|default|page=2;vn_prefixed_raw_responses|json|default|page=2,raw_responses/page_02_default.json;raw_responses/vn_page_02_default.json,,0,0
13782975799,App Store,2026-02-24T04:58:13+00:00,5,Tiên phong đi đầu,"Nhanh chóng, chính xác, dễ xử dụng. Nói ngắn gọn dị thui :3",6.4.1,Hunghue75,,,,,,vn,,,unprefixed_legacy_raw_responses|json|default|page=2;vn_prefixed_raw_responses|json|default|page=2,raw_responses/page_02_default.json;raw_responses/vn_page_02_default.json,,0,0
13781072372,App Store,2026-02-23T15:53:23+00:00,1,Tệ,Không nhận diện được mặt. Giao diện tệ,6.4.1,Linhnguxiii,,,,,,vn,,,unprefixed_legacy_raw_responses|json|default|page=2;vn_prefixed_raw_responses|json|default|page=2,raw_responses/page_02_default.json;raw_responses/vn_page_02_default.json,,0,0
13779252669,App Store,2026-02-23T03:18:07+00:00,1,.,"App lỗi, khi đang xem bảng giá rất hay bị tải lại",6.4.1,Xbjsjsby,,,,,,vn,,,unprefixed_legacy_raw_responses|json|default|page=2;vn_prefixed_raw_responses|json|default|page=2,raw_responses/page_02_default.json;raw_responses/vn_page_02_default.json,,0,0
13757354364,App Store,2026-02-16T23:57:51+00:00,5,Tốt,App rất tuyệt vời chuyên nghiệp,6.4.1,Duy tan 12,,,,,,vn,,,unprefixed_legacy_raw_responses|json|default|page=2;vn_prefixed_raw_responses|json|default|page=2,raw_responses/page_02_default.json;raw_responses/vn_page_02_default.json,,0,0
13733141742,App Store,2026-02-10T06:10:54+00:00,1,Nộp tiền cả ngày mới nổi,Nộp tiền vào tài khoản chứng khoán từ ngân hàng khác cả ngày mới nổi tiền. Rất bất tiện khi viết sai nội dung chuyển khoản. Dùng app khác thích hơn.,6.4.1,Nguyễn Xuân Soi,,,,,,vn,,,unprefixed_legacy_raw_responses|json|default|page=2;vn_prefixed_raw_responses|json|default|page=2,raw_responses/page_02_default.json;raw_responses/vn_page_02_default.json,,0,0
13732893373,App Store,2026-02-10T04:05:11+00:00,1,Nạo tiền không và tài khoản,Bad,6.4.1,thangpl16,,,,,,vn,,,unprefixed_legacy_raw_responses|json|default|page=2;vn_prefixed_raw_responses|json|default|page=2,raw_responses/page_02_default.json;raw_responses/vn_page_02_default.json,,0,0
13732547803,App Store,2026-02-10T01:29:15+00:00,1,thiết kế mua bán ngu,Công ty lớn mà thiết kế chức năng mua bán ngu k thể tả nôi,6.4.1,app lừa đảo người dùng,,,,,,vn,,,unprefixed_legacy_raw_responses|json|default|page=2;vn_prefixed_raw_responses|json|default|page=2,raw_responses/page_02_default.json;raw_responses/vn_page_02_default.json,,0,0
13729660566,App Store,2026-02-09T06:48:31+00:00,1,"Trải nghiệm rất tệ, xử lý lâu",Khuyên ko nên dùng,6.4.1,hbyvgvhb,,,,,,vn,,,unprefixed_legacy_raw_responses|json|default|page=2;vn_prefixed_raw_responses|json|default|page=2,raw_responses/page_02_default.json;raw_responses/vn_page_02_default.json,,0,0
13729429377,App Store,2026-02-09T04:49:57+00:00,4,Diss app,"mình vào bằng iPad không vào được toàn bị văng ra. 
Bộ phận ít xử lý sớm để có thể sử dụng được ở trên iPad",6.4.1,hbsmiag,,,,,,vn,,,unprefixed_legacy_raw_responses|json|default|page=2;vn_prefixed_raw_responses|json|default|page=2,raw_responses/page_02_default.json;raw_responses/vn_page_02_default.json,,0,0
13714566655,App Store,2026-02-05T05:19:24+00:00,1,Cá con,"App chán toàn đơ lag lúc cao điểm giờ thêm bảo trì vào thời gian gd. Giam chân nđt.
Mua điện thoại mới đăng nhập không được mặc dù có số tk và mật khẩu và Sdt chính chủ rồi. Bắt xác nhận điện thoại cũ (đã cho và đã cài lại máy và người nhận cũng đã đi xa) rất bất tiện. Vậy trường hợp mất máy thì làm sao xác nhận được. Cần cải cách lại có số tk, mk, sdt để xác nhận otp là đc rồi. Bảo mật là rất tốt nhưng bảo mật như này là quá cứng nhắc gây phiền hà mất thời gian của nđt",6.4.1,cuncon18,,,,,,vn,,,unprefixed_legacy_raw_responses|json|default|page=2;vn_prefixed_raw_responses|json|default|page=2,raw_responses/page_02_default.json;raw_responses/vn_page_02_default.json,,0,0
13711043247,App Store,2026-02-04T06:30:34+00:00,1,cộng đồng không lành mạnh,"ứng dụng này tôi có thể đánh giá 5 sao nhưng cộng đồng trên ứng dụng TCBS này thì 1 sao vì đầu tư dưới 3 triệu,mà những người đó chửi những lời thô tục và kinh bỉ,sỉ nhục và lăng mạ tôi.",6.4.1,Tiến27122,,,,,,vn,,,unprefixed_legacy_raw_responses|xml|default|page=3;vn_prefixed_raw_responses|xml|default|page=3;vn_prefixed_raw_responses|xml|mostrecent|page=3,raw_responses/page_03_default.xml;raw_responses/vn_page_03_default.xml;raw_responses/vn_page_03_mostrecent.xml,,0,0
13710503150,App Store,2026-02-04T02:11:48+00:00,1,Thiết kế UX app rất ngu,"Cái cần thiết là thao tác trên app nhanh, tiện, chính xác chứ không phải nhét cả đống thứ vô làm rối rắm và thao tác chậm, không chính xác.",6.4.1,appleroot1234,,,,,,vn,,,unprefixed_legacy_raw_responses|xml|default|page=3;vn_prefixed_raw_responses|xml|default|page=3;vn_prefixed_raw_responses|xml|mostrecent|page=3,raw_responses/page_03_default.xml;raw_responses/vn_page_03_default.xml;raw_responses/vn_page_03_mostrecent.xml,,0,0
13709946802,App Store,2026-02-03T22:20:30+00:00,2,Tệ,Cskh AI quá tệ,6.4.1,viviiphonr,,,,,,vn,,,unprefixed_legacy_raw_responses|xml|default|page=3;vn_prefixed_raw_responses|xml|default|page=3;vn_prefixed_raw_responses|xml|mostrecent|page=3,raw_responses/page_03_default.xml;raw_responses/vn_page_03_default.xml;raw_responses/vn_page_03_mostrecent.xml,,0,0
13703439891,App Store,2026-02-02T03:51:19+00:00,1,Thời gian xác thực lâu,Thời gian xác thực lâu,6.4.1,MB ẩn danh,,,,,,vn,,,unprefixed_legacy_raw_responses|xml|default|page=3;vn_prefixed_raw_responses|xml|default|page=3;vn_prefixed_raw_responses|xml|mostrecent|page=3,raw_responses/page_03_default.xml;raw_responses/vn_page_03_default.xml;raw_responses/vn_page_03_mostrecent.xml,,0,0
13692057749,App Store,2026-01-30T07:14:51+00:00,1,Không giao dịch lô lẻ được,"Tôi đã từng sử dụng VPS và VND giao dịch lô lẻ rất đơn giản, còn bên công ty này giao dịch lô lẻ phải lên máy tính. Mà đặt lệnh xong vẫn không giao dịch được, công nghệ kém",6.4.1,Adh121314,,,,,,vn,,,unprefixed_legacy_raw_responses|xml|default|page=3;vn_prefixed_raw_responses|xml|default|page=3;vn_prefixed_raw_responses|xml|mostrecent|page=3,raw_responses/page_03_default.xml;raw_responses/vn_page_03_default.xml;raw_responses/vn_page_03_mostrecent.xml,,0,0
13691875675,App Store,2026-01-30T05:51:04+00:00,3,UX/ UI  is not mobile friendly,"The buttons and menu items are too small for mobile. The UX flows are unpredictable more the prices in the market: sometimes it works, sometimes gets confused. The AI chat doesn’t have the context of the selected code. Needs to improve a lot because it is difficult to use on mobile.",6.4.1,Kent@BigC,,,,,,vn,,,unprefixed_legacy_raw_responses|xml|default|page=3;vn_prefixed_raw_responses|xml|default|page=3;vn_prefixed_raw_responses|xml|mostrecent|page=3,raw_responses/page_03_default.xml;raw_responses/vn_page_03_default.xml;raw_responses/vn_page_03_mostrecent.xml,,0,0
13684259604,App Store,2026-01-28T06:01:09+00:00,2,App crash,App bị crash trên ios 15.8.5,6.4,mvs.495,,,,,,vn,,,unprefixed_legacy_raw_responses|xml|default|page=3;vn_prefixed_raw_responses|xml|default|page=3;vn_prefixed_raw_responses|xml|mostrecent|page=3,raw_responses/page_03_default.xml;raw_responses/vn_page_03_default.xml;raw_responses/vn_page_03_mostrecent.xml,,0,0
13683768965,App Store,2026-01-28T02:17:40+00:00,1,Chất lượng dịch vụ rất tệ và máy móc,"Chất lượng dịch vụ rất tệ và máy móc (cập nhật CCCD 3 lần không được và không hề có nhân sự hỗ trợ, sử dụng chức năng Hỗ trợ trong App cũng không được)",6.4,Minh 27pcl,,,,,,vn,,,unprefixed_legacy_raw_responses|xml|default|page=3;vn_prefixed_raw_responses|xml|default|page=3;vn_prefixed_raw_responses|xml|mostrecent|page=3,raw_responses/page_03_default.xml;raw_responses/vn_page_03_default.xml;raw_responses/vn_page_03_mostrecent.xml,,0,0
13681511706,App Store,2026-01-27T12:51:01+00:00,1,K xác nhận được khuôn mặt,"Cả buổi tối k xác nhận được khuôn mặt bực cả mình
Người ta canh góc nhìn thẳng vào cam rồi. Chỉnh rất nhiều lần vẫn k xác nhận đc",6.4,352276,,,,,,vn,,,unprefixed_legacy_raw_responses|xml|default|page=3;vn_prefixed_raw_responses|xml|default|page=3;vn_prefixed_raw_responses|xml|mostrecent|page=3,raw_responses/page_03_default.xml;raw_responses/vn_page_03_default.xml;raw_responses/vn_page_03_mostrecent.xml,,0,0
13680993301,App Store,2026-01-27T09:43:50+00:00,3,TCBS version 6.4 crash trên Iphone 12 ios 16.7.2,Sau khi cập nhật bản mới nhất 6.4 thì không thể mở được app TCBS.,6.4,kazanista,,,,,,vn,,,unprefixed_legacy_raw_responses|xml|default|page=3;vn_prefixed_raw_responses|xml|default|page=3;vn_prefixed_raw_responses|xml|mostrecent|page=3,raw_responses/page_03_default.xml;raw_responses/vn_page_03_default.xml;raw_responses/vn_page_03_mostrecent.xml,,0,0
13634622324,App Store,2026-01-15T01:36:41+00:00,1,App siêu tệ,"App thường xuyên treo, lag đặc biệt khi thị trường biến động. Anh em xài sẽ thấy cảnh muốn mua ko được, muốn bán không xong. Khi hết lag thì mọi chuyện đã qua, thiệt hại lớn lắm.",6.3,zzkaka1986,,,,,,vn,,,unprefixed_legacy_raw_responses|xml|default|page=3;vn_prefixed_raw_responses|xml|default|page=3;vn_prefixed_raw_responses|xml|mostrecent|page=3,raw_responses/page_03_default.xml;raw_responses/vn_page_03_default.xml;raw_responses/vn_page_03_mostrecent.xml,,0,0
13631386662,App Store,2026-01-14T05:26:43+00:00,3,cần nâng cấp hơn nữa,"trong những ngày biến động thường treo lệnh, biểu đồ load không nổi",6.3,JemmyDo,,,,,,vn,,,unprefixed_legacy_raw_responses|xml|default|page=3;vn_prefixed_raw_responses|xml|default|page=3;vn_prefixed_raw_responses|xml|mostrecent|page=3,raw_responses/page_03_default.xml;raw_responses/vn_page_03_default.xml;raw_responses/vn_page_03_mostrecent.xml,,0,0
13631009444,App Store,2026-01-14T02:33:24+00:00,1,Rủi ro cao,"Rating app cao thì chắc là do mua, lỗi app thì liên tục mà xử lí lỗi thì lâu, gọi điện AI trả lời, hậu quả thì ndt chịu",6.3,Vhducc,,,,,,vn,,,unprefixed_legacy_raw_responses|xml|default|page=3;vn_prefixed_raw_responses|xml|default|page=3;vn_prefixed_raw_responses|xml|mostrecent|page=3,raw_responses/page_03_default.xml;raw_responses/vn_page_03_default.xml;raw_responses/vn_page_03_mostrecent.xml,,0,0
13630970402,App Store,2026-01-14T02:16:49+00:00,1,Hệ thống đặt lệnh hay bị đơ,Hệ thống đặt lệnh hay bị đơ,6.3,herot123,,,,,,vn,,,unprefixed_legacy_raw_responses|xml|default|page=3;vn_prefixed_raw_responses|xml|default|page=3;vn_prefixed_raw_responses|xml|mostrecent|page=3,raw_responses/page_03_default.xml;raw_responses/vn_page_03_default.xml;raw_responses/vn_page_03_mostrecent.xml,,0,0
13630959308,App Store,2026-01-14T02:12:13+00:00,1,Orders not reaching the Exchange,"Please inspect, fix, and upgrade the App immediately",6.3,Tobie Ngo,,,,,,vn,,,unprefixed_legacy_raw_responses|xml|default|page=3;vn_prefixed_raw_responses|xml|default|page=3;vn_prefixed_raw_responses|xml|mostrecent|page=3,raw_responses/page_03_default.xml;raw_responses/vn_page_03_default.xml;raw_responses/vn_page_03_mostrecent.xml,,0,0
13630959017,App Store,2026-01-14T02:12:06+00:00,1,App lỗi ko giao dịch dc,Nghĩ sao 10h sáng đặt lệnh ko cho khớp ko cho sửa ko cho huỷ? App lớn mà lỗi vậy? Đừng dùng app này mn ơi,6.3,Lew2929,,,,,,vn,,,unprefixed_legacy_raw_responses|xml|default|page=3;vn_prefixed_raw_responses|xml|default|page=3;vn_prefixed_raw_responses|xml|mostrecent|page=3,raw_responses/page_03_default.xml;raw_responses/vn_page_03_default.xml;raw_responses/vn_page_03_mostrecent.xml,,0,0
13630951162,App Store,2026-01-14T02:08:50+00:00,1,Lỗi,App rất hay lỗi nhé. Lúc cần huỷ lệnh sửa giá là không làm được. Hỏi nhân viên báo là hệ thống đang cập nhật gì đó. Lỡ giờ để mua bán khi giá tăng hay tụt đột ngột. Ndt cân nhắc khi dùng :))),6.3,Tômmi123,,,,,,vn,,,unprefixed_legacy_raw_responses|xml|default|page=3;vn_prefixed_raw_responses|xml|default|page=3;vn_prefixed_raw_responses|xml|mostrecent|page=3,raw_responses/page_03_default.xml;raw_responses/vn_page_03_default.xml;raw_responses/vn_page_03_mostrecent.xml,,0,0
13630948771,App Store,2026-01-14T02:07:52+00:00,1,Lỗi ai chịu,"Đang lỗi không giao dịch được, hãy sử lý và có lời giải thích thoả đáng. Lỗi hơn 1 tiếng chưa có trả lời khách hàng",6.3,Jangfonggun,,,,,,vn,,,unprefixed_legacy_raw_responses|xml|default|page=3;vn_prefixed_raw_responses|xml|default|page=3;vn_prefixed_raw_responses|xml|mostrecent|page=3,raw_responses/page_03_default.xml;raw_responses/vn_page_03_default.xml;raw_responses/vn_page_03_mostrecent.xml,,0,0
13630947432,App Store,2026-01-14T02:07:18+00:00,1,App lỗi,"App lỗi sửa lệnh cả buổi sáng mãi không xong, ảnh hưởng tới giao dịch của khách hàng",6.3,anhtuan999999,,,,,,vn,,,unprefixed_legacy_raw_responses|xml|default|page=3;vn_prefixed_raw_responses|xml|default|page=3;vn_prefixed_raw_responses|xml|mostrecent|page=3,raw_responses/page_03_default.xml;raw_responses/vn_page_03_default.xml;raw_responses/vn_page_03_mostrecent.xml,,0,0
13630945627,App Store,2026-01-14T02:06:35+00:00,2,Update giờ tào lao,Đến giờ giao dịch thì lỗi ko đặt lệnh hay xoá sửa được. Hệ thống thì nói cập nhật dữ liệu nên bị lỗi. Có thằng nào làm Tech mà giờ đang chạy đi update dữ liệu ko,6.3,Xingau2014,,,,,,vn,,,unprefixed_legacy_raw_responses|xml|default|page=3;vn_prefixed_raw_responses|xml|default|page=3;vn_prefixed_raw_responses|xml|mostrecent|page=3,raw_responses/page_03_default.xml;raw_responses/vn_page_03_default.xml;raw_responses/vn_page_03_mostrecent.xml,,0,0
13630943735,App Store,2026-01-14T02:05:46+00:00,1,Cập nhật hệ thống trong phiên giao dịch dẫn đến lỗi không giao dịch được?!?,"Đặt lệnh mua bán trong phiên nhưng trạng thái giao dịch chỉ là ""đã đặt"", không chuyển qua ""chờ khớp""? Không sửa, huỷ lệnh được!?! Quá tệ",6.3,Haley4191,,,,,,vn,,,unprefixed_legacy_raw_responses|xml|default|page=3;vn_prefixed_raw_responses|xml|default|page=3;vn_prefixed_raw_responses|xml|mostrecent|page=3,raw_responses/page_03_default.xml;raw_responses/vn_page_03_default.xml;raw_responses/vn_page_03_mostrecent.xml,,0,0
13630942957,App Store,2026-01-14T02:05:27+00:00,1,App lỗi,"App lỗi, từ sáng tới giờ đặt xong không khớp cũng không sửa được lệnh",6.3,Mecuu14,,,,,,vn,,,unprefixed_legacy_raw_responses|xml|default|page=3;vn_prefixed_raw_responses|xml|default|page=3;vn_prefixed_raw_responses|xml|mostrecent|page=3,raw_responses/page_03_default.xml;raw_responses/vn_page_03_default.xml;raw_responses/vn_page_03_mostrecent.xml,,0,0
13630935825,App Store,2026-01-14T02:02:31+00:00,1,Đơ lag,"9h30 ngày 14/1 đơ lag đặt lệnh ko mua ko được, huỷ ko được.",6.3,Han chung do,,,,,,vn,,,unprefixed_legacy_raw_responses|xml|default|page=3;vn_prefixed_raw_responses|xml|default|page=3;vn_prefixed_raw_responses|xml|mostrecent|page=3,raw_responses/page_03_default.xml;raw_responses/vn_page_03_default.xml;raw_responses/vn_page_03_mostrecent.xml,,0,0
13630920900,App Store,2026-01-14T01:56:20+00:00,1,đừng mở tài khoản TCBS,"app lỗi cực kỳ, thích là ngắt kết nối giao dịch, không đặt huỷ lệnh được. nếu thị trường có rơi tự do cũng không thể xử lý tài sản liền được. Thiệt hại do app bị treo là rất lớn. Quảng cáo là app có công nghệ số 1, nhưng treo giao dịch rất thường xuyên.",6.3,MinhBooo,,,,,,vn,,,unprefixed_legacy_raw_responses|xml|default|page=3;vn_prefixed_raw_responses|xml|default|page=3;vn_prefixed_raw_responses|xml|mostrecent|page=3,raw_responses/page_03_default.xml;raw_responses/vn_page_03_default.xml;raw_responses/vn_page_03_mostrecent.xml,,0,0
13630917569,App Store,2026-01-14T01:54:58+00:00,1,Tệ hại,"Ứng dụng tệ hại, cứ treo lệnh không bán được gây thiệt hại lớn cho nđt",6.3,Cá mập chamecon,,,,,,vn,,,unprefixed_legacy_raw_responses|xml|default|page=3;vn_prefixed_raw_responses|xml|default|page=3;vn_prefixed_raw_responses|xml|mostrecent|page=3,raw_responses/page_03_default.xml;raw_responses/vn_page_03_default.xml;raw_responses/vn_page_03_mostrecent.xml,,0,0
13630882706,App Store,2026-01-14T01:40:48+00:00,1,App lỗi trong phiên giao dịch quan trọng,"Mọi người cân nhắc đừng dùng của bọn này, lúc quan trọng hay có biến là nó lỗi đúng lúc, làm thiệt hại bao nhiêu tiền của khách",6.3,at847473,,,,,,vn,,,unprefixed_legacy_raw_responses|xml|default|page=3;vn_prefixed_raw_responses|xml|default|page=3;vn_prefixed_raw_responses|xml|mostrecent|page=3,raw_responses/page_03_default.xml;raw_responses/vn_page_03_default.xml;raw_responses/vn_page_03_mostrecent.xml,,0,0
13630861870,App Store,2026-01-14T01:32:26+00:00,3,Trung bình,"App hay đơ lag
Nhiều lúc đặt lệnh xong k huỷ được",6.3,Trongtinh.gt,,,,,,vn,,,unprefixed_legacy_raw_responses|xml|default|page=3;vn_prefixed_raw_responses|xml|default|page=3;vn_prefixed_raw_responses|xml|mostrecent|page=3,raw_responses/page_03_default.xml;raw_responses/vn_page_03_default.xml;raw_responses/vn_page_03_mostrecent.xml,,0,0
13628373156,App Store,2026-01-13T10:50:01+00:00,1,Giao diện xấu,"App giao diện xấu, rất khó hiểu, quy trình đăng nhập rườm rà gây  trải nghiệm người dùng ko tốt. Nên thuê UX designer xây lại app giống app Techcombank",6.3,katievu__,,,,,,vn,,,unprefixed_legacy_raw_responses|xml|default|page=3;vn_prefixed_raw_responses|xml|default|page=3;vn_prefixed_raw_responses|xml|mostrecent|page=3,raw_responses/page_03_default.xml;raw_responses/vn_page_03_default.xml;raw_responses/vn_page_03_mostrecent.xml,,0,0
13628052342,App Store,2026-01-13T08:36:06+00:00,1,Update cccd với ngày issue trên TCInvest,"Flow trên app quá phức tạp, tôi đã update hơn 3 lần request + làm việc liên tục với CSKH về việc update cccd nhưng mất 2 ngày làm việc và 3 clip request vẫn không thể xử lý được việc update cccd. 

Issue là :
1. Làm chụp hình theo app thì KHÔNG CÓ up hình thông tin cccd cũ => CSKH thì gửi bảng hướng dẫn không khớp với thực tế trên app TC Invest
2. Làm up hình theo app thì service bên em từ chối màu tụi em TỰ QUY ĐỊNH ĐÓ KHÔNG PHẢI MÀU SCAN - TRONG KHI ĐÓ LÀ BẢN SCAN =>>> CSKH từ chối bảo là k phải bản scan, TCInvest dựa trên yếu tố gì bảo không phải bản scan ??!!!",6.3,Nga dao,,,,,,vn,,,unprefixed_legacy_raw_responses|xml|default|page=3;vn_prefixed_raw_responses|xml|default|page=3;vn_prefixed_raw_responses|xml|mostrecent|page=3,raw_responses/page_03_default.xml;raw_responses/vn_page_03_default.xml;raw_responses/vn_page_03_mostrecent.xml,,0,0
13612239839,App Store,2026-01-09T07:25:49+00:00,1,"Lỗi , đơ giật khi sử dụng rất nhiều",Toàn lỗi không giao dịch được ... Thiệt hại lại là nhà đầu từ chịu,6.3,bố tuấn đó,,,,,,vn,,,unprefixed_legacy_raw_responses|xml|default|page=3;vn_prefixed_raw_responses|xml|default|page=3;vn_prefixed_raw_responses|xml|mostrecent|page=3,raw_responses/page_03_default.xml;raw_responses/vn_page_03_default.xml;raw_responses/vn_page_03_mostrecent.xml,,0,0
13593563203,App Store,2026-01-04T12:21:03+00:00,1,Zero fee but low quality,"2025 rồi mà còn để performance issue xảy ra ngay trên production khiến bao nhiêu khách ko đặt lệnh mua hay bán gì được
Quá là thảm hại!!",6.3,Người dùng sợ rác,,,,,,vn,,,unprefixed_legacy_raw_responses|xml|default|page=3;vn_prefixed_raw_responses|xml|default|page=3;vn_prefixed_raw_responses|xml|mostrecent|page=3,raw_responses/page_03_default.xml;raw_responses/vn_page_03_default.xml;raw_responses/vn_page_03_mostrecent.xml,,0,0
13572173414,App Store,2025-12-30T08:22:52+00:00,1,Thái độ nhân viên,Thái độ nhân viên chăm sóc khách hàng quá tệ,6.3,ATTH11,,,,,,vn,,,unprefixed_legacy_raw_responses|xml|default|page=3;vn_prefixed_raw_responses|xml|default|page=3;vn_prefixed_raw_responses|xml|mostrecent|page=3,raw_responses/page_03_default.xml;raw_responses/vn_page_03_default.xml;raw_responses/vn_page_03_mostrecent.xml,,0,0
13572114993,App Store,2025-12-30T07:57:23+00:00,1,Tư duy có vấn đề,"Phần nộp tiền vào mà khắt khe việc xác minh, ko hiểu lí do để làm gì",6.3,David Nguyen VN,,,,,,vn,,,unprefixed_legacy_raw_responses|xml|default|page=3;vn_prefixed_raw_responses|xml|default|page=3;vn_prefixed_raw_responses|xml|mostrecent|page=3,raw_responses/page_03_default.xml;raw_responses/vn_page_03_default.xml;raw_responses/vn_page_03_mostrecent.xml,,0,0
13549003693,App Store,2025-12-24T07:45:54+00:00,3,Chất lượng tạm ổn,"App kiểu all in one, giao dịch cổ phiếu, trái phiếu, chứng chỉ quỹ.. đầy đủ nhưng khá là lag, khiến người dùng đôi lúc khá bực mình",6.3,Misr02,,,,,,vn,,,unprefixed_legacy_raw_responses|xml|default|page=3;vn_prefixed_raw_responses|xml|default|page=3;vn_prefixed_raw_responses|xml|mostrecent|page=3,raw_responses/page_03_default.xml;raw_responses/vn_page_03_default.xml;raw_responses/vn_page_03_mostrecent.xml,,0,0
13541334311,App Store,2025-12-22T05:37:14+00:00,2,Khó dùng,App siêu khó dùng so với các app chứng khoán khác. Giao diện chán không thuận tiện. Lúc đặt lệnh mua cổ phiếu không nhìn được giá trần và giá sàn ở đâu!!!,6.3,Alig@t0r,,,,,,vn,,,unprefixed_legacy_raw_responses|xml|default|page=3;vn_prefixed_raw_responses|xml|default|page=3;vn_prefixed_raw_responses|xml|mostrecent|page=3,raw_responses/page_03_default.xml;raw_responses/vn_page_03_default.xml;raw_responses/vn_page_03_mostrecent.xml,,0,0
13534569635,App Store,2025-12-20T11:10:48+00:00,5,Miễn phí giao dịch,Quá đã khi đc miễn phí gd ko mất đồng nào trong khi các cty khác thu của kh từ 0.1% đến 0.3% phí gd quá cao. App cực kì hiện đại công nghệ trang bị tận răng. Wowww ko thể tin đc xứng đáng 1 cty ck đầu ngành,6.3,Lếu lều Bíu bìu,,,,,,vn,,,unprefixed_legacy_raw_responses|xml|default|page=3;vn_prefixed_raw_responses|xml|default|page=3;vn_prefixed_raw_responses|xml|mostrecent|page=3,raw_responses/page_03_default.xml;raw_responses/vn_page_03_default.xml;raw_responses/vn_page_03_mostrecent.xml,,0,0
13503906778,App Store,2025-12-12T07:00:27+00:00,1,"App rối mắt, phức tạp, lag, khó sử dụng, ngu","App rối mắt, phức tạp, lag, khó sử dụng, ngu",6.2,Đại La Chí Tôn,,,,,,vn,,,unprefixed_legacy_raw_responses|xml|default|page=3;vn_prefixed_raw_responses|xml|default|page=3;vn_prefixed_raw_responses|xml|mostrecent|page=3,raw_responses/page_03_default.xml;raw_responses/vn_page_03_default.xml;raw_responses/vn_page_03_mostrecent.xml,,0,0
13500073382,App Store,2025-12-11T05:23:18+00:00,2,Biểu đồ kỹ thuật,Biểu đồ kỹ thuật chỉ cho xem theo hình dọc hoặc quay ngang thì không được full màn xem rất khó chịu. TCBS khắc phục thêm quả này nữa thì ngon,6.2,☆PɦαмLυαη☆,,,,,,vn,,,unprefixed_legacy_raw_responses|xml|default|page=3;vn_prefixed_raw_responses|xml|default|page=3;vn_prefixed_raw_responses|xml|mostrecent|page=3,raw_responses/page_03_default.xml;raw_responses/vn_page_03_default.xml;raw_responses/vn_page_03_mostrecent.xml,,0,0
13476352525,App Store,2025-12-05T02:47:55+00:00,2,khi nào cần bán là nó đơ và k vào đc app,"app đơ, trừ tiền ko minh bạch gọi tổng đài thì toàn Ai nói chuyện, đẩy sang chát zalo face cũng dí AI trả lời",6.2,tom1natsa,,,,,,vn,,,unprefixed_legacy_raw_responses|xml|default|page=3;vn_prefixed_raw_responses|xml|default|page=3;vn_prefixed_raw_responses|xml|mostrecent|page=3,raw_responses/page_03_default.xml;raw_responses/vn_page_03_default.xml;raw_responses/vn_page_03_mostrecent.xml,,0,0
13446154783,App Store,2025-11-27T08:07:22+00:00,4,app tốt nhưng …,"chi phí rẻ, nhiều tính năng ( nhiều quá hơi rối), dễ sử dụng trên cả PC + mobile. 
Nhưng:
Đội ngũ phân tích thị trường khá tệ. Có gửi mail nêu chi tiết + quyết định tham khảo vài cổ phiếu nhưng y như là qua ngày sau thị trường đi ngược lại.",6.2,guúet2833,,,,,,vn,,,unprefixed_legacy_raw_responses|xml|default|page=3;vn_prefixed_raw_responses|xml|default|page=3;vn_prefixed_raw_responses|xml|mostrecent|page=3,raw_responses/page_03_default.xml;raw_responses/vn_page_03_default.xml;raw_responses/vn_page_03_mostrecent.xml,,0,0
13445903889,App Store,2025-11-27T06:07:30+00:00,1,"Hỗ trợ AI quá kém, không giải quyết được vấn đề",Bộ phận hỗ trợ là AI hoạt động không hiệu quả. Chỉ dẫn theo các link có sẵn nhưng vẫn không giải quyết được vấn đề.,6.2,AnhD_123,,,,,,vn,,,unprefixed_legacy_raw_responses|xml|default|page=3;vn_prefixed_raw_responses|xml|default|page=3;vn_prefixed_raw_responses|xml|mostrecent|page=3,raw_responses/page_03_default.xml;raw_responses/vn_page_03_default.xml;raw_responses/vn_page_03_mostrecent.xml,,0,0
13416185136,App Store,2025-11-19T10:42:48+00:00,1,Lừa đảo,Cẩn thận mất tiền nhé mn,6.2,Bzbxhshxhsu,,,,,,vn,,,unprefixed_legacy_raw_responses|xml|default|page=3;vn_prefixed_raw_responses|xml|default|page=3;vn_prefixed_raw_responses|xml|mostrecent|page=3,raw_responses/page_03_default.xml;raw_responses/vn_page_03_default.xml;raw_responses/vn_page_03_mostrecent.xml,,0,0
13411715829,App Store,2025-11-18T05:22:54+00:00,1,App,App tài chính mà văng miết,6.1,Lêna2025,,,,,,vn,,,unprefixed_legacy_raw_responses|xml|default|page=3;vn_prefixed_raw_responses|xml|default|page=3;vn_prefixed_raw_responses|xml|mostrecent|page=3,raw_responses/page_03_default.xml;raw_responses/vn_page_03_default.xml;raw_responses/vn_page_03_mostrecent.xml,,0,0
13388783260,App Store,2025-11-12T12:53:27+00:00,5,Trải nghiệm người dùng,"Giao diện rất dễ hiểu, dễ dùng. Có các tính năng chatbot rất tiện lợi 😍",6.1,Chơmxinh,,,,,,vn,,,unprefixed_legacy_raw_responses|xml|default|page=3;vn_prefixed_raw_responses|xml|default|page=3;vn_prefixed_raw_responses|xml|mostrecent|page=3,raw_responses/page_03_default.xml;raw_responses/vn_page_03_default.xml;raw_responses/vn_page_03_mostrecent.xml,,0,0
13387339116,App Store,2025-11-12T03:35:25+00:00,5,Review về App tcbs,"Các tính năng trên App rất đa dạng phong phú và giúp ích rất nhiều cho người dùng, đặc biệt áp dụng AI để cung cấp những insights giúp nhà đầu tư có đủ thông tin để đưa ra quyết định đầu tư hợp lý",6.1,Tungts3,,,,,,vn,,,unprefixed_legacy_raw_responses|xml|default|page=3;vn_prefixed_raw_responses|xml|default|page=3;vn_prefixed_raw_responses|xml|mostrecent|page=3,raw_responses/page_03_default.xml;raw_responses/vn_page_03_default.xml;raw_responses/vn_page_03_mostrecent.xml,,0,0
13383696543,App Store,2025-11-11T06:52:09+00:00,5,Tin dùng 5 năm,"Đồng hành với TCBS từ ngày đầu vì hệ sinh thái với TCB, đa dạng tính năng cho KH chủ động lựa chọn giao dịch. Tới nay vẫn tin tưởng và đồng hành cùng công ty bởi chính sách cập nhật, tính năng cải tiến liên tục và đi đầu ứng dụng công nghệ mới. 
Hi vọng sau khi lên nền tảng giao dịch tiền số công ty sẽ khẳng định thế mạnh hơn nữa! 💖",6.1,XX-Trader,,,,,,vn,,,unprefixed_legacy_raw_responses|xml|default|page=3;vn_prefixed_raw_responses|xml|default|page=3;vn_prefixed_raw_responses|xml|mostrecent|page=3,raw_responses/page_03_default.xml;raw_responses/vn_page_03_default.xml;raw_responses/vn_page_03_mostrecent.xml,,0,0
13379715404,App Store,2025-11-10T07:32:13+00:00,5,Trải nghiệm tính năng,"App đỉnh cao thật sự. Giao diện đẹp, chuyển tiền nhanh, đầu tư chứng khoáng chỉ 3s là xong",6.1,Lylt33,,,,,,vn,,,unprefixed_legacy_raw_responses|xml|default|page=3;vn_prefixed_raw_responses|xml|default|page=3;vn_prefixed_raw_responses|xml|mostrecent|page=3,raw_responses/page_03_default.xml;raw_responses/vn_page_03_default.xml;raw_responses/vn_page_03_mostrecent.xml,,0,0
13379249960,App Store,2025-11-10T04:02:44+00:00,1,UI/UX tệ,"Giao diện rất khó sử dụng, đặt lệnh mất nhiều bước hơn các app khác. Nên học theo giao diện tối giản như ssi",6.1,Nsnzbbz,,,,,,vn,,,unprefixed_legacy_raw_responses|xml|default|page=3;vn_prefixed_raw_responses|xml|default|page=3;vn_prefixed_raw_responses|xml|mostrecent|page=3,raw_responses/page_03_default.xml;raw_responses/vn_page_03_default.xml;raw_responses/vn_page_03_mostrecent.xml,,0,0
13362364103,App Store,2025-11-06T04:33:40+00:00,5,Best Investment app in Vietnam,"Very easy to use, tons of features and rewards all the time. This App helps me manage my investment like no other.",6.1,Kim Cuong Vu,,,,,,vn,,,unprefixed_legacy_raw_responses|xml|default|page=3;vn_prefixed_raw_responses|xml|default|page=3;vn_prefixed_raw_responses|xml|mostrecent|page=3,raw_responses/page_03_default.xml;raw_responses/vn_page_03_default.xml;raw_responses/vn_page_03_mostrecent.xml,,0,0
13358337331,App Store,2025-11-05T05:11:12+00:00,5,Tốt,Trải nghiệm đầu tư tuyệt vời,6.1,123875475647,,,,,,vn,,,unprefixed_legacy_raw_responses|xml|default|page=3;vn_prefixed_raw_responses|xml|default|page=3;vn_prefixed_raw_responses|xml|mostrecent|page=3,raw_responses/page_03_default.xml;raw_responses/vn_page_03_default.xml;raw_responses/vn_page_03_mostrecent.xml,,0,0
13358137009,App Store,2025-11-05T03:39:52+00:00,1,Lỗi chuyển tiền,Chuyển tiền nhìu lần không được,6.1,DanhPhm,,,,,,vn,,,legacy_raw_json|json|mostrecent|page=4,raw_json/page_04.json,,0,0
13332105950,App Store,2025-10-30T04:11:36+00:00,1,Lỗi bị xoá chart,Nhắn hỗ trợ r mà chưa dc. Vẽ 1 2 hôm là bị xoá.,6.1,sơn3357,,,,,,vn,,,legacy_raw_json|json|mostrecent|page=4,raw_json/page_04.json,,0,0
13306623450,App Store,2025-10-24T06:33:56+00:00,1,càng ngày càng rối,"rối rắm khó khăn, tạo cái lệnh định kỳ quỹ cũng không cho",6.1,carolyngp,,,,,,vn,,,legacy_raw_json|json|mostrecent|page=4,raw_json/page_04.json,,0,0
13301878527,App Store,2025-10-23T02:17:58+00:00,5,Mac !!!!!!!!!!!!!!!!,Máy mac app vào không được nhé !,6.1,Linhchikemkem,,,,,,vn,,,legacy_raw_json|json|mostrecent|page=4,raw_json/page_04.json,,0,0
13295667287,App Store,2025-10-21T15:06:08+00:00,3,"Quá phức tạp một cách không cần thiết, rối","App nhiều tính năng, tốt, nhưng sắp xếp quá phức tạp một cách không cần thiết, rối. Cần làm cho đơn giản bớt. Một chức năng không cần phải xuất hiện ở nhiều nơi khác nhau.",6.1,VPN grand master,,,,,,vn,,,legacy_raw_json|json|mostrecent|page=4,raw_json/page_04.json,,0,0
13290348242,App Store,2025-10-20T10:02:17+00:00,1,Không mua bán được trên TC Invest,"Ngày 20/10/2025 thị trường có phiên giảm sâu kỷ lục hơn 94 điểm, nhưng tôi không thể mua bán cổ phiếu trên app làm danh mục của tôi lỗ nặng do không thể mua để DCA",6.1,HNam9488,,,,,,vn,,,legacy_raw_json|json|mostrecent|page=4,raw_json/page_04.json,,0,0
13290082792,App Store,2025-10-20T08:29:13+00:00,1,App quá lag,"App quá lagg, ko chấp nhận nổi, bày đặt đòi wealth tech nhưng app lag lòi mà bày đặt, xem lại căn bản đã",6.1,Nhân viên TCB,,,,,,vn,,,legacy_raw_json|json|mostrecent|page=4,raw_json/page_04.json,,0,0
13290030950,App Store,2025-10-20T08:11:22+00:00,1,Chưa thấy cái app nào tệ như cái app này,Lần đầu có cái app tệ đến mức mình phải lên app store đánh giá 1 sao. Cứ khi nào thị trường có biến lớn là app bị ngu ko load đc. Mấy lần r chứ ko phải một lần. Mất tiền oan mất lần chỉ vì cái app.,6.1,Bíbhkdhe,,,,,,vn,,,legacy_raw_json|json|mostrecent|page=4,raw_json/page_04.json,,0,0
13289538564,App Store,2025-10-20T04:46:23+00:00,1,Lỗi hệ thống,Ngày 20/10 hệ thống trễ quá lớn. Ảnh hưởng nghiêm trong trong giao dịch phái Sinh,6.1,asusdellhp,,,,,,vn,,,legacy_raw_json|json|mostrecent|page=4,raw_json/page_04.json,,0,0
13280235898,App Store,2025-10-18T01:03:35+00:00,1,Load giá quá chậm,Load giá quá chậm đáng 1 sao. Mấy thằng làm app ngu hay sao,6.1,Mr bravia,,,,,,vn,,,legacy_raw_json|json|mostrecent|page=4,raw_json/page_04.json,,0,0
13276981462,App Store,2025-10-17T07:44:07+00:00,1,App thường xuyên treo lúc cần bán,Tệ,6.1,TTungwwđ,,,,,,vn,,,legacy_raw_json|json|mostrecent|page=4,raw_json/page_04.json,,0,0
13272131452,App Store,2025-10-16T03:02:59+00:00,1,Đen màn hình,"Đến giờ giao dịch, app lag ko xem được gì. Đen thui.",6.1,Mit16899,,,,,,vn,,,legacy_raw_json|json|mostrecent|page=4,raw_json/page_04.json,,0,0
13247396302,App Store,2025-10-10T08:30:34+00:00,1,Cskh,Dịch vụ hỗ trợ khách hàng tệ,6.1,Xian.B,,,,,,vn,,,legacy_raw_json|json|mostrecent|page=4,raw_json/page_04.json,,0,0
13243002599,App Store,2025-10-09T07:17:22+00:00,1,"App rối nhất trong các app ck. Khó sử dụng k trực quan,  hiện thị nhiều thông tin k cần thiết","K có % tăng giảm các mã ở bảng giá, Khó sử dụng k trực quan, Hiển thị nhiều thông tin k cần thiết, khi mua bán cp k hiển thị 3 mức giá mua bán gần nhất rất khó mua bán được giá tốt",6.1,Nđt1990,,,,,,vn,,,legacy_raw_json|json|mostrecent|page=4,raw_json/page_04.json,,0,0
13230058357,App Store,2025-10-06T06:04:14+00:00,1,Tư vấn rất kém,Có vấn đề cần tư vấn gọi tổng đài ko bao giờ có ai nhấc máy và tư vấn . Toàn máy bận,6.1,ram2153,,,,,,vn,,,legacy_raw_json|json|mostrecent|page=4,raw_json/page_04.json,,0,0
13216345199,App Store,2025-10-03T03:16:23+00:00,2,"App cồng kềnh, phức tạp nhưng chưa tốt","App mới (hiện T10/2025) rất nhiều tính năng nhưng đa số không hữu dụng cho NĐT đọc lập, nên rất cồng kềnh. Chức năng vào lệnh (Mua/Bán) rất quan trọng, nhưng giao diện KHÔNG thể hiện các bước giá, không thấy giá SÀN / TRẦN,  cực kỳ khó đặt. 
Phông chữ nhỏ do phải nhồi nhét quá nhiều nội dung. Tính năng lọc cổ phiếu phức tạp khó xài chưa được như kỳ vọng
Mong nhà phát triển nghiên cứu. 
Rất cảm ơn ạ.",6.1,jbs1080,,,,,,vn,,,legacy_raw_json|json|mostrecent|page=4,raw_json/page_04.json,,0,0
13177936096,App Store,2025-09-24T10:12:36+00:00,1,Trải nghiệm cập nhật thay đổi CCCD tệ,"Popup yêu cầu thay đổi hiện lên liên tục, lúc qua bước khác cũng không lưu lại, user bấm nhầm một cái là phải làm lại từ đầu. 
Yêu cầu không duyệt kĩ đã từ chối, đã vậy không cho cập nhật/khiếu nại trên yêu cầu cũ mà bắt tạo yêu cầu mới.",6.1,nghong,,,,,,vn,,,legacy_raw_json|json|mostrecent|page=4,raw_json/page_04.json,,0,0
13172558353,App Store,2025-09-23T02:31:53+00:00,1,Công ty làm việc vô trách nhiệm,"Lãi magrin top cao nhất cty chứng khoán, có sự cố kg thể gọi cho nhân viên cskh mà chỉ qua con nhỏ Ai nói khùng điên, tính tiền qua đêm lừa đảo gian dối. Tư vấn vòng vo",6.1,Arry Do,,,,,,vn,,,legacy_raw_json|json|mostrecent|page=4,raw_json/page_04.json,,0,0
13151606169,App Store,2025-09-18T07:14:31+00:00,3,App,App đơ đơ giao dịch rất khó chịu,6.1,lfwghshdj,,,,,,vn,,,legacy_raw_json|json|mostrecent|page=4,raw_json/page_04.json,,0,0
13146645363,App Store,2025-09-17T01:43:24+00:00,2,Quá nhiều bugs,"Trời ơi đây là cái app nhiều bugs nhất mà tôi từng sử dụng, cảm giác như chạm vào đâu cũng có thể bugs vậy",6.1,Phong.cv,,,,,,vn,,,legacy_raw_json|json|mostrecent|page=4,raw_json/page_04.json,,0,0
13112614932,App Store,2025-09-08T08:26:41+00:00,1,App tệ,Không thể hiểu dc cách sử dụng app này luôn,6.1,);₫:827,,,,,,vn,,,legacy_raw_json|json|mostrecent|page=4,raw_json/page_04.json,,0,0
13101805426,App Store,2025-09-05T14:05:26+00:00,3,Bảng giá CW,"Muốn thêm vài mã chứng quyền trong danh mục để theo dõi bảng giá mà không có, chỉ thêm được mã cổ phiếu mà ko thêm được mã CW. Mong đội ngũ cập nhật",6.1,GaSaoTho,,,,,,vn,,,legacy_raw_json|json|mostrecent|page=4,raw_json/page_04.json,,0,0
13100499865,App Store,2025-09-05T06:10:38+00:00,3,Lỗi Mac air M1,"Mac Air M1 không mở được app, bị đứng ở splash screen",6.1,Leo Pham Minh Quan,,,,,,vn,,,legacy_raw_json|json|mostrecent|page=4,raw_json/page_04.json,,0,0
13096390346,App Store,2025-09-04T04:09:46+00:00,1,Bị lỗi,App bị lỗi mở ra khoảng 10s là app tự đóng,6.1,ndt1595,,,,,,vn,,,legacy_raw_json|json|mostrecent|page=4,raw_json/page_04.json,,0,0
13090389353,App Store,2025-09-02T14:38:41+00:00,2,Mở sổ lệnh khó,Mỗi lần mở sổ lệnh tôi gặp khó khăn.,6.1,Tồi tệ nhất từng có,,,,,,vn,,,legacy_raw_json|json|mostrecent|page=4,raw_json/page_04.json,,0,0
13070665657,App Store,2025-08-28T14:06:09+00:00,1,Hỗ trợ kém,"Hỗ trợ kém, nhân viên giải thích lung tung, tiền trừ linh tinh nhân viên không tính ra nổi.",6.0.2,lvb-:,,,,,,vn,,,legacy_raw_json|json|mostrecent|page=4,raw_json/page_04.json,,0,0
13068775356,App Store,2025-08-28T02:14:25+00:00,1,Còn cần cải thiện,"Đăng nhập trên XS Max lại hiện option vân tay, nghĩ nó chán",6.0.2,DucQA,,,,,,vn,,,legacy_raw_json|json|mostrecent|page=4,raw_json/page_04.json,,0,0
13065672412,App Store,2025-08-27T07:54:06+00:00,1,Chuyển tiền vào mất 1s,"Chuyển tiền ra khỏi hỏi đủ thứ, đừng có nói là ngoài giờ, 2h30 chiều mà ngoài giờ cái nỗi gì. 30p không chuyển tiền ra khỏi được. App này rất đểu mn cẩn thận. Tôi là ng dùng Tech 10 năm rồi k phải mới dùng nha. Mất time, thiếu chuyên nghiệp  , waste my time.",6.0.2,tameliza,,,,,,vn,,,legacy_raw_json|json|mostrecent|page=4,raw_json/page_04.json,,0,0
13048038499,App Store,2025-08-22T18:00:41+00:00,1,Tệ,"App giao diện rối rắm, rút tiền về ngân hàng mà cái nút chuyển xám xịt. Rồi bị giam tiền ở trỏng luôn",6.0.2,Veeraxi,,,,,,vn,,,legacy_raw_json|json|mostrecent|page=4,raw_json/page_04.json,,0,0
13042326473,App Store,2025-08-21T08:01:23+00:00,1,App bị đơ chậm,"App bị đơ, chậm, ko vào được, tính năng nào quay tít ko thực hiện được. Nói chung là ko ổn.",6.0.2,LaiLuong,,,,,,vn,,,legacy_raw_json|json|mostrecent|page=4,raw_json/page_04.json,,0,0
13031609527,App Store,2025-08-18T14:54:08+00:00,2,Chậm,Tổng kết cuối ngày với tiền có thể rút lỗi mãi không về,6.0.2,Vương1416,,,,,,vn,,,legacy_raw_json|json|mostrecent|page=4,raw_json/page_04.json,,0,0
13030216864,App Store,2025-08-18T07:03:31+00:00,1,Tắt cái cá mập thông thái đi hộ cái,Tắt cái cá mập thông thái đi hộ cái,6.0.2,cuong12345689,,,,,,vn,,,legacy_raw_json|json|mostrecent|page=4,raw_json/page_04.json,,0,0
13026595700,App Store,2025-08-17T09:40:27+00:00,2,Lỗi k xác thực được nhận diện mặt,Lỗi k xác thực được nhận diện mặt,6.0.2,cheng chivas,,,,,,vn,,,legacy_raw_json|json|mostrecent|page=4,raw_json/page_04.json,,0,0
13019034835,App Store,2025-08-15T12:49:36+00:00,3,UI UX,Giao diện và trải nghiệm chưa tốt,6.0.2,Adz2016jul,,,,,,vn,,,legacy_raw_json|json|mostrecent|page=4,raw_json/page_04.json,,0,0
13014069107,App Store,2025-08-14T08:51:40+00:00,1,lỗi chuyển tiền,k rút tiền dc,6.0.2,789 buồi trâu,,,,,,vn,,,legacy_raw_json|json|mostrecent|page=4,raw_json/page_04.json,,0,0
13013318242,App Store,2025-08-14T03:49:49+00:00,1,NẠP TIỀN,"Quá rườm rà phức tạp cho người dùng khi lần đầu trải nghiệm ứng dụng , tiền bắn vào TK đã làm thủ tục tra soát mà tới cả tuần tiền TK vẫn bằng 0 . Trải nghiệm lần đầu quá tệ , AI hỗ trợ nói luyên thuyên chả đâu vào đâu .",6.0.2,Tran Binh SSI,,,,,,vn,,,legacy_raw_json|json|mostrecent|page=4,raw_json/page_04.json,,0,0
13009066553,App Store,2025-08-13T02:43:28+00:00,3,Thêm tính năng mở khoá bằng khuôn mặt,Đến hiện tại mứoi có mở khoá bằng vân tay và mật khẩu. Bao giờ chúng tôi mới có chức năng khuôn mặt để mở khoá vậy???,6.0.2,kali Gió,,,,,,vn,,,legacy_raw_json|json|mostrecent|page=4,raw_json/page_04.json,,0,0
13001326203,App Store,2025-08-11T03:26:38+00:00,1,App quá ngu,Đặt mãi không khớp lệnh. Tính năng đặt lệnh cổ phiếu không chịu sửa. Lúc nào cũng lag. Load mãi không đc cái màn xác thực otp để mua với bán. Trải nghiệm quá tệ,6.0.2,Kevin-hn,,,,,,vn,,,legacy_raw_json|json|mostrecent|page=4,raw_json/page_04.json,,0,0
12976923711,App Store,2025-08-05T00:42:38+00:00,5,"App dễ sử dụng, giao dịch nhanh","Qua 2 năm sử dụng mình cảm thấy app khá dễ dùng bảo mật tốt.
Mọi người khi tạo acc nhập mã giới thiệu để được nhận quà nhé: 105CB75562",6.0,Bo Tâm 18,,,,,,vn,,,legacy_raw_json|json|mostrecent|page=4,raw_json/page_04.json,,0,0
12973916991,App Store,2025-08-04T07:41:35+00:00,1,k có quỹ dcds,số lượng quỹ giới hạn.,6.0,khong biet dat gi,,,,,,vn,,,legacy_raw_json|json|mostrecent|page=4,raw_json/page_04.json,,0,0
12970234816,App Store,2025-08-03T09:14:06+00:00,2,"Khó nhìn, app hay lỗi","Khó nhìn, khi xảy ra vẫn đề k liên hệ được chăm sóc khách hàng, xong giao dịch 1 cp vẫn ở quyền chờ",6.0,Anh han 99,,,,,,vn,,,legacy_raw_json|json|mostrecent|page=4,raw_json/page_04.json,,0,0
12967217625,App Store,2025-08-02T14:17:20+00:00,5,Chức năng đầu tư theo phong thủy,Mình và bạn hay dùng chức năng này nhưng các bản cập nhật mới mất rồi. App thêm lại được không?,6.0,Thaihienaly,,,,,,vn,,,legacy_raw_json|json|mostrecent|page=4,raw_json/page_04.json,,0,0
12964759767,App Store,2025-08-01T22:41:55+00:00,1,App gì mà lag lộn lên,1 điểm,6.0,Sói già phố Wall.,,,,,,vn,,,legacy_raw_json|json|mostrecent|page=4,raw_json/page_04.json,,0,0
12957364236,App Store,2025-07-31T04:25:20+00:00,1,Tệ,App nhiều lỗi,6.0,LEECUONG7777,,,,,,vn,,,legacy_raw_json|json|mostrecent|page=4,raw_json/page_04.json,,0,0
12956820659,App Store,2025-07-31T00:56:38+00:00,4,Cần thêm option điều chỉnh Font Size,Mọi thứ quá tốt. Nhưng tốt hơn nếu có option để tăng Font Size lên một chút. Hiện tại mọi thứ hơi nhỏ.,6.0,@loint8,,,,,,vn,,,legacy_raw_json|json|mostrecent|page=4;unprefixed_legacy_raw_responses|xml|mostHelpful|page=5,raw_json/page_04.json;raw_responses/page_05_mostHelpful.xml,,0,0
12949577008,App Store,2025-07-29T07:38:29+00:00,1,App lởm,"Thị trường giảm 70đ trên app vẫn cứ giảm 25đ, làm ăn như l",6.0,viet c,,,,,,vn,,,legacy_raw_json|json|mostrecent|page=4;unprefixed_legacy_raw_responses|xml|mostHelpful|page=5,raw_json/page_04.json;raw_responses/page_05_mostHelpful.xml,,0,0
12949107259,App Store,2025-07-29T04:15:08+00:00,1,lag chậm,"từ ngày có krx tôi dùng lệnh đi không được, lỗ tiền rất nhiều, sàn đi xuống quá",6.0,tanmanha5,,,,,,vn,,,legacy_raw_json|json|mostrecent|page=4;unprefixed_legacy_raw_responses|xml|mostHelpful|page=5,raw_json/page_04.json;raw_responses/page_05_mostHelpful.xml,,0,0
12917524601,App Store,2025-07-21T07:50:24+00:00,1,Tồi. Thua cả vps,"Thua vps. Khó dùng, vớ vẩn. 
Quân ăn cướp",6.0,chu kiet,,,,,,vn,,,legacy_raw_json|json|mostrecent|page=4;unprefixed_legacy_raw_responses|xml|mostHelpful|page=5,raw_json/page_04.json;raw_responses/page_05_mostHelpful.xml,,0,0
12906434654,App Store,2025-07-18T12:22:23+00:00,1,"App hay lag, rất dễ mất tiền oan do giao dịch mà bảng điểm không nhảy",Nên chuyển aapp khác mà chơi ae ạ,6.0,oh soo yeol,,,,,,vn,,,legacy_raw_json|json|mostrecent|page=4;unprefixed_legacy_raw_responses|xml|mostHelpful|page=5,raw_json/page_04.json;raw_responses/page_05_mostHelpful.xml,,0,0
12906141645,App Store,2025-07-18T10:45:00+00:00,1,Đăng ký tài khoản báo lỗi liên tục,"Iphone 16 chụp CCCD bổ sung 2-3 lần kêu mờ, không duyệt tài khoản, báo lỗi liên tục. Tạo có cái tài khoản cả tuần ko được",6.0,028!:&jsjs,,,,,,vn,,,legacy_raw_json|json|mostrecent|page=4;unprefixed_legacy_raw_responses|xml|mostHelpful|page=5,raw_json/page_04.json;raw_responses/page_05_mostHelpful.xml,,0,0
12901670031,App Store,2025-07-17T08:11:52+00:00,2,Góp ý cải thiện,"1. Giao diện:
- quá nhiều tính năng, bị rối.
- không nhìn rõ hoặc gặp khó khi thao tác.
2. Hiệu năng:
- giao dịch, đặt lệnh hay lỗi mất giá đặt.
- thao tác qua tính năng với nhau hay bị đen màn hình, toàn phải tắt app rồi vào lại
- giá thị trường cập nhật chậm, thiếu chính xác, hay cần phải làm mới để hiển thị chính xác giá trong phiên.
3. Mong muốn
- giao diện đơn giản, theo phong cách của mỗi người. 
- cải thiện hiệu năng tránh giật lag, sai thao tác khi sử dụng.",6.0,Hoang1502,,,,,,vn,,,unprefixed_legacy_raw_responses|xml|mostHelpful|page=5,raw_responses/page_05_mostHelpful.xml,,0,0
12889467768,App Store,2025-07-14T06:07:33+00:00,2,Lỗi,Hay bị lỗi,6.0,just a user 😁,,,,,,vn,,,unprefixed_legacy_raw_responses|xml|mostHelpful|page=5,raw_responses/page_05_mostHelpful.xml,,0,0
12850138790,App Store,2025-07-04T05:01:01+00:00,1,Tệ,Tệ lỗi app xử lí vấn đề chậm sai hẹn,5.9,Leeminpop,,,,,,vn,,,unprefixed_legacy_raw_responses|xml|mostHelpful|page=5,raw_responses/page_05_mostHelpful.xml,,0,0
12845724145,App Store,2025-07-03T02:28:17+00:00,1,Hay lỗi,"Tới giờ giao dịch mà ko đặt lệnh dc, chức năng đặt lệnh thường xuyên lỗi, cần fix gấp",5.9,Vinh15999,,,,,,vn,,,unprefixed_legacy_raw_responses|xml|mostHelpful|page=5,raw_responses/page_05_mostHelpful.xml,,0,0
12841961278,App Store,2025-07-02T04:33:48+00:00,2,App thường xuyên sập,"App thường xuyên sập, thường xuyên không chuyển được tiền đi, giao dịch thường xuyên lỗi, đầu tư thua lỗ một phần lớn do app,",5.9,Abcjdksom,,,,,,vn,,,unprefixed_legacy_raw_responses|xml|mostHelpful|page=5,raw_responses/page_05_mostHelpful.xml,,0,0
12822763302,App Store,2025-06-27T09:52:40+00:00,1,App lỗi,Ko bán đc cổ phiếu lại còn hay không load đc,5.9,Minh_NineX,,,,,,vn,,,unprefixed_legacy_raw_responses|xml|mostHelpful|page=5,raw_responses/page_05_mostHelpful.xml,,0,0
12795601247,App Store,2025-06-20T08:14:18+00:00,2,Xét duyệt chậm chạp,"Xét duyệt mở tk chậm chạp. Gửi 3 lần căn cước vẫn ko dc. Giao diện tối đen khó dùng, không trực quan, muốn mua CP rất loằng ngoằng",5.9,Quyen2121,,,,,,vn,,,unprefixed_legacy_raw_responses|xml|mostHelpful|page=5,raw_responses/page_05_mostHelpful.xml,,0,0
12794936243,App Store,2025-06-20T03:07:25+00:00,1,Ko vào đc app,Bó tay cái quảng cáo chèn giữa màn hình. Ko tắt đc đi để vào giao dịch,5.9,noblzyoyo mark,,,,,,vn,,,unprefixed_legacy_raw_responses|xml|mostHelpful|page=5,raw_responses/page_05_mostHelpful.xml,,0,0
12794864716,App Store,2025-06-20T02:36:56+00:00,1,Pop up hiện lên không dùng được app,Cho pop up hiện lên quấy rối người dùng,5.9,Hoangluong2024,,,,,,vn,,,unprefixed_legacy_raw_responses|xml|mostHelpful|page=5,raw_responses/page_05_mostHelpful.xml,,0,0
12794841521,App Store,2025-06-20T02:27:16+00:00,1,Spam,Sáng nay trong vòng 1h tôi nhận 7 thông báo giới thiệu bạn bè từ app. Quá phiền,5.9,trisleee,,,,,,vn,,,unprefixed_legacy_raw_responses|xml|mostHelpful|page=5,raw_responses/page_05_mostHelpful.xml,,0,0
12783588457,App Store,2025-06-17T04:19:48+00:00,3,GÓP Ý,Giao diện như bức tranh nhiều màu nhưng ít hữu dụng,5.9,Call it August,,,,,,vn,,,unprefixed_legacy_raw_responses|xml|mostHelpful|page=5,raw_responses/page_05_mostHelpful.xml,,0,0
12780083348,App Store,2025-06-16T06:50:06+00:00,5,App,App có nhiều tính năng hữu ích,5.9,annyahuong,,,,,,vn,,,unprefixed_legacy_raw_responses|xml|mostHelpful|page=5,raw_responses/page_05_mostHelpful.xml,,0,0
12780083215,App Store,2025-06-16T06:50:03+00:00,5,Rất tốt,"App thân thiện, dễ dùng. Đầu tư mang lại hiệu quả như kỳ vọng. Cám ơn đội ngũ TCBS.",5.9,phuonglt54,,,,,,vn,,,unprefixed_legacy_raw_responses|xml|mostHelpful|page=5,raw_responses/page_05_mostHelpful.xml,,0,0
12780082897,App Store,2025-06-16T06:49:53+00:00,5,Rất ưng,Rất thân thiện,5.9,biBong01,,,,,,vn,,,unprefixed_legacy_raw_responses|xml|mostHelpful|page=5,raw_responses/page_05_mostHelpful.xml,,0,0
12777334669,App Store,2025-06-15T13:44:35+00:00,5,Tuyệt vời,"App có nhiều tính năng cho nhà đầu tư, ko ít giống các app khác",5.9,j33_1003,,,,,,vn,,,unprefixed_legacy_raw_responses|xml|mostHelpful|page=5,raw_responses/page_05_mostHelpful.xml,,0,0
12768095866,App Store,2025-06-13T03:52:04+00:00,5,App đỉnh nóc,"App có nhiều tiện ích rất hay, không đầu tư vẫn có lãi hàng ngày 🥰",5.9,Linhltm8,,,,,,vn,,,unprefixed_legacy_raw_responses|xml|mostHelpful|page=5,raw_responses/page_05_mostHelpful.xml,,0,0
12765707886,App Store,2025-06-12T13:20:29+00:00,1,Lỗi chuyển tiền,App lỗi chuyển tiền liên tục rất bất tiện cho người dùng,5.9,Lia.2508,,,,,,vn,,,unprefixed_legacy_raw_responses|xml|mostHelpful|page=5,raw_responses/page_05_mostHelpful.xml,,0,0
12764204218,App Store,2025-06-12T02:59:07+00:00,5,TCBS ổn đấy chứ,"Đã có dịp được ghé vp TCBS, thấy môi trường làm việc của các bạn rất gọn gàng sạch đẹp, thái độ, tác phong phục vụ hỗ trợ Kh cũng rất tốt, chuyên nghiệp, nhanh gọn. Nói chung là hài lòng khi mở tk và gd tại TCBS.",5.9,Nanaloveu,,,,,,vn,,,unprefixed_legacy_raw_responses|xml|mostHelpful|page=5,raw_responses/page_05_mostHelpful.xml,,0,0
12760305087,App Store,2025-06-11T02:15:06+00:00,5,Good trading app,"App trading rất mượt, phí margin ok",5.9,Nbevbe,,,,,,vn,,,unprefixed_legacy_raw_responses|xml|mostHelpful|page=5,raw_responses/page_05_mostHelpful.xml,,0,0
12754326165,App Store,2025-06-09T14:01:55+00:00,5,Tốt,"app mượt, nhiều loại hình đầu tư. hốt bạc hốt bạc",5.9,longkz__,,,,,,vn,,,unprefixed_legacy_raw_responses|xml|mostHelpful|page=5,raw_responses/page_05_mostHelpful.xml,,0,0
12754135334,App Store,2025-06-09T13:05:00+00:00,5,Tạm ổn,Vẫn cần cải thiện nhiều,5.9,devso95,,,,,,vn,,,unprefixed_legacy_raw_responses|xml|mostHelpful|page=5,raw_responses/page_05_mostHelpful.xml,,0,0
12741762884,App Store,2025-06-06T08:25:58+00:00,1,Chất lượng app,App rất lag,5.9,không biết nũa,,,,,,vn,,,unprefixed_legacy_raw_responses|xml|mostHelpful|page=5,raw_responses/page_05_mostHelpful.xml,,0,0
12741234952,App Store,2025-06-06T04:18:37+00:00,1,Tên app rất confuse,"TCBS hay TC invest 1 sao xứng đáng, nên hỗ trợ search cả 2 tên",5.9,nnhan0719,,,,,,vn,,,unprefixed_legacy_raw_responses|xml|mostHelpful|page=5,raw_responses/page_05_mostHelpful.xml,,0,0
12741089145,App Store,2025-06-06T03:13:13+00:00,2,Lỗi app treo lag,"Trong giờ giao dịch mà app treo, xem mục tài sản đen xì màn hình ko load được thông tin",5.9,Người trải nghiệm app neo,,,,,,vn,,,unprefixed_legacy_raw_responses|xml|mostHelpful|page=5,raw_responses/page_05_mostHelpful.xml,,0,0
12734008843,App Store,2025-06-04T07:40:22+00:00,1,Không hiển thị khung chat trên ip 12prm,"phần chat không xem được, hãy fix nó hoặc xoá nó đi",5.9,00new start@,,,,,,vn,,,unprefixed_legacy_raw_responses|xml|mostHelpful|page=5,raw_responses/page_05_mostHelpful.xml,,0,0
12733793429,App Store,2025-06-04T05:58:44+00:00,5,Hiihaha,"App tuyệt vời ông mặt trời, xịn xò con bò cười!!!",5.9,Hiihahaahoho,,,,,,vn,,,unprefixed_legacy_raw_responses|xml|mostHelpful|page=5,raw_responses/page_05_mostHelpful.xml,,0,0
12730094811,App Store,2025-06-03T06:46:26+00:00,5,"App hay, dễ sử dụng","App dễ dùng, giao diện trực quan, xử lý tiền nhanh. Mình sử dụng khá tiện, có cập nhật tin tức và báo cáo cũng ổn. Hy vọng app tiếp tục cải thiện để trải nghiệm ngày càng tốt hơn.",5.9,hyub109,,,,,,vn,,,unprefixed_legacy_raw_responses|xml|mostHelpful|page=5,raw_responses/page_05_mostHelpful.xml,,0,0
12730088196,App Store,2025-06-03T06:43:22+00:00,5,App rất ổn áp,"Dễ sử dụng, giao dịch mượt mà và hỗ trợ đầu tư hiệu quả",5.9,blueLemon89111,,,,,,vn,,,unprefixed_legacy_raw_responses|xml|mostHelpful|page=5,raw_responses/page_05_mostHelpful.xml,,0,0
12729764477,App Store,2025-06-03T04:09:08+00:00,3,Chức năng tính cả tiền trong IPower vào sức mua cổ phiếu không hoạt động,"Chức năng tính cả tiền trong IPower vào sức mua cổ phiếu không hoạt động dù đã kích hoạt, phải rút tiền từ IPOWER ra mới đặt lệnh mua dc",5.9,Dungtv92,,,,,,vn,,,unprefixed_legacy_raw_responses|xml|mostHelpful|page=5,raw_responses/page_05_mostHelpful.xml,,0,0
12729747631,App Store,2025-06-03T04:01:29+00:00,5,App hay,"App dùng rất mượt mà, có nhiều tính năng hay hỗ trợ nhà đầu tư",5.9,mindkdhsksjduf,,,,,,vn,,,unprefixed_legacy_raw_responses|xml|mostHelpful|page=5,raw_responses/page_05_mostHelpful.xml,,0,0
12729702813,App Store,2025-06-03T03:41:08+00:00,5,Good app,Good app,5.9,Thinhha92,,,,,,vn,,,unprefixed_legacy_raw_responses|xml|mostHelpful|page=5,raw_responses/page_05_mostHelpful.xml,,0,0
12727113643,App Store,2025-06-02T12:18:56+00:00,5,105CTOIYEUVN tôi thích bảng giá,Rất hay,5.9,zumi ng,,,,,,vn,,,unprefixed_legacy_raw_responses|xml|mostHelpful|page=5,raw_responses/page_05_mostHelpful.xml,,0,0
12726291522,App Store,2025-06-02T06:46:20+00:00,5,Tính năng bảo mật tôat,"Tôi thấy tính năng bảo mật đa lớp của tcbs rất hay, hộ  trợ người dùng quản lý đc account của mình tránh bị xâm nhập trái phép, tuyệt vời",5.9,Trungdq-13,,,,,,vn,,,unprefixed_legacy_raw_responses|xml|mostHelpful|page=5,raw_responses/page_05_mostHelpful.xml,,0,0
12725515761,App Store,2025-06-02T01:12:20+00:00,5,Tuyệt vời quá,App rất tuyệt. Cảm ơn TCBS nhiều,5.9,nhungkccccc,,,,,,vn,,,unprefixed_legacy_raw_responses|xml|mostHelpful|page=5,raw_responses/page_05_mostHelpful.xml,,0,0
12722683974,App Store,2025-06-01T09:05:15+00:00,5,Xứng đáng app đầu tu số 1 VN,"TCInvest mang đến một môi trường làm việc năng động, không ngừng phát triển, nơi những ý tưởng đột phá luôn được khuyến khích và triển khai nhanh chóng. Đội ngũ tại đây luôn nỗ lực sáng tạo, mang đến trải nghiệm tuyệt vời cho khách hàng, xứng đáng là một nền tảng đầu tư tài chính hàng đầu!",5.9,Fat fit shark,,,,,,vn,,,unprefixed_legacy_raw_responses|xml|mostHelpful|page=5,raw_responses/page_05_mostHelpful.xml,,0,0
12713877917,App Store,2025-05-30T02:36:25+00:00,5,Good,App nhiều tính năng hỗ trợ,5.9,chang244,,,,,,vn,,,unprefixed_legacy_raw_responses|xml|mostHelpful|page=5,raw_responses/page_05_mostHelpful.xml,,0,0
12702501548,App Store,2025-05-27T02:38:00+00:00,1,Quá tệ hại,Quá tệ hại. Bảng đen xì xì chả giao dịch gì được. Mẹ. Làm ăn như có,5.9,Nhokkkkkkkkkk,,,,,,vn,,,unprefixed_legacy_raw_responses|xml|mostHelpful|page=5,raw_responses/page_05_mostHelpful.xml,,0,0
12698829424,App Store,2025-05-26T03:28:29+00:00,1,"App lỗi, lỗi cả hệ thống","Không bao giờ dám dùng iPower bên này nữa, lỗi chưa nhận được tiền về",5.9,skyvalex,,,,,,vn,,,unprefixed_legacy_raw_responses|xml|mostHelpful|page=5,raw_responses/page_05_mostHelpful.xml,,0,0
12690484349,App Store,2025-05-24T00:23:40+00:00,5,App tốt,Sự lựa chọn hoàn hảo cho con đường đầu tư chuyên nghiệp,5.9,Giang Ngô T,,,,,,vn,,,unprefixed_legacy_raw_responses|xml|mostHelpful|page=5,raw_responses/page_05_mostHelpful.xml,,0,0
12687008860,App Store,2025-05-23T03:23:18+00:00,1,Tệ,"Lỗi liên tục , đứng giao dịch , huỷ lệnh đặt lệnh không được. Quá tệ hại , cân nhắc khi tải app",5.9,GPVietNam,,,,,,vn,,,unprefixed_legacy_raw_responses|xml|mostHelpful|page=5,raw_responses/page_05_mostHelpful.xml,,0,0
12686907068,App Store,2025-05-23T02:38:36+00:00,1,Lỗi gd liên tục,App lỗi giao dịch không mua bán cổ phiểu được,5.9,Da3kN1ght,,,,,,vn,,,unprefixed_legacy_raw_responses|xml|mostHelpful|page=5,raw_responses/page_05_mostHelpful.xml,,0,0
12684578987,App Store,2025-05-22T12:59:55+00:00,2,màn hình đặt lệnh ngu ngốc,"app có quá nhiều thứ nên có hiện tượng lag, màn hình đặt lệnh quá đơn giản đến mức ngu ngốc",5.9,LVHanin,,,,,,vn,,,unprefixed_legacy_raw_responses|xml|mostHelpful|page=5,raw_responses/page_05_mostHelpful.xml,,0,0
12684039731,App Store,2025-05-22T09:50:31+00:00,5,"Giao diện thân thiện, nhiều tính năng xịn xò",App có cả 1 kho tàng tính năng xịn xò cho cả người mới bắt đầu sử dụng.,5.9,ciel pham,,,,,,vn,,,unprefixed_legacy_raw_responses|xml|mostHelpful|page=5,raw_responses/page_05_mostHelpful.xml,,0,0
12683632959,App Store,2025-05-22T06:42:31+00:00,5,App tot,"App co nhieu tinh nang thong minh da dang, nhieu san pham hay moi la",5.9,Kynguyenvuottroi,,,,,,vn,,,unprefixed_legacy_raw_responses|xml|mostHelpful|page=5,raw_responses/page_05_mostHelpful.xml,,0,0
12683550678,App Store,2025-05-22T06:02:22+00:00,1,dịch vụ cskh tệ app lỗi,"bắt xác thực cccd nhưng app lỗi load 7749 lần mãi k đc thử trên mọi nền tảng đều k đc, bỏ lỡ nhiều cơ hội và cũng rút đc tiền. App rất rối",5.9,jen260498,,,,,,vn,,,vn|json|mostrecent|page=5;vn|xml|mostHelpful|page=6,diagnostics/recency_2026-09-22/vn_page_05_mostrecent.json;diagnostics/recency_2026-09-22/vn_page_06_mostHelpful.xml,,0,0
12676479614,App Store,2025-05-20T09:12:12+00:00,5,Ứng dụng tài chính uy tín hàng đầu tại Việt Nam,"Ứng dụng có nhiều chức năng như chart, hình ảnh",5.9,nguyenduylinh-fra,,,,,,vn,,,vn|json|mostrecent|page=5;vn|xml|mostHelpful|page=6,diagnostics/recency_2026-09-22/vn_page_05_mostrecent.json;diagnostics/recency_2026-09-22/vn_page_06_mostHelpful.xml,,0,0
12676449035,App Store,2025-05-20T08:57:57+00:00,5,Ứng dụng mượt,"Nhiều tính năng hữu ích, đa dạng sản phẩm đầu tư để lựa chọn",5.9,My love quotes,,,,,,vn,,,vn|json|mostrecent|page=5;vn|xml|mostHelpful|page=6,diagnostics/recency_2026-09-22/vn_page_05_mostrecent.json;diagnostics/recency_2026-09-22/vn_page_06_mostHelpful.xml,,0,0
12660963384,App Store,2025-05-16T03:23:39+00:00,2,Rất chậm,"Tốc độ khớp lệnh chậm. App khó nhìn khó theo dõi. Định đánh giá 1* nhưng do phí rẻ nên cho thêm 1*. Nói chung chậm lắm, ko nên dùng.",5.9,catty611,,,,,,vn,,,vn|json|mostrecent|page=5;vn|xml|mostHelpful|page=6,diagnostics/recency_2026-09-22/vn_page_05_mostrecent.json;diagnostics/recency_2026-09-22/vn_page_06_mostHelpful.xml,,0,0
12617407260,App Store,2025-05-04T06:47:17+00:00,1,app ngôn lù,như tiêu đề,5.9,chiếu đã cũ,,,,,,vn,,,vn|json|mostrecent|page=5;vn|xml|mostHelpful|page=6,diagnostics/recency_2026-09-22/vn_page_05_mostrecent.json;diagnostics/recency_2026-09-22/vn_page_06_mostHelpful.xml,,0,0
12609904288,App Store,2025-05-02T08:34:11+00:00,2,Bảo trì,Bảo trì gì mà lâu vậy,5.9,Toan1452,,,,,,vn,,,vn|json|mostrecent|page=5;vn|xml|mostHelpful|page=6,diagnostics/recency_2026-09-22/vn_page_05_mostrecent.json;diagnostics/recency_2026-09-22/vn_page_06_mostHelpful.xml,,0,0
12605203687,App Store,2025-05-01T03:08:57+00:00,2,Bảo trì kiểu gì mà 2 ngày chưa rồi vậy,Tệ,5.9,Duy anh88886,,,,,,vn,,,vn_prefixed_raw_responses|json|default|page=6,raw_responses/vn_page_06_default.json,,0,0
12604943636,App Store,2025-05-01T01:27:58+00:00,1,App quá lỗi,Mấy ngày không vô được. Thất thoát bao nhiêu tiền của nta...,5.9,Cgkjngge cjoudcb,,,,,,vn,,,vn_prefixed_raw_responses|json|default|page=6,raw_responses/vn_page_06_default.json,,0,0
12575139134,App Store,2025-04-23T02:31:13+00:00,1,App quá xấu,"Nên tham khảo ssi làm app, họ làm app rất đẹp và mượt",5.9,dungmv,,,,,,vn,,,vn_prefixed_raw_responses|json|default|page=6,raw_responses/vn_page_06_default.json,,0,0
12571498975,App Store,2025-04-22T02:57:10+00:00,1,"Làm ơn trả lại giao diện cũ , giao diện mới chán ko tả, rườm rà, đặt lênh mãi ko đc","Làm ơn trả lại giao diện cũ , giao diện mới chán ko tả, rườm rà, đặt lênh mãi ko đc",5.9,0987654321457,,,,,,vn,,,vn_prefixed_raw_responses|json|default|page=6,raw_responses/vn_page_06_default.json,,0,0
12568189367,App Store,2025-04-21T06:32:00+00:00,1,Nhận xét,Tự nhiên cho cái phần mua bán vào bên trong. Muốn mua bán sửa lệnh phải mất mấy thao tác. Cải lùi,5.9,Van Long 01,,,,,,vn,,,vn_prefixed_raw_responses|json|default|page=6,raw_responses/vn_page_06_default.json,,0,0
12567815927,App Store,2025-04-21T03:24:08+00:00,1,App bị văng,Cứ ấn vào app lại văng ra trên iOS 14.8.Haizz,5.9,malaloi,,,,,,vn,,,vn_prefixed_raw_responses|json|default|page=6,raw_responses/vn_page_06_default.json,,0,0
12545090227,App Store,2025-04-15T06:59:54+00:00,1,Dịch vụ tệ,"Thường xuyên lỗi, đt toàn gặp robot. Nhắn tin zalo, mess k trả lời. Cân nhắc sử dụng dịch vụ bên này, Số dư tài khoản mất, mọi người kiểm tra thường xuyên",5.9,Mr Minh123,,,,,,vn,,,vn_prefixed_raw_responses|json|default|page=6,raw_responses/vn_page_06_default.json,,0,0
12530510462,App Store,2025-04-11T14:51:48+00:00,1,Kém,Tiền vê chậm nên tạo giao dich chờ giống bnb thống kê tiền của khách mãi ko xong giao diện nên học theo ssi,5.9,tdk810,,,,,,vn,,,vn_prefixed_raw_responses|json|default|page=6,raw_responses/vn_page_06_default.json,,0,0
12529231767,App Store,2025-04-11T07:45:57+00:00,1,"App lag, giật, xấu dỏm, giam tiền nhà đầu tư",Quá tệ,5.9,CuteCatMeo,,,,,,vn,,,vn_prefixed_raw_responses|json|default|page=6,raw_responses/vn_page_06_default.json,,0,0
12529188894,App Store,2025-04-11T07:26:20+00:00,1,Lởm,Làm cái tra soát mà nó hẹn 5 đến 30 ngày sau mới xong. Ko thể hiểu nổi làm ăn kiểu gì,5.9,Bietdanhgio,,,,,,vn,,,vn_prefixed_raw_responses|json|default|page=6,raw_responses/vn_page_06_default.json,,0,0
12527068142,App Store,2025-04-10T17:05:26+00:00,1,App quá rối. Khó theo dõi giá khi mua bán,Khi muốn mua nhanh từ bảng điện hoặc theo dõi giá và khối lượng khi mua bán khó. Chưa tối ưu,5.9,FmL 93,,,,,,vn,,,vn_prefixed_raw_responses|json|default|page=6,raw_responses/vn_page_06_default.json,,0,0
12526882408,App Store,2025-04-10T16:07:13+00:00,4,Good,"Không mở được bằng Mac M1 nữa, mở lên chỉ thấy slogan Đầu tư an toàn, Cuộc sống an nhàn, xong đơ. Chỉ có con Mac cài được app thôi, không có điện thoại và tablet.",5.9,Ghi Nmk,,,,,,vn,,,vn_prefixed_raw_responses|json|default|page=6,raw_responses/vn_page_06_default.json,,0,0
12526738886,App Store,2025-04-10T15:24:14+00:00,3,Khó thao tác,"Phiên bản mới khó đặt lệnh , không thuận tiện như phiên bản trước đây",5.9,trongkiem,,,,,,vn,,,vn_prefixed_raw_responses|json|default|page=6,raw_responses/vn_page_06_default.json,,0,0
12524926430,App Store,2025-04-10T04:07:48+00:00,1,App thường xuyên lỗi,"App hoạt động không ổn định, thường xuyên không thể truy cập được. Nên cân nhắc sử dụng app khác",5.9,Người dùng búc xúc,,,,,,vn,,,vn_prefixed_raw_responses|json|default|page=6,raw_responses/vn_page_06_default.json,,0,0
12524834794,App Store,2025-04-10T03:26:21+00:00,1,App siêu lag,App lag kinh khủng.,5.9,Tom Hank 2809,,,,,,vn,,,vn_prefixed_raw_responses|json|default|page=6,raw_responses/vn_page_06_default.json,,0,0
12524144104,App Store,2025-04-09T22:43:18+00:00,5,Giao dịch an toàn nhanh,"Nhập mã 105CTH8999 để nhận ưu đãi khi giao dịch, miễn phí giao dịch nhé",5.9,ngừoi công chúng,,,,,,vn,,,vn_prefixed_raw_responses|json|default|page=6,raw_responses/vn_page_06_default.json,,0,0
12518940042,App Store,2025-04-08T15:12:51+00:00,1,Vớ vẩn tính toán lãi hơn bọn cho vay,1 xoá cho sự khó hiểu của ápp và lãi cao ngất ngửa tự ý trừ tiền tk teck,5.9,book thật k nhận phí,,,,,,vn,,,vn_prefixed_raw_responses|json|default|page=6,raw_responses/vn_page_06_default.json,,0,0
12501658993,App Store,2025-04-04T08:08:05+00:00,1,Chuyển tiền mua cp,Chuyển tức app tech sang xong hiện tiền nhưng không cho mua…,5.9,Tcbs lởm,,,,,,vn,,,vn_prefixed_raw_responses|json|default|page=6,raw_responses/vn_page_06_default.json,,0,0
12500908724,App Store,2025-04-04T02:50:04+00:00,1,Phần mềm ngu nhất quả đất,"Phần mềm ngu nhất đất. Tìm mòn mỏi không biết đặt lệnh, sửa lệnh hay huỷ lệnh ở đâu",5.9,Tổ quốc trong tim,,,,,,vn,,,vn_prefixed_raw_responses|json|default|page=6,raw_responses/vn_page_06_default.json,,0,0
12492849736,App Store,2025-04-02T01:50:34+00:00,3,Load data ta quá nhiu,"Mỗi mở app tốn hơn 30MB data, xài ko để ý là hết dung lượng 4g",5.9,kojirophan,,,,,,vn,,,vn_prefixed_raw_responses|json|default|page=6,raw_responses/vn_page_06_default.json,,0,0
12472251645,App Store,2025-03-27T22:42:52+00:00,4,Nở sức mua maggin từ lãi cổ phiếu qua ngày,Nên thêm chế độ nở sức mua từ lãi cổ phiếu qua ngày mà không cần bán cổ phiếu đi.,5.9,Linhxinh-79,,,,,,vn,,,vn_prefixed_raw_responses|json|default|page=6,raw_responses/vn_page_06_default.json,,0,0
12469670827,App Store,2025-03-27T07:58:51+00:00,1,Giao diện có vấn đề,"Giao diện khó sử dụng. Không tìm thấy lệnh quỹ để huỷ, lỡ mất cơ hội đầu tư. Dặt lệnh cũng k có thông báo",5.8.5,November Green,,,,,,vn,,,vn_prefixed_raw_responses|json|default|page=6,raw_responses/vn_page_06_default.json,,0,0
12453957660,App Store,2025-03-23T10:02:50+00:00,1,"Tcbs giam tiền của kh, giao diện apps rối","Tcbs giam tiền của khách hàng. Rút tiền chiều thứ 6 trong giờ giao dịch mà qua giữa tuần tiền mới về tài khoản. 
giao diện apps rối rắm.",5.8.5,ngoha tran,,,,,,vn,,,vn_prefixed_raw_responses|json|default|page=6,raw_responses/vn_page_06_default.json,,0,0
12442692786,App Store,2025-03-20T13:54:06+00:00,4,Review newest version,Bản cập nhật mới nhất khó dùng quá. Đặt lệnh mà k thấy thấy giá sàn giá trần như version trước đấy,5.8.5,Tên đã bị trùng,,,,,,vn,,,vn_prefixed_raw_responses|json|default|page=6,raw_responses/vn_page_06_default.json,,0,0
12434867625,App Store,2025-03-18T12:34:18+00:00,1,Kn,Làm ăn ko ra gì,5.8.5,Duuuuuio,,,,,,vn,,,vn_prefixed_raw_responses|json|default|page=6,raw_responses/vn_page_06_default.json,,0,0
12406839316,App Store,2025-03-11T04:44:26+00:00,1,Khó khớp lệnh,Chỉnh đủ giá k khớp nổi,5.8.5,Cbnnmbjkjhghojb,,,,,,vn,,,vn_prefixed_raw_responses|json|default|page=6,raw_responses/vn_page_06_default.json,,0,0
12403217122,App Store,2025-03-10T05:42:42+00:00,1,App tự chọn mp,"Tự chọn mp khi bán, may mà huỷ lệnh kịp, định lùa gà người mới hay gì
App khó dùng",5.8.5,kocobidanhdaudm,,,,,,vn,,,vn_prefixed_raw_responses|json|default|page=6,raw_responses/vn_page_06_default.json,,0,0
12400663065,App Store,2025-03-09T14:18:02+00:00,2,Ko rút dk,Ko rút dk,5.8.5,hung tre con,,,,,,vn,,,vn_prefixed_raw_responses|json|default|page=6,raw_responses/vn_page_06_default.json,,0,0
12388866897,App Store,2025-03-06T14:23:40+00:00,2,Xử lý chậm,"Thông báo dao dịch trong ngày về mail chậm. Hơn 10h chưa thấy đâu.
Hiễn thị lãi lỗ rối.",5.8.5,facccccco,,,,,,vn,,,vn_prefixed_raw_responses|json|default|page=6,raw_responses/vn_page_06_default.json,,0,0
12387003343,App Store,2025-03-06T02:00:38+00:00,1,Lỗi đăng nhập - gọi hỗ trợ chỉ có tổng đài tự động,Hỗ trợ kém,5.8.5,huynq2k6,,,,,,vn,,,vn_prefixed_raw_responses|json|default|page=6,raw_responses/vn_page_06_default.json,,0,0
12383638403,App Store,2025-03-05T05:23:29+00:00,1,Quá lằng nhằng. Giao diện quá nhiều sản phẩm. Dùng rất rối,Chán,5.8.5,H11125,,,,,,vn,,,vn_prefixed_raw_responses|json|default|page=6,raw_responses/vn_page_06_default.json,,0,0
12381075336,App Store,2025-03-04T13:14:45+00:00,1,Khó dùng,App cập nhật xong ko bằng bản cũ,5.8.5,tenlagikhongquantrong,,,,,,vn,,,vn_prefixed_raw_responses|json|default|page=6,raw_responses/vn_page_06_default.json,,0,0
12379946562,App Store,2025-03-04T05:52:46+00:00,1,Tbcs,"Cực tệ. Trót dùng chưa bán đc hết cổ phiếu nên vẫn pải dùng. Thường xuyên ko bấm đặt đc
 lệnh",5.8.5,Nguye1346,,,,,,vn,,,vn_prefixed_raw_responses|json|default|page=6,raw_responses/vn_page_06_default.json,,0,0
12356932020,App Store,2025-02-26T11:27:57+00:00,1,App quá tệ,"Thằng nào viết cái app này vậy, cảnh cáo bà con đừng tham gia vào chứng khoán này, vào là mất tiền oan",5.8.5,Qqzss,,,,,,vn,,,vn_prefixed_raw_responses|json|default|page=6,raw_responses/vn_page_06_default.json,,0,0
12338671343,App Store,2025-02-21T19:04:28+00:00,5,Mã mời  105CTB5555,"App rất ổn định, dễ dàng sử dụng tính năng hữu ích",5.8.5,RAC TQ,,,,,,vn,,,vn_prefixed_raw_responses|json|default|page=6,raw_responses/vn_page_06_default.json,,0,0
12316968970,App Store,2025-02-16T07:26:56+00:00,4,Lỗi đăng nhập,Không đăng nhập được bằng Face ID trên iPhone 11. Mong đội ngũ phần mềm khắc phục được lỗi này,5.8.5,CuongChelsea73,,,,,,vn,,,vn_prefixed_raw_responses|json|default|page=6,raw_responses/vn_page_06_default.json,,0,0
12308962875,App Store,2025-02-14T07:27:03+00:00,1,giao diện mới khó dùng,"có thể back về giao diện cũ đx ko, giao diện mới rất lag khó dùng",5.8.5,khách hàng từ 2017,,,,,,vn,,,vn_prefixed_raw_responses|json|default|page=6,raw_responses/vn_page_06_default.json,,0,0
12301648806,App Store,2025-02-12T10:04:36+00:00,1,"Hay bị lỗi chuyển tiền, nhắn tin không xử lý",Tệ,5.8.5,Anh Nghĩa 123,,,,,,vn,,,vn_prefixed_raw_responses|json|default|page=6,raw_responses/vn_page_06_default.json,,0,0
12276846294,App Store,2025-02-06T07:09:25+00:00,2,"App giao diện mới xấu, không thân thiện, chức năng Trang Chủ quảng cáo Ibond, Trái Phiếu,TCBS nhiều!","App giao diện mới xấu, không thân thiện, chức năng Trang Chủ quảng cáo Ibond, Trái Phiếu,TCBS nhiều!",5.8.4,Phamkhoi0211,,,,,,vn,,,vn_prefixed_raw_responses|json|default|page=6,raw_responses/vn_page_06_default.json,,0,0
12272742831,App Store,2025-02-05T06:37:09+00:00,1,Lỗi,"app ko cập nhật giá trong danh sách cổ phiếu. đã thử xoá cache, gỡ app cài lại vẫn bị vậy",5.8.4,cpdk79,,,,,,vn,,,vn_prefixed_raw_responses|json|default|page=6,raw_responses/vn_page_06_default.json,,0,0
12268805709,App Store,2025-02-04T07:01:54+00:00,3,Giao diện trên ipad cần chỉnh sửa,Giao diện trên ipad ko được scale fit với màn hình dẫn tới tình trạng bị xộc xệch khá khó chịu! M dùng pro m4 11 inches,5.8.4,Malboro Original,,,,,,vn,,,vn_prefixed_raw_responses|json|default|page=6,raw_responses/vn_page_06_default.json,,0,0
12223647522,App Store,2025-01-24T04:40:17+00:00,1,Không cập nhật thông tin giá cho cp trong danh mục,Hnay là 24 rồi mà giá vẫn lấy ngày 22. Càng ngày càng khó sử dụng,5.8.4,Super Mega Mind,,,,,,vn,,,vn_prefixed_raw_responses|json|default|page=6,raw_responses/vn_page_06_default.json,,0,0
12219869008,App Store,2025-01-23T07:06:46+00:00,4,Góp ý,"Hay bị lag phi đóng phiên, thống kê tài sản không chính xác (mấy bản cập nhật gần đây bị). Mong sớm cải thiện trải nghiệm cho người dùng",5.8.4,CrazyCat9z,,,,,,vn,,,vn_prefixed_raw_responses|json|default|page=6,raw_responses/vn_page_06_default.json,,0,0
12189754220,App Store,2025-01-16T02:52:36+00:00,1,Như hạch,Toàn lỗi không đặt được lệnh. Nhiều khi đến tài khoản cũng không hiển thị. Má bực muốn bán ko đc mua ko xong.,5.8.3,Timocaca,,,,,,vn,,,vn_prefixed_raw_responses|json|default|page=6,raw_responses/vn_page_06_default.json,,0,0
12166276133,App Store,2025-01-10T07:05:02+00:00,1,app ngu như đầu cu,app ngu như đầu cu,5.8.2,xthangnguyen,,,,,,vn,,,unprefixed_legacy_raw_responses|json|mostHelpful|page=7;vn_prefixed_raw_responses|json|default|page=6,raw_responses/page_07_mostHelpful.json;raw_responses/vn_page_06_default.json,,0,0
12166129599,App Store,2025-01-10T05:56:46+00:00,1,Lừa đảo,Lừa đảo giam tiền của người dùng sau khi nhận chuyển khoản,5.8.2,Neo199523,,,,,,vn,,,unprefixed_legacy_raw_responses|json|mostHelpful|page=7;vn_prefixed_raw_responses|json|default|page=6,raw_responses/page_07_mostHelpful.json;raw_responses/vn_page_06_default.json,,0,0
12161401216,App Store,2025-01-08T23:46:10+00:00,1,"Ứng dụng lừa đảo, thu thuế phí cao",Lãi 3 triệu trừ thuế phí hết còn vài trăm nghìn. Không nên đầu tư vào đây,5.8.2,KhiCon_9x,,,,,,vn,,,unprefixed_legacy_raw_responses|json|mostHelpful|page=7;vn_prefixed_raw_responses|json|default|page=6,raw_responses/page_07_mostHelpful.json;raw_responses/vn_page_06_default.json,,0,0
12126154861,App Store,2024-12-31T03:48:06+00:00,1,Không mở được app trên MacBook Air M1,Không mở được app trên MacBook Air M1,5.8.2,vn3hv,,,,,,vn,,,unprefixed_legacy_raw_responses|json|mostHelpful|page=7;vn_prefixed_raw_responses|json|default|page=6,raw_responses/page_07_mostHelpful.json;raw_responses/vn_page_06_default.json,,0,0
12098535718,App Store,2024-12-24T00:43:31+00:00,1,App lởm,"App lởm, cùi nhất trong các app chứng khoán. 3 ngày lag 7 ngày đơ",5.8.2,Mymymeomeo910,,,,,,vn,,,unprefixed_legacy_raw_responses|json|mostHelpful|page=7;vn_prefixed_raw_responses|json|default|page=6,raw_responses/page_07_mostHelpful.json;raw_responses/vn_page_06_default.json,,0,0
12092046546,App Store,2024-12-22T08:52:10+00:00,2,Phần đặt lệnh cổ phiếu thực sự chán. Đơn điệu không hiển được thông tin thị trường thời điểm đó.,"Nhiều lúc đặt giá xong mở ra xem giá tt đã thay đổi từ lúc nào. Phần đặt khối lượng cũng vậy, nhiều lúc quên ko biết khối lượng cp của mình có bao nhiêu lại phải quay lại từ đầu để xem. Thực sự rất khó chịu",5.8.2,ngocduclt2,,,,,,vn,,,unprefixed_legacy_raw_responses|json|mostHelpful|page=7;vn_prefixed_raw_responses|json|default|page=6,raw_responses/page_07_mostHelpful.json;raw_responses/vn_page_06_default.json,,0,0
12084617137,App Store,2024-12-20T11:30:44+00:00,5,Không chê điểm gì,6 sao,5.8.2,Hải vh,,,,,,vn,,,unprefixed_legacy_raw_responses|json|mostHelpful|page=7,raw_responses/page_07_mostHelpful.json,,0,0
12031084904,App Store,2024-12-06T05:45:56+00:00,3,Hay bị lỗi,Vào danh mục treo đơ luôn,5.8.2,luxk82,,,,,,vn,,,unprefixed_legacy_raw_responses|json|mostHelpful|page=7,raw_responses/page_07_mostHelpful.json,,0,0
12004133798,App Store,2024-11-29T06:11:38+00:00,1,App rác rưỡi lAm hai nhà đâu Tu,App rác rưỡi.29/11 nguyên phiên chiều không vào được app. Cty nay khốn nạn lắm,5.8.2,Tcbs rác,,,,,,vn,,,unprefixed_legacy_raw_responses|json|mostHelpful|page=7,raw_responses/page_07_mostHelpful.json,,0,0
12004106819,App Store,2024-11-29T05:58:51+00:00,3,Lỗi app,Cần cải thiện để khách hàng có trải nghiệm tốt,5.8.2,skylongines,,,,,,vn,,,unprefixed_legacy_raw_responses|json|mostHelpful|page=7,raw_responses/page_07_mostHelpful.json,,0,0
12004038909,App Store,2024-11-29T05:26:10+00:00,1,Lỗi liên tục,1 sao,5.8.2,User 123444444,,,,,,vn,,,unprefixed_legacy_raw_responses|json|mostHelpful|page=7,raw_responses/page_07_mostHelpful.json,,0,0
11996760927,App Store,2024-11-27T06:36:25+00:00,1,Trải nghiệm kém,App có giao diện khó sử dụng,5.8.2,viethoavnm,,,,,,vn,,,unprefixed_legacy_raw_responses|json|mostHelpful|page=7,raw_responses/page_07_mostHelpful.json,,0,0
11989241555,App Store,2024-11-25T05:20:13+00:00,1,Không đặt được lệnh bán,"Mua được nhưng lệnh bán không được
Trong khi mục tài sản vẫn hiện số dư, mà lúc đặt lệnh bán lại hiện lỗi không đủ số dư",5.8.2,beofia,,,,,,vn,,,unprefixed_legacy_raw_responses|json|mostHelpful|page=7,raw_responses/page_07_mostHelpful.json,,0,0
11947847736,App Store,2024-11-14T05:18:59+00:00,1,App lỗi xoay ngay,App không xoay ngay được khi xem bảng giá và đồ thị. Xoá app cài lại vẫn bị,5.8.2,ASATAKI,,,,,,vn,,,unprefixed_legacy_raw_responses|json|mostHelpful|page=7,raw_responses/page_07_mostHelpful.json,,0,0
11940079131,App Store,2024-11-12T01:27:47+00:00,1,App quá nhiều lỗi vặt,"Bấm vào chi tiết realtime toàn hiện bảng chữ cái lên, dữ liệu mỗi lần vào app đều không tự cập nhật. Toàn phải tắt hẳn mở lại mới có data",5.8.2,Zônie,,,,,,vn,,,unprefixed_legacy_raw_responses|json|mostHelpful|page=7,raw_responses/page_07_mostHelpful.json,,0,0
11902304773,App Store,2024-11-02T06:32:47+00:00,5,App ck ok nhất mình từng dùng,App có cả Power BI để xem tăng trưởng tí dụng của ngân hàng và nhóm nợ quá tuyệt vời. Đi đầu trong đổi mới mn nên trải nghiệm.,5.8.2,Hồ T,,,,,,vn,,,unprefixed_legacy_raw_responses|json|mostHelpful|page=7,raw_responses/page_07_mostHelpful.json,,0,0
11894826169,App Store,2024-10-31T07:32:47+00:00,1,Khó dùng và hay treo,App dở hơi,5.8.2,hyleechie,,,,,,vn,,,unprefixed_legacy_raw_responses|json|mostHelpful|page=7,raw_responses/page_07_mostHelpful.json,,0,0
11871881939,App Store,2024-10-25T05:01:22+00:00,1,Ứng dụng ngu si,Tổng đài hết sức coi thường khách hàng khi lôi Ai ra hỗ trợ khách hàng,5.8.2,Q-Mai,,,,,,vn,,,unprefixed_legacy_raw_responses|json|mostHelpful|page=7,raw_responses/page_07_mostHelpful.json,,0,0
11871877953,App Store,2024-10-25T04:59:20+00:00,1,Ngu si,Liên quan tới tài chính mà đem Ai ra chăm sóc và nói chuyện với khách hàng. Rất bực mình,5.8.2,Trungdungth,,,,,,vn,,,unprefixed_legacy_raw_responses|json|mostHelpful|page=7,raw_responses/page_07_mostHelpful.json,,0,0
11864397009,App Store,2024-10-23T03:37:04+00:00,1,cskh gọi cũng như không . Quá thất vọng!,App khônh gửi otp về. Không vào được tài khoảng. Tìm bên hỗ trợ không ra. Số điện thoại cskh gọi cũng như không . Quá thất vọng!,5.8.2,AÂ&,,,,,,vn,,,unprefixed_legacy_raw_responses|json|mostHelpful|page=7,raw_responses/page_07_mostHelpful.json,,0,0
11839386523,App Store,2024-10-16T07:35:14+00:00,1,Khong hoat dong tren mac OS,may mac m3 khong hien thi duoc thong tin dang nhap,5.8,ThanLN,,,,,,vn,,,vn|json|default|page=7;vn|json|mostHelpful|page=top;vn|public_html|see-all-reviews;vn|xml|default|page=7;vn|xml|mostHelpful|page=1;vn|xml|mostHelpful|page=top;vn|xml|mostrecent|page=7,diagnostics/recency_2026-09-22/public_reviews_page.html;diagnostics/recency_2026-09-22/vn_page_01_mostHelpful.xml;diagnostics/recency_2026-09-22/vn_page_07_default.json;diagnostics/recency_2026-09-22/vn_page_07_default.xml;diagnostics/recency_2026-09-22/vn_page_07_mostrecent.xml;diagnostics/recency_2026-09-22/vn_top_mostHelpful.json;diagnostics/recency_2026-09-22/vn_top_mostHelpful.xml,,1,1
11836640608,App Store,2024-10-15T13:10:07+00:00,1,1sao chữ Tín.,"Tcbs đảo các chương trình Review/Giới thiệu, xong không thanh toán.",5.8,Louis Van,,,,,,vn,,,unprefixed_legacy_raw_responses|json|mostHelpful|page=7,raw_responses/page_07_mostHelpful.json,,0,0
11820582267,App Store,2024-10-11T05:28:26+00:00,1,Không hài lòng,Tự động trừ tiền đã nạp vào ký quỹ mà không thông báo,5.8,Bdquoc,,,,,,vn,,,unprefixed_legacy_raw_responses|json|mostHelpful|page=7,raw_responses/page_07_mostHelpful.json,,0,0
11813796447,App Store,2024-10-09T08:01:19+00:00,1,Bảo mật không có,"Version hiện tại có thể đăng nhập tự do, không cần nhập mật khẩu hoặc face ID - trong cả 2 trường hợp cài đặt dùng face ID để đăng nhập và không dùng. 
Bảo mật quá lỏng lẻo.",5.8,Reviewer Uy Tín TOP1,,,,,,vn,,,unprefixed_legacy_raw_responses|json|mostHelpful|page=7,raw_responses/page_07_mostHelpful.json,,0,0
11809107324,App Store,2024-10-07T23:07:22+00:00,5,OK,Được,5.8,lon2002,,,,,,vn,,,unprefixed_legacy_raw_responses|json|mostHelpful|page=7,raw_responses/page_07_mostHelpful.json,,0,0
11805859173,App Store,2024-10-07T01:24:37+00:00,1,App như lon hihi,Nói chung là chê nha giao dịch lâu mà đợi như chờ chồng chiến tranh về z ak,5.8,hua minh hang,,,,,,vn,,,unprefixed_legacy_raw_responses|json|mostHelpful|page=7,raw_responses/page_07_mostHelpful.json,,0,0
11801692398,App Store,2024-10-05T22:50:08+00:00,5,Oke,Oke,5.8,Hụbbbu,,,,,,vn,,,unprefixed_legacy_raw_responses|json|mostHelpful|page=7,raw_responses/page_07_mostHelpful.json,,0,0
11800367652,App Store,2024-10-05T15:00:43+00:00,1,Tự động thoát,Giờ cứ vào là văng ra,5.8,khúc sơn tùng,,,,,,vn,,,unprefixed_legacy_raw_responses|json|mostHelpful|page=7,raw_responses/page_07_mostHelpful.json,,0,0
11787725265,App Store,2024-10-02T05:23:11+00:00,1,App update xong không vào được,"Update xong không vào được app, mấy lần trước cũng vậy, update xong là lỗi .",5.8,MoL6688,,,,,,vn,,,unprefixed_legacy_raw_responses|json|mostHelpful|page=7,raw_responses/page_07_mostHelpful.json,,0,0
11782829718,App Store,2024-09-30T21:28:20+00:00,1,Lừa đảo,Khi ngta đặt lệnh mua phải mặc định là lệnh thường chứ không phải là lệnh ký quỹ. Ký quỹ cái gì mà trừ hết 50% tiền đặt mua trong khi không có lời. Làm như vậy thành ra lỗ luôn . Tụi bây làm vậy mà coi được. Trả lại tiền ký quỹ cho ngta đi.,5.8,Dorinanh,,,,,,vn,,,unprefixed_legacy_raw_responses|json|mostHelpful|page=7,raw_responses/page_07_mostHelpful.json,,0,0
11779920813,App Store,2024-09-30T02:34:20+00:00,2,Lỗi,"Sáng nay đăng nhập đơ, không vào được.",5.8,Fatus coffee,,,,,,vn,,,unprefixed_legacy_raw_responses|json|mostHelpful|page=7,raw_responses/page_07_mostHelpful.json,,0,0
11777958926,App Store,2024-09-29T14:19:44+00:00,5,105CTOIYEUVN,105CTOIYEUVN,5.7,tiennguyencoj,,,,,,vn,,,vn|json|default|page=7;vn|xml|default|page=7;vn|xml|mostrecent|page=7,diagnostics/recency_2026-09-22/vn_page_07_default.json;diagnostics/recency_2026-09-22/vn_page_07_default.xml;diagnostics/recency_2026-09-22/vn_page_07_mostrecent.xml,,0,0
11769185523,App Store,2024-09-27T05:50:21+00:00,5,105CL63336,Tôi yêu việt nam,5.7,Nvd08038,,,,,,vn,,,unprefixed_legacy_raw_responses|json|mostHelpful|page=7,raw_responses/page_07_mostHelpful.json,,0,0
11767116568,App Store,2024-09-26T15:53:53+00:00,5,105CTOIYEUVN,105CTOIYEUVN,5.7,@trantran,,,,,,vn,,,vn|json|default|page=7;vn|xml|default|page=7;vn|xml|mostrecent|page=7,diagnostics/recency_2026-09-22/vn_page_07_default.json;diagnostics/recency_2026-09-22/vn_page_07_default.xml;diagnostics/recency_2026-09-22/vn_page_07_mostrecent.xml,,0,0
11764988478,App Store,2024-09-26T01:54:35+00:00,1,Đừng bao giờ bị mất số điện thoại kèm điện thoại,"Trải nghiệm 05 ngày bị giam tài khoản chỉ vì chờ 02 tờ giấy từ ngân hàng gửi về TCBS.
      Thiết nghĩ thời đại công nghệ chưa áp dụng được vào truong hợp cua tôi ! 
      Quá ưu ái cho cái tổng đài zalo, fb ... trả lời như 1 con robot.",5.7,MrDuy1979,,,,,,vn,,,unprefixed_legacy_raw_responses|json|mostHelpful|page=7,raw_responses/page_07_mostHelpful.json,,0,0
11761949465,App Store,2024-09-25T06:47:40+00:00,5,Tuyệt vời,"Ứng dụng trực quan, dễ dàng thao tác. Uy tín, chất lượng
Mã mời: 105CB46679",5.7,Min Nghia,,,,,,vn,,,unprefixed_legacy_raw_responses|json|mostHelpful|page=7,raw_responses/page_07_mostHelpful.json,,0,0
11752256565,App Store,2024-09-22T13:48:44+00:00,5,App tốt,105CO89678  sử dụng ổn,5.7,nguyenlinh185,,,,,,vn,,,unprefixed_legacy_raw_responses|json|mostHelpful|page=7,raw_responses/page_07_mostHelpful.json,,0,0
11751734326,App Store,2024-09-22T10:54:35+00:00,5,105CT91899 tôi thích bảng giá,105CT91899 tôi thích bảng giá,5.7,Trung thanh 1,,,,,,vn,,,unprefixed_legacy_raw_responses|json|mostHelpful|page=7,raw_responses/page_07_mostHelpful.json,,0,0
11750539058,App Store,2024-09-22T02:23:34+00:00,4,Cần cải thiện,"Phần đăng nhập & các bước thực hiện nhanh , thuận lợi
Tuy nhiên có các phần cần khắc phục
+ Đợt vừa rồi ở phần tất cả không hiện thị thông số tiền trong 2 TK ngân hàng và tk ký quỹ ( bảng all )
+ Margin không hiển thị + -",5.7,ChungND1310,,,,,,vn,,,unprefixed_legacy_raw_responses|json|mostHelpful|page=7,raw_responses/page_07_mostHelpful.json,,0,0
11747174660,App Store,2024-09-21T05:49:56+00:00,5,Ứng dụng tốt,105CK43456 Tôi đã dùng ứng dụng hơn 1 năm. App chạy nhanh không bị lỗi gì.,5.7,Andree911,,,,,,vn,,,unprefixed_legacy_raw_responses|json|mostHelpful|page=7,raw_responses/page_07_mostHelpful.json,,0,0
11746998149,App Store,2024-09-21T04:28:53+00:00,5,App lỗi,App lỗi ko loád dc tài sản,5.7,No name 862,,,,,,vn,,,unprefixed_legacy_raw_responses|json|mostHelpful|page=7,raw_responses/page_07_mostHelpful.json,,0,0
11745139511,App Store,2024-09-20T16:05:00+00:00,5,Rất tuyệt vời,Ngân hàng tốt Nhất tôi từng giao dịch.nhân viên tận tâm!,5.7,Quyet37,,,,,,vn,,,unprefixed_legacy_raw_responses|json|mostHelpful|page=7,raw_responses/page_07_mostHelpful.json,,0,0
11744442358,App Store,2024-09-20T12:32:46+00:00,3,tạm ổn,tạm ổn còn lag,5.7,Daonguyen789,,,,,,vn,,,unprefixed_legacy_raw_responses|json|mostHelpful|page=7,raw_responses/page_07_mostHelpful.json,,0,0
11744096499,App Store,2024-09-20T10:30:25+00:00,5,105CI19988 tôi thích bảng giá,105CI19988 tôi thích bảng giá,5.7,ruoungo,,,,,,vn,,,unprefixed_legacy_raw_responses|json|mostHelpful|page=7,raw_responses/page_07_mostHelpful.json,,0,0
11744074226,App Store,2024-09-20T10:21:23+00:00,5,Stability and responsive,Stability and responsive,5.7,QueênieB48,,,,,,vn,,,unprefixed_legacy_raw_responses|json|mostHelpful|page=7,raw_responses/page_07_mostHelpful.json,,0,0
11743715915,App Store,2024-09-20T07:37:27+00:00,4,Tạm được,"Giao diện hơi rối, tối giản hơn nữa cho dễ sử dụng
105CV19186",5.7,Zeêmta,,,,,,vn,,,unprefixed_legacy_raw_responses|json|mostHelpful|page=7,raw_responses/page_07_mostHelpful.json,,0,0
11743600482,App Store,2024-09-20T06:40:49+00:00,5,105CD59338 tôi thích bảng giá,hi,5.7,Bình Xanh,,,,,,vn,,,unprefixed_legacy_raw_responses|json|mostHelpful|page=7,raw_responses/page_07_mostHelpful.json,,0,0
11743580097,App Store,2024-09-20T06:30:44+00:00,5,105CT69286,Ứng dụng ok,5.7,105CT69286,,,,,,vn,,,unprefixed_legacy_raw_responses|json|mostHelpful|page=7,raw_responses/page_07_mostHelpful.json,,0,0
11742975767,App Store,2024-09-20T01:39:54+00:00,5,Chứng khoán zero fre,105CF00956 ứng dụng tốt,5.7,longkk559,,,,,,vn,,,unprefixed_legacy_raw_responses|json|mostHelpful|page=7,raw_responses/page_07_mostHelpful.json,,0,0
11742883403,App Store,2024-09-20T01:00:05+00:00,5,tôi rất hài lòng với tính năng của tcbs,"Tôi đã sử dụng tcbs và hài lòng với nó, ưu việt hơn những phần mềm trước đây tôi đã sử dụng.",5.7,Bs.Hồng Lan,,,,,,vn,,,unprefixed_legacy_raw_responses|json|mostHelpful|page=7,raw_responses/page_07_mostHelpful.json,,0,0
11742394039,App Store,2024-09-19T21:22:41+00:00,5,105CI12168,105CI12168 tôi thích bảng giá,5.7,Hoa bo,,,,,,vn,,,unprefixed_legacy_raw_responses|json|mostHelpful|page=7,raw_responses/page_07_mostHelpful.json,,0,0
11741753784,App Store,2024-09-19T17:16:49+00:00,5,Tuyệt vời,105CXN666 tôi thích ứng dụng,5.7,fgvffy,,,,,,vn,,,unprefixed_legacy_raw_responses|json|mostHelpful|page=7,raw_responses/page_07_mostHelpful.json,,0,0
11741582807,App Store,2024-09-19T16:20:47+00:00,5,"105CB TOIYEUVN tôi thích bảng giá,",Ngân hàng uy tính thân thiện với khách hàng vn.,5.7,tuan line fim,,,,,,vn,,,unprefixed_legacy_raw_responses|json|mostHelpful|page=7,raw_responses/page_07_mostHelpful.json,,0,0
11741550112,App Store,2024-09-19T16:10:25+00:00,5,105CC0099NO tôi thích bảng giá,105CC0099NO tôi thích bảng giá,5.7,MAI ANH NÔ,,,,,,vn,,,vn|json|default|page=7;vn|json|mostHelpful|page=8;vn|xml|default|page=7;vn|xml|mostHelpful|page=8;vn|xml|mostrecent|page=7,diagnostics/recency_2026-09-22/vn_page_07_default.json;diagnostics/recency_2026-09-22/vn_page_07_default.xml;diagnostics/recency_2026-09-22/vn_page_07_mostrecent.xml;diagnostics/recency_2026-09-22/vn_page_08_mostHelpful.json;diagnostics/recency_2026-09-22/vn_page_08_mostHelpful.xml,,0,0
11741247423,App Store,2024-09-19T14:38:14+00:00,5,Tks,Tuyệt,5.7,NTT82,,,,,,vn,,,vn|json|default|page=7;vn|json|mostHelpful|page=8;vn|xml|default|page=7;vn|xml|mostHelpful|page=8;vn|xml|mostrecent|page=7,diagnostics/recency_2026-09-22/vn_page_07_default.json;diagnostics/recency_2026-09-22/vn_page_07_default.xml;diagnostics/recency_2026-09-22/vn_page_07_mostrecent.xml;diagnostics/recency_2026-09-22/vn_page_08_mostHelpful.json;diagnostics/recency_2026-09-22/vn_page_08_mostHelpful.xml,,0,0
11741201798,App Store,2024-09-19T14:24:33+00:00,5,105CXX1988,105CXX1988,5.7,Gauhobao88,,,,,,vn,,,vn|json|default|page=7;vn|xml|default|page=7;vn|xml|mostrecent|page=7,diagnostics/recency_2026-09-22/vn_page_07_default.json;diagnostics/recency_2026-09-22/vn_page_07_default.xml;diagnostics/recency_2026-09-22/vn_page_07_mostrecent.xml,,0,0
11740959210,App Store,2024-09-19T13:11:20+00:00,5,Đánh giá app,105CKHENH9 tôi thích bảng giá,5.7,khanhzd12,,,,,,vn,,,legacy_raw_json|json|mostrecent|page=8,raw_json/page_08.json,,0,0
11740729442,App Store,2024-09-19T11:57:02+00:00,5,Review TCInvest,105CC42169 tôi thích giao diện,5.7,Nhichou,,,,,,vn,,,legacy_raw_json|json|mostrecent|page=8,raw_json/page_08.json,,0,0
11740601703,App Store,2024-09-19T11:10:43+00:00,5,đánh giá chất lượng,"tiện ích dễ dùng, thông số chi tiết dễ hiểu",5.7,Minh Anh Ngô 11,,,,,,vn,,,legacy_raw_json|json|mostrecent|page=8,raw_json/page_08.json,,0,0
11740576811,App Store,2024-09-19T11:01:10+00:00,5,105CNGHI87 tôi thích bảng giá,Đảm bảo,5.7,Blackcat987,,,,,,vn,,,legacy_raw_json|json|mostrecent|page=8,raw_json/page_08.json,,0,0
11740478006,App Store,2024-09-19T10:20:52+00:00,1,Cách xử lý call margin vô cũng dở,"Cách xử lý margin call của tcbs vô cùng dở, dở nhất trong các cty ck mình biết, xử lý quá kém, mình đã chuyển đi cty ck khác",5.7,Minh chứng khoán,,,,,,vn,,,legacy_raw_json|json|mostrecent|page=8,raw_json/page_08.json,,0,0
11740459197,App Store,2024-09-19T10:12:48+00:00,5,105CE32088,105CE32088 toi thich bang gia,5.7,Nb994,,,,,,vn,,,legacy_raw_json|json|mostrecent|page=8,raw_json/page_08.json,,0,0
11740359584,App Store,2024-09-19T09:27:39+00:00,5,105CHT6668 tôi thích bảng giá,105CHT6668 tôi thích bảng giá,5.7,105CHT6668,,,,,,vn,,,legacy_raw_json|json|mostrecent|page=8,raw_json/page_08.json,,0,0
11740356035,App Store,2024-09-19T09:26:00+00:00,5,Ứng dụng tuyệt vời,Rất thích Techcombank và cách làm việc của họ,5.7,Đệ ruột chị Hường,,,,,,vn,,,legacy_raw_json|json|mostrecent|page=8,raw_json/page_08.json,,0,0
11740234857,App Store,2024-09-19T08:27:28+00:00,5,Stk 105CAA0395,Rất tuyệt,5.7,zâssfggg,,,,,,vn,,,legacy_raw_json|json|mostrecent|page=8,raw_json/page_08.json,,0,0
11740203337,App Store,2024-09-19T08:11:43+00:00,5,Ứng dụng rất hay là bổ ích,105CE77498,5.7,Hoanriip,,,,,,vn,,,legacy_raw_json|json|mostrecent|page=8,raw_json/page_08.json,,0,0
11740178537,App Store,2024-09-19T07:59:09+00:00,5,105CPOP444 tôi thích bảng giá,105CPOP444 tôi thích bảng giá,5.7,Ku Pốp,,,,,,vn,,,legacy_raw_json|json|mostrecent|page=8,raw_json/page_08.json,,0,0
11740165358,App Store,2024-09-19T07:52:24+00:00,5,TCBS,"Mình rất thích bên TCBS. App chi tiết và đầy đủ, phí giao dịch rẻ. 

105CL63326",5.7,Diệu LL,,,,,,vn,,,legacy_raw_json|json|mostrecent|page=8,raw_json/page_08.json,,0,0
11740144420,App Store,2024-09-19T07:41:44+00:00,5,105CH03979 tôi thích bảng giá,105CH03979 tôi thích bảng giá,5.7,trade is very good,,,,,,vn,,,legacy_raw_json|json|mostrecent|page=8,raw_json/page_08.json,,0,0
11740136470,App Store,2024-09-19T07:37:43+00:00,5,105CT82883 tôi thích bảng giá này,105CT82883 tôi thích bảng giá này,5.7,truongkasoricho,,,,,,vn,,,legacy_raw_json|json|mostrecent|page=8,raw_json/page_08.json,,0,0
11740117898,App Store,2024-09-19T07:28:12+00:00,5,Dịch vụ tốt,Hài lòng,5.7,Abcvtai,,,,,,vn,,,legacy_raw_json|json|mostrecent|page=8,raw_json/page_08.json,,0,0
11740087484,App Store,2024-09-19T07:12:45+00:00,5,Re rung va rat tien loi khi giao dich.ro rang va minh bach re hieu cho ng moi dung,Re rung va rat tien loi khi giao dich.,5.7,deohieu93,,,,,,vn,,,legacy_raw_json|json|mostrecent|page=8,raw_json/page_08.json,,0,0
11740074909,App Store,2024-09-19T07:06:25+00:00,5,5stars,105CB41198 tôi thích phí thấp,5.7,Thịnh1198,,,,,,vn,,,legacy_raw_json|json|mostrecent|page=8,raw_json/page_08.json,,0,0
11740064520,App Store,2024-09-19T07:01:09+00:00,5,105CH89994,105CH89994 tôi thích bảng giá,5.7,105CH89994,,,,,,vn,,,legacy_raw_json|json|mostrecent|page=8,raw_json/page_08.json,,0,0
11740063354,App Store,2024-09-19T07:00:33+00:00,5,Nhận xét tốt,"Rất tuyệt vời app rất mượt
“105CA60833 tôi thích bảng giá “",5.7,hahhajaa,,,,,,vn,,,legacy_raw_json|json|mostrecent|page=8,raw_json/page_08.json,,0,0
11740054637,App Store,2024-09-19T06:56:10+00:00,4,App ổn,"áp xài ổn định, menu hơi rắc rối và nó hok realtime phải đợi đồng bộ cuối ngày",5.7,51f18933,,,,,,vn,,,legacy_raw_json|json|mostrecent|page=8,raw_json/page_08.json,,0,0
11740044853,App Store,2024-09-19T06:51:09+00:00,4,Đánh giá TC invesst,Ứng dụng khá dễ dùng tuy nhiên cần tối ưu lại UI,5.7,Lê van quân,,,,,,vn,,,legacy_raw_json|json|mostrecent|page=8,raw_json/page_08.json,,0,0
11740037443,App Store,2024-09-19T06:47:25+00:00,5,Đánh giá,Rất hài lòng,5.7,Sâu hihi,,,,,,vn,,,legacy_raw_json|json|mostrecent|page=8,raw_json/page_08.json,,0,0
11739998113,App Store,2024-09-19T06:27:05+00:00,5,105C6C8666,"App tuyệt vời 🤩 
Nhiều tính năng hấp dẫn",5.7,Nghe ngo nghit,,,,,,vn,,,legacy_raw_json|json|mostrecent|page=8,raw_json/page_08.json,,0,0
11739970007,App Store,2024-09-19T06:12:33+00:00,5,Đánh giá 5 sao,"105CA67716 tôi thích bảng giá, giao dịch nhanh chóng, thuận lợi, cộng đồng đoàn kết. Very good!!!",5.7,105CA67716,,,,,,vn,,,legacy_raw_json|json|mostrecent|page=8,raw_json/page_08.json,,0,0
11739962704,App Store,2024-09-19T06:08:48+00:00,5,Đánh giá 5sao,"Ứng dụng quá tốt, mọi thứ đều nhanh và chính xác
Mình đã dùng nhiều các thẻ và chứng khoán đều của techcombank",5.7,Huyền284,,,,,,vn,,,legacy_raw_json|json|mostrecent|page=8,raw_json/page_08.json,,0,0
11739957545,App Store,2024-09-19T06:06:07+00:00,5,Đánh giá,105CMIUDAT App TCBS dùng thật tuyệt vời,5.7,đatatatatatajabsis,,,,,,vn,,,legacy_raw_json|json|mostrecent|page=8,raw_json/page_08.json,,0,0
11739939447,App Store,2024-09-19T05:56:40+00:00,5,App dùng thích quá,"Mình rất thích dùng app TBCS. Tra cứu tiện, đã giới thiệu bạn bè dùng. Các trader mình cũng thấy họ dùng app TCBS để canh hàng. Chúc TCBS ngày càng phát triển và có nhiều tính năng tiện dụng hơn nữa.",5.7,Cô gái yêu màu tím,,,,,,vn,,,legacy_raw_json|json|mostrecent|page=8,raw_json/page_08.json,,0,0
11739930905,App Store,2024-09-19T05:52:10+00:00,5,105CDOANHD,Giao dịch ck bằng TCBS,5.7,Bluesky1407,,,,,,vn,,,legacy_raw_json|json|mostrecent|page=8,raw_json/page_08.json,,0,0
11739853644,App Store,2024-09-19T05:12:05+00:00,5,105CG88661 tôi thích bảng giá,105CG88661 tôi thích bảng giá,5.7,dkdjcjkfnvevd,,,,,,vn,,,legacy_raw_json|json|mostrecent|page=8,raw_json/page_08.json,,0,0
11739691658,App Store,2024-09-19T03:50:08+00:00,5,Tcbs 105C,105CB20819 tôi thích bảng giá,5.7,E1024@,,,,,,vn,,,legacy_raw_json|json|mostrecent|page=8,raw_json/page_08.json,,0,0
11739674478,App Store,2024-09-19T03:41:33+00:00,5,Good,Good,5.7,Song Lam 2012,,,,,,vn,,,legacy_raw_json|json|mostrecent|page=8,raw_json/page_08.json,,0,0
11739659360,App Store,2024-09-19T03:34:12+00:00,5,Đánh giá,"Tốc độ cao, thông tin mạnh, an toàn.",5.7,Chinmsp Blue,,,,,,vn,,,legacy_raw_json|json|mostrecent|page=8,raw_json/page_08.json,,0,0
11739650810,App Store,2024-09-19T03:30:05+00:00,5,TCBS,Good,5.7,Sinbad_dao,,,,,,vn,,,legacy_raw_json|json|mostrecent|page=8,raw_json/page_08.json,,0,0
11739583459,App Store,2024-09-19T02:58:09+00:00,5,105CTOIYEUVN,tôi thích bảng giá,5.7,Hoang Hoang Nguyen,,,,,,vn,,,legacy_raw_json|json|mostrecent|page=8,raw_json/page_08.json,,0,0
11739561202,App Store,2024-09-19T02:47:55+00:00,5,105CTOIYEUVN,105CTOIYEUVN,5.7,Trade and Stock,,,,,,vn,,,legacy_raw_json|json|mostrecent|page=8,raw_json/page_08.json,,0,0
11739540108,App Store,2024-09-19T02:38:12+00:00,5,105CF25895,105CF25895,5.7,huyphuc0002,,,,,,vn,,,legacy_raw_json|json|mostrecent|page=8,raw_json/page_08.json,,0,0
11739533502,App Store,2024-09-19T02:35:14+00:00,5,105CTOIYEUVN tôi thích bảng giá,105CP31991,5.7,Hoàng hồng nhung 1991,,,,,,vn,,,legacy_raw_json|json|mostrecent|page=8,raw_json/page_08.json,,0,0
11739518547,App Store,2024-09-19T02:28:31+00:00,5,Nhận xu,105CB36601 tôi thích bảng giá,5.7,Hajennifer,,,,,,vn,,,legacy_raw_json|json|mostrecent|page=8,raw_json/page_08.json,,0,0
11739513670,App Store,2024-09-19T02:26:20+00:00,5,Xuất sắc,105CI86966 tôi thích bảng giá,5.7,Linh Nguyễn 22,,,,,,vn,,,legacy_raw_json|json|mostrecent|page=8,raw_json/page_08.json,,0,0
11739494710,App Store,2024-09-19T02:18:12+00:00,5,Tuyệt,Tuyệt,5.7,Tường54,,,,,,vn,,,legacy_raw_json|json|mostrecent|page=8,raw_json/page_08.json,,0,0
11739482732,App Store,2024-09-19T02:13:10+00:00,4,Đánh giá,Ổn áp,5.7,XoaBo123,,,,,,vn,,,legacy_raw_json|json|mostrecent|page=8,raw_json/page_08.json,,0,0
11739473183,App Store,2024-09-19T02:09:14+00:00,1,...,Bảo cộng ixu mà chưa thấy cộng,5.7,Duckyssss,,,,,,vn,,,legacy_raw_json|json|mostrecent|page=8,raw_json/page_08.json,,0,0
11739456182,App Store,2024-09-19T02:01:57+00:00,5,105CH29769,105CH29769 tôi thích bảng giá,5.7,splendor7,,,,,,vn,,,legacy_raw_json|json|mostrecent|page=8,raw_json/page_08.json,,0,0
11739448167,App Store,2024-09-19T01:58:26+00:00,5,rate app,cx okla nha:))) đầu tư an toàn lành mạnh he,5.7,zynnnn🫦,,,,,,vn,,,legacy_raw_json|json|mostrecent|page=8,raw_json/page_08.json,,0,0
11739437810,App Store,2024-09-19T01:53:52+00:00,5,App chạy mượt,105CDAN966 tôi thích bảng giá,5.7,DanHanhNg,,,,,,vn,,,legacy_raw_json|json|mostrecent|page=8,raw_json/page_08.json,,0,0
11739412275,App Store,2024-09-19T01:42:43+00:00,5,105CO66678 tôi thích bảng giá,105CO66678 tôi thích bảng giá,5.7,Khoa6666678,,,,,,vn,,,legacy_raw_json|json|mostrecent|page=8,raw_json/page_08.json,,0,0
11739379607,App Store,2024-09-19T01:28:28+00:00,5,Đánh giá,105cg64686 tôi thích bảng giá,5.7,Quyết ĐTN,,,,,,vn,,,legacy_raw_json|json|mostrecent|page=8,raw_json/page_08.json,,0,0
11739343587,App Store,2024-09-19T01:12:44+00:00,5,Rất hài lòng,105CTINI86 tôi thích TCBS,5.7,MeTiNi86,,,,,,vn,,,legacy_raw_json|json|mostrecent|page=8,raw_json/page_08.json,,0,0
11739302662,App Store,2024-09-19T00:54:58+00:00,5,105CF02030,"Xài cũng ổn, lúc khẩn cấp nhất cũng ko bị đơ hẳn, dù có chậm xíu..",5.7,Robloxvnglangu,,,,,,vn,,,legacy_raw_json|json|mostrecent|page=8,raw_json/page_08.json,,0,0
11739259675,App Store,2024-09-19T00:36:02+00:00,5,105CA44533,Rất tốt 105CA44533,5.7,105CA44533,,,,,,vn,,,legacy_raw_json|json|mostrecent|page=8,raw_json/page_08.json,,0,0
11739249327,App Store,2024-09-19T00:31:29+00:00,5,App ổn,105CA68095 tôi thích bảng giá,5.7,meoto95,,,,,,vn,,,unprefixed_legacy_raw_responses|json|mostrecent|page=9;vn_prefixed_raw_responses|json|default|page=9;vn_prefixed_raw_responses|xml|default|page=9,raw_responses/page_09_mostrecent.json;raw_responses/vn_page_09_default.json;raw_responses/vn_page_09_default.xml,,0,0
11739179609,App Store,2024-09-19T00:00:42+00:00,5,Tuyệt,Tôi thấy có thể làm giàu đc ở đây dù đôi lúc có chênh vênh,5.7,Namnamnee,,,,,,vn,,,unprefixed_legacy_raw_responses|json|mostrecent|page=9;vn_prefixed_raw_responses|json|default|page=9;vn_prefixed_raw_responses|xml|default|page=9,raw_responses/page_09_mostrecent.json;raw_responses/vn_page_09_default.json;raw_responses/vn_page_09_default.xml,,0,0
11739124799,App Store,2024-09-18T23:36:19+00:00,5,Tuyệt vời,"Rất tuyệt vời, giao dịch nhanh gọn bảng giá tuyệt vời 
Tôi yêu bảng giá 
105CTOIYEUVN",5.7,Phubichndbr,,,,,,vn,,,unprefixed_legacy_raw_responses|json|mostrecent|page=9;vn_prefixed_raw_responses|json|default|page=9;vn_prefixed_raw_responses|xml|default|page=9;vn_prefixed_raw_responses|xml|mostHelpful|page=9,raw_responses/page_09_mostrecent.json;raw_responses/vn_page_09_default.json;raw_responses/vn_page_09_default.xml;raw_responses/vn_page_09_mostHelpful.xml,,0,0
11739109096,App Store,2024-09-18T23:29:23+00:00,5,Đánh giá dịch vụ,Dịch vụ chuyển tiền của Techcombank thật tuyệt vời. Nhanh-tiết kiệm- an toàn,5.7,TrungTrucPhan,,,,,,vn,,,unprefixed_legacy_raw_responses|json|mostrecent|page=9;vn_prefixed_raw_responses|json|default|page=9;vn_prefixed_raw_responses|xml|default|page=9;vn_prefixed_raw_responses|xml|mostHelpful|page=9,raw_responses/page_09_mostrecent.json;raw_responses/vn_page_09_default.json;raw_responses/vn_page_09_default.xml;raw_responses/vn_page_09_mostHelpful.xml,,0,0
11739086712,App Store,2024-09-18T23:19:23+00:00,5,.,105CA32888 tôi thích ứng dụng,5.7,mạdvbsj,,,,,,vn,,,unprefixed_legacy_raw_responses|json|mostrecent|page=9;vn_prefixed_raw_responses|json|default|page=9;vn_prefixed_raw_responses|xml|default|page=9;vn_prefixed_raw_responses|xml|mostHelpful|page=9,raw_responses/page_09_mostrecent.json;raw_responses/vn_page_09_default.json;raw_responses/vn_page_09_default.xml;raw_responses/vn_page_09_mostHelpful.xml,,0,0
11739051631,App Store,2024-09-18T23:03:59+00:00,5,Sử dụng ok,"Phần mềm dễ sử dụng, thuận tiện và đa dạng thông tin cho người mới 
105CJ57889",5.7,Nguyen Tien Dat,,,,,,vn,,,unprefixed_legacy_raw_responses|json|mostrecent|page=9;vn_prefixed_raw_responses|json|default|page=9;vn_prefixed_raw_responses|xml|default|page=9;vn_prefixed_raw_responses|xml|mostHelpful|page=9,raw_responses/page_09_mostrecent.json;raw_responses/vn_page_09_default.json;raw_responses/vn_page_09_default.xml;raw_responses/vn_page_09_mostHelpful.xml,,0,0
11738768934,App Store,2024-09-18T21:02:47+00:00,5,App ok,"Xài đc 

STK 105CA52746",5.7,iooouhh,,,,,,vn,,,unprefixed_legacy_raw_responses|json|mostrecent|page=9;vn_prefixed_raw_responses|json|default|page=9;vn_prefixed_raw_responses|xml|default|page=9;vn_prefixed_raw_responses|xml|mostHelpful|page=9,raw_responses/page_09_mostrecent.json;raw_responses/vn_page_09_default.json;raw_responses/vn_page_09_default.xml;raw_responses/vn_page_09_mostHelpful.xml,,0,0
11738692321,App Store,2024-09-18T20:30:58+00:00,5,Good UI dễ dùng,105CDE2008 Giao diện dễ dùng,5.7,Oliver_Pham,,,,,,vn,,,unprefixed_legacy_raw_responses|json|mostrecent|page=9;vn_prefixed_raw_responses|json|default|page=9;vn_prefixed_raw_responses|xml|default|page=9;vn_prefixed_raw_responses|xml|mostHelpful|page=9,raw_responses/page_09_mostrecent.json;raw_responses/vn_page_09_default.json;raw_responses/vn_page_09_default.xml;raw_responses/vn_page_09_mostHelpful.xml,,0,0
11738398055,App Store,2024-09-18T18:36:56+00:00,5,TCBS,App tuyệt vời,5.7,105C922839,,,,,,vn,,,unprefixed_legacy_raw_responses|json|mostrecent|page=9;vn_prefixed_raw_responses|json|default|page=9;vn_prefixed_raw_responses|xml|default|page=9;vn_prefixed_raw_responses|xml|mostHelpful|page=9,raw_responses/page_09_mostrecent.json;raw_responses/vn_page_09_default.json;raw_responses/vn_page_09_default.xml;raw_responses/vn_page_09_mostHelpful.xml,,0,0
11738318558,App Store,2024-09-18T18:07:28+00:00,5,105CE77357 tôi thích bảng giá,105CE77357 tôi thích bảng giá,5.7,_gczx_,,,,,,vn,,,unprefixed_legacy_raw_responses|json|mostrecent|page=9;vn_prefixed_raw_responses|json|default|page=9;vn_prefixed_raw_responses|xml|default|page=9;vn_prefixed_raw_responses|xml|mostHelpful|page=9,raw_responses/page_09_mostrecent.json;raw_responses/vn_page_09_default.json;raw_responses/vn_page_09_default.xml;raw_responses/vn_page_09_mostHelpful.xml,,0,0
11738090891,App Store,2024-09-18T16:47:33+00:00,5,App khá ổn,"105CV42941 giao diện app dễ dùng, ổn, chuyên nghiệp, các tính năng hiển thị dễ hiểu, rõ ràng",5.7,Cô bé Cận thị :),,,,,,vn,,,unprefixed_legacy_raw_responses|json|mostrecent|page=9;vn_prefixed_raw_responses|json|default|page=9;vn_prefixed_raw_responses|xml|default|page=9;vn_prefixed_raw_responses|xml|mostHelpful|page=9,raw_responses/page_09_mostrecent.json;raw_responses/vn_page_09_default.json;raw_responses/vn_page_09_default.xml;raw_responses/vn_page_09_mostHelpful.xml,,0,0
11737894863,App Store,2024-09-18T15:43:13+00:00,5,Đánh giá,105CB26878 app oki chi phí giao dịch thấp tui thích,5.7,Đánh giá tcb,,,,,,vn,,,unprefixed_legacy_raw_responses|json|mostrecent|page=9;vn_prefixed_raw_responses|json|default|page=9;vn_prefixed_raw_responses|xml|default|page=9;vn_prefixed_raw_responses|xml|mostHelpful|page=9,raw_responses/page_09_mostrecent.json;raw_responses/vn_page_09_default.json;raw_responses/vn_page_09_default.xml;raw_responses/vn_page_09_mostHelpful.xml,,0,0
11737875975,App Store,2024-09-18T15:37:10+00:00,5,105CTOIYEUVN,105CTOIYEUVN,5.7,Luandv91,,,,,,vn,,,unprefixed_legacy_raw_responses|json|mostrecent|page=9;vn_prefixed_raw_responses|json|default|page=9;vn_prefixed_raw_responses|xml|default|page=9,raw_responses/page_09_mostrecent.json;raw_responses/vn_page_09_default.json;raw_responses/vn_page_09_default.xml,,0,0
11737774724,App Store,2024-09-18T15:05:21+00:00,5,105CA10218 tôi thích bảng giá,105CA10218 tôi thích bảng giá,5.7,105CA10218,,,,,,vn,,,unprefixed_legacy_raw_responses|json|mostrecent|page=9;vn_prefixed_raw_responses|json|default|page=9;vn_prefixed_raw_responses|xml|default|page=9;vn_prefixed_raw_responses|xml|mostHelpful|page=9,raw_responses/page_09_mostrecent.json;raw_responses/vn_page_09_default.json;raw_responses/vn_page_09_default.xml;raw_responses/vn_page_09_mostHelpful.xml,,0,0
11737756821,App Store,2024-09-18T14:59:48+00:00,5,105C1703HV tôi thích bảng giá,105C1703HV tôi thích bảng giá,5.7,Klyz3,,,,,,vn,,,unprefixed_legacy_raw_responses|json|mostrecent|page=9;vn_prefixed_raw_responses|json|default|page=9;vn_prefixed_raw_responses|xml|default|page=9;vn_prefixed_raw_responses|xml|mostHelpful|page=9,raw_responses/page_09_mostrecent.json;raw_responses/vn_page_09_default.json;raw_responses/vn_page_09_default.xml;raw_responses/vn_page_09_mostHelpful.xml,,0,0
11737738681,App Store,2024-09-18T14:54:09+00:00,5,105CO60886,105CO60886 tôi thích bảng giá,5.7,Alexnghi,,,,,,vn,,,unprefixed_legacy_raw_responses|json|mostrecent|page=9;vn_prefixed_raw_responses|json|default|page=9;vn_prefixed_raw_responses|xml|default|page=9;vn_prefixed_raw_responses|xml|mostHelpful|page=9,raw_responses/page_09_mostrecent.json;raw_responses/vn_page_09_default.json;raw_responses/vn_page_09_default.xml;raw_responses/vn_page_09_mostHelpful.xml,,0,0
11737734584,App Store,2024-09-18T14:52:53+00:00,5,Tuyệt vời,105COANHDV Tôi thích bảng giá,5.7,Oanhdv,,,,,,vn,,,unprefixed_legacy_raw_responses|json|mostrecent|page=9;vn_prefixed_raw_responses|json|default|page=9;vn_prefixed_raw_responses|xml|default|page=9;vn_prefixed_raw_responses|xml|mostHelpful|page=9,raw_responses/page_09_mostrecent.json;raw_responses/vn_page_09_default.json;raw_responses/vn_page_09_default.xml;raw_responses/vn_page_09_mostHelpful.xml,,0,0
11737709558,App Store,2024-09-18T14:45:06+00:00,5,Tuyệt,Phí tốt,5.7,Figods,,,,,,vn,,,unprefixed_legacy_raw_responses|json|mostrecent|page=9;vn_prefixed_raw_responses|json|default|page=9;vn_prefixed_raw_responses|xml|default|page=9;vn_prefixed_raw_responses|xml|mostHelpful|page=9,raw_responses/page_09_mostrecent.json;raw_responses/vn_page_09_default.json;raw_responses/vn_page_09_default.xml;raw_responses/vn_page_09_mostHelpful.xml,,0,0
11737687886,App Store,2024-09-18T14:38:18+00:00,5,H,105C2610H9,5.7,vuvanhoi,,,,,,vn,,,unprefixed_legacy_raw_responses|json|mostrecent|page=9;vn_prefixed_raw_responses|json|default|page=9;vn_prefixed_raw_responses|xml|default|page=9,raw_responses/page_09_mostrecent.json;raw_responses/vn_page_09_default.json;raw_responses/vn_page_09_default.xml,,0,0
11737667835,App Store,2024-09-18T14:32:03+00:00,5,Cũng ứng dịch vụ,Tôi rất hài lòng về giao diện của TCBS,5.7,Ln202460,,,,,,vn,,,unprefixed_legacy_raw_responses|json|mostrecent|page=9;vn_prefixed_raw_responses|json|default|page=9;vn_prefixed_raw_responses|xml|default|page=9;vn_prefixed_raw_responses|xml|mostHelpful|page=9,raw_responses/page_09_mostrecent.json;raw_responses/vn_page_09_default.json;raw_responses/vn_page_09_default.xml;raw_responses/vn_page_09_mostHelpful.xml,,0,0
11737645572,App Store,2024-09-18T14:25:08+00:00,5,105CPOOH33,"105CPOOH33, phí rẻ",5.7,Jieun28,,,,,,vn,,,unprefixed_legacy_raw_responses|json|mostrecent|page=9;vn_prefixed_raw_responses|json|default|page=9;vn_prefixed_raw_responses|xml|default|page=9;vn_prefixed_raw_responses|xml|mostHelpful|page=9,raw_responses/page_09_mostrecent.json;raw_responses/vn_page_09_default.json;raw_responses/vn_page_09_default.xml;raw_responses/vn_page_09_mostHelpful.xml,,0,0
11737637438,App Store,2024-09-18T14:22:34+00:00,5,105CO55567 tôi thích bảng giá,105CO55567 tôi thích bảng giá,5.7,kkm278462,,,,,,vn,,,unprefixed_legacy_raw_responses|json|mostrecent|page=9;vn_prefixed_raw_responses|json|default|page=9;vn_prefixed_raw_responses|xml|default|page=9;vn_prefixed_raw_responses|xml|mostHelpful|page=9,raw_responses/page_09_mostrecent.json;raw_responses/vn_page_09_default.json;raw_responses/vn_page_09_default.xml;raw_responses/vn_page_09_mostHelpful.xml,,0,0
11737593258,App Store,2024-09-18T14:09:11+00:00,5,105CLK1979,105CLK1979 tôi thích trái phiếu iconnect,5.7,105CLK1979,,,,,,vn,,,unprefixed_legacy_raw_responses|json|mostrecent|page=9;vn_prefixed_raw_responses|json|default|page=9;vn_prefixed_raw_responses|xml|default|page=9;vn_prefixed_raw_responses|xml|mostHelpful|page=9,raw_responses/page_09_mostrecent.json;raw_responses/vn_page_09_default.json;raw_responses/vn_page_09_default.xml;raw_responses/vn_page_09_mostHelpful.xml,,0,0
11737591937,App Store,2024-09-18T14:08:46+00:00,5,Good,Nice,5.7,SonDX abc,,,,,,vn,,,unprefixed_legacy_raw_responses|json|mostrecent|page=9;vn_prefixed_raw_responses|json|default|page=9;vn_prefixed_raw_responses|xml|default|page=9;vn_prefixed_raw_responses|xml|mostHelpful|page=9,raw_responses/page_09_mostrecent.json;raw_responses/vn_page_09_default.json;raw_responses/vn_page_09_default.xml;raw_responses/vn_page_09_mostHelpful.xml,,0,0
11737585928,App Store,2024-09-18T14:06:55+00:00,5,105CB47055 Minh bạch và rõ ràng,105CB47055 Minh bạch và rõ ràng,5.7,baobao2134,,,,,,vn,,,unprefixed_legacy_raw_responses|json|mostrecent|page=9;vn_prefixed_raw_responses|json|default|page=9;vn_prefixed_raw_responses|xml|default|page=9;vn_prefixed_raw_responses|xml|mostHelpful|page=9,raw_responses/page_09_mostrecent.json;raw_responses/vn_page_09_default.json;raw_responses/vn_page_09_default.xml;raw_responses/vn_page_09_mostHelpful.xml,,0,0
11737584955,App Store,2024-09-18T14:06:38+00:00,5,105CR88896,105CR88896 TÔI THÍCH BẢNG GIÁ,5.7,Duy Kỳ,,,,,,vn,,,unprefixed_legacy_raw_responses|json|mostrecent|page=9;vn_prefixed_raw_responses|json|default|page=9;vn_prefixed_raw_responses|xml|default|page=9;vn_prefixed_raw_responses|xml|mostHelpful|page=9,raw_responses/page_09_mostrecent.json;raw_responses/vn_page_09_default.json;raw_responses/vn_page_09_default.xml;raw_responses/vn_page_09_mostHelpful.xml,,0,0
11737569918,App Store,2024-09-18T14:02:03+00:00,5,Đánh giá,Hài lòng,5.7,㊗️🍎🍏,,,,,,vn,,,unprefixed_legacy_raw_responses|json|mostrecent|page=9;vn_prefixed_raw_responses|json|default|page=9;vn_prefixed_raw_responses|xml|default|page=9;vn_prefixed_raw_responses|xml|mostHelpful|page=9,raw_responses/page_09_mostrecent.json;raw_responses/vn_page_09_default.json;raw_responses/vn_page_09_default.xml;raw_responses/vn_page_09_mostHelpful.xml,,0,0
11737559191,App Store,2024-09-18T13:58:46+00:00,5,đánh giá 5 sao,105CF20669 rất dễ sử dụng,5.7,Yamaha3110,,,,,,vn,,,unprefixed_legacy_raw_responses|json|mostrecent|page=9;vn_prefixed_raw_responses|json|default|page=9;vn_prefixed_raw_responses|xml|default|page=9;vn_prefixed_raw_responses|xml|mostHelpful|page=9,raw_responses/page_09_mostrecent.json;raw_responses/vn_page_09_default.json;raw_responses/vn_page_09_default.xml;raw_responses/vn_page_09_mostHelpful.xml,,0,0
11737544439,App Store,2024-09-18T13:54:17+00:00,5,App rất dễ dùng,Giao diện đẹp hơn các ngân hàng khác,5.7,duy11111,,,,,,vn,,,unprefixed_legacy_raw_responses|json|mostrecent|page=9;vn_prefixed_raw_responses|json|default|page=9;vn_prefixed_raw_responses|xml|default|page=9;vn_prefixed_raw_responses|xml|mostHelpful|page=9,raw_responses/page_09_mostrecent.json;raw_responses/vn_page_09_default.json;raw_responses/vn_page_09_default.xml;raw_responses/vn_page_09_mostHelpful.xml,,0,0
11737542381,App Store,2024-09-18T13:53:39+00:00,5,105CG48066 tôi thích bảng giá,105CG48066 tôi thích bảng giá,5.7,nvfacu,,,,,,vn,,,unprefixed_legacy_raw_responses|json|mostrecent|page=9;vn_prefixed_raw_responses|json|default|page=9;vn_prefixed_raw_responses|xml|default|page=9;vn_prefixed_raw_responses|xml|mostHelpful|page=9,raw_responses/page_09_mostrecent.json;raw_responses/vn_page_09_default.json;raw_responses/vn_page_09_default.xml;raw_responses/vn_page_09_mostHelpful.xml,,0,0
11737533387,App Store,2024-09-18T13:50:55+00:00,5,30 ixu,105CI90286,5.7,Khánh zzzzz,,,,,,vn,,,unprefixed_legacy_raw_responses|json|mostrecent|page=9;vn_prefixed_raw_responses|json|default|page=9;vn_prefixed_raw_responses|xml|default|page=9,raw_responses/page_09_mostrecent.json;raw_responses/vn_page_09_default.json;raw_responses/vn_page_09_default.xml,,0,0
11737517274,App Store,2024-09-18T13:46:05+00:00,5,.,"105CC36088
Tôi thích bảng giá",5.7,Yuying117,,,,,,vn,,,unprefixed_legacy_raw_responses|json|mostrecent|page=9;vn_prefixed_raw_responses|json|default|page=9;vn_prefixed_raw_responses|xml|default|page=9;vn_prefixed_raw_responses|xml|mostHelpful|page=9,raw_responses/page_09_mostrecent.json;raw_responses/vn_page_09_default.json;raw_responses/vn_page_09_default.xml;raw_responses/vn_page_09_mostHelpful.xml,,0,0
11737437185,App Store,2024-09-18T13:21:25+00:00,5,Tốt,Mượt mà dễ sử dụng. Ít lỗi vặt,5.7,Tuyền97,,,,,,vn,,,unprefixed_legacy_raw_responses|json|mostrecent|page=9;vn_prefixed_raw_responses|json|default|page=9;vn_prefixed_raw_responses|xml|default|page=9;vn_prefixed_raw_responses|xml|mostHelpful|page=9,raw_responses/page_09_mostrecent.json;raw_responses/vn_page_09_default.json;raw_responses/vn_page_09_default.xml;raw_responses/vn_page_09_mostHelpful.xml,,0,0
11737363599,App Store,2024-09-18T12:58:51+00:00,5,Toiyeu VN,105CF98992 tôi thích bảng giá,5.7,Gà rù12,,,,,,vn,,,unprefixed_legacy_raw_responses|json|mostrecent|page=9;vn_prefixed_raw_responses|json|default|page=9;vn_prefixed_raw_responses|xml|default|page=9;vn_prefixed_raw_responses|xml|mostHelpful|page=9,raw_responses/page_09_mostrecent.json;raw_responses/vn_page_09_default.json;raw_responses/vn_page_09_default.xml;raw_responses/vn_page_09_mostHelpful.xml,,0,0
11737328061,App Store,2024-09-18T12:47:47+00:00,5,Tuyệt vời,105CA18669,5.7,Hshaghshsb,,,,,,vn,,,unprefixed_legacy_raw_responses|json|mostrecent|page=9;vn_prefixed_raw_responses|json|default|page=9;vn_prefixed_raw_responses|xml|default|page=9,raw_responses/page_09_mostrecent.json;raw_responses/vn_page_09_default.json;raw_responses/vn_page_09_default.xml,,0,0
11737323606,App Store,2024-09-18T12:46:25+00:00,5,105CH22368,Tôi thích bảng giá,5.7,facebook như máu lol,,,,,,vn,,,unprefixed_legacy_raw_responses|json|mostrecent|page=9;vn_prefixed_raw_responses|json|default|page=9;vn_prefixed_raw_responses|xml|default|page=9;vn_prefixed_raw_responses|xml|mostHelpful|page=9,raw_responses/page_09_mostrecent.json;raw_responses/vn_page_09_default.json;raw_responses/vn_page_09_default.xml;raw_responses/vn_page_09_mostHelpful.xml,,0,0
11737303426,App Store,2024-09-18T12:40:06+00:00,5,105CH29389 tôi thích bảng giá,105CH29389 tôi thích bảng giá,5.7,$linh$,,,,,,vn,,,unprefixed_legacy_raw_responses|json|mostrecent|page=9;vn_prefixed_raw_responses|json|default|page=9;vn_prefixed_raw_responses|xml|default|page=9;vn_prefixed_raw_responses|xml|mostHelpful|page=9,raw_responses/page_09_mostrecent.json;raw_responses/vn_page_09_default.json;raw_responses/vn_page_09_default.xml;raw_responses/vn_page_09_mostHelpful.xml,,0,0
11737301876,App Store,2024-09-18T12:39:35+00:00,5,105CA37858,Ok,5.7,tôi ko ưng YT,,,,,,vn,,,unprefixed_legacy_raw_responses|json|mostrecent|page=9;vn_prefixed_raw_responses|json|default|page=9;vn_prefixed_raw_responses|xml|default|page=9;vn_prefixed_raw_responses|xml|mostHelpful|page=9,raw_responses/page_09_mostrecent.json;raw_responses/vn_page_09_default.json;raw_responses/vn_page_09_default.xml;raw_responses/vn_page_09_mostHelpful.xml,,0,0
11737288144,App Store,2024-09-18T12:35:15+00:00,5,105CTOIYEUVN,tôi thích bảng giá - 105CTOIYEUVN,5.7,WebNganh.Vn,,,,,,vn,,,unprefixed_legacy_raw_responses|json|mostrecent|page=9;vn_prefixed_raw_responses|json|default|page=9;vn_prefixed_raw_responses|xml|default|page=9;vn_prefixed_raw_responses|xml|mostHelpful|page=9,raw_responses/page_09_mostrecent.json;raw_responses/vn_page_09_default.json;raw_responses/vn_page_09_default.xml;raw_responses/vn_page_09_mostHelpful.xml,,0,0
11737266767,App Store,2024-09-18T12:28:34+00:00,5,Mua trái phiếu,Rất tiện lợi. Ngồi nhà- mua cả thế giới!,5.7,nghiatruongduy,,,,,,vn,,,unprefixed_legacy_raw_responses|json|mostrecent|page=9;vn_prefixed_raw_responses|json|default|page=9;vn_prefixed_raw_responses|xml|default|page=9;vn_prefixed_raw_responses|xml|mostHelpful|page=9,raw_responses/page_09_mostrecent.json;raw_responses/vn_page_09_default.json;raw_responses/vn_page_09_default.xml;raw_responses/vn_page_09_mostHelpful.xml,,0,0
11737258935,App Store,2024-09-18T12:26:06+00:00,5,Dễ sử dụng,"Giao diện app dễ sử dụng, đẹp",5.7,LoanWriter.Vn,,,,,,vn,,,unprefixed_legacy_raw_responses|json|mostrecent|page=9;vn_prefixed_raw_responses|json|default|page=9;vn_prefixed_raw_responses|xml|default|page=9;vn_prefixed_raw_responses|xml|mostHelpful|page=9,raw_responses/page_09_mostrecent.json;raw_responses/vn_page_09_default.json;raw_responses/vn_page_09_default.xml;raw_responses/vn_page_09_mostHelpful.xml,,0,0
11737247282,App Store,2024-09-18T12:22:24+00:00,5,105CC13683,105CC13683 áp ứng dụng rất tuyệt,5.7,laihoanglinh1990,,,,,,vn,,,unprefixed_legacy_raw_responses|json|mostrecent|page=9;vn_prefixed_raw_responses|json|default|page=9;vn_prefixed_raw_responses|xml|default|page=9;vn_prefixed_raw_responses|xml|mostHelpful|page=9,raw_responses/page_09_mostrecent.json;raw_responses/vn_page_09_default.json;raw_responses/vn_page_09_default.xml;raw_responses/vn_page_09_mostHelpful.xml,,0,0
11737242792,App Store,2024-09-18T12:20:59+00:00,5,Rất tốt,Rất hay,5.7,hcydgdhg,,,,,,vn,,,unprefixed_legacy_raw_responses|json|mostrecent|page=9;vn_prefixed_raw_responses|json|default|page=9;vn_prefixed_raw_responses|xml|default|page=9;vn_prefixed_raw_responses|xml|mostHelpful|page=9,raw_responses/page_09_mostrecent.json;raw_responses/vn_page_09_default.json;raw_responses/vn_page_09_default.xml;raw_responses/vn_page_09_mostHelpful.xml,,0,0
11737235462,App Store,2024-09-18T12:18:37+00:00,5,105CTOIYEUVN,105CTOIYEUVN,5.7,Deo noi,,,,,,vn,,,unprefixed_legacy_raw_responses|json|mostrecent|page=9;vn_prefixed_raw_responses|json|default|page=9;vn_prefixed_raw_responses|xml|default|page=9,raw_responses/page_09_mostrecent.json;raw_responses/vn_page_09_default.json;raw_responses/vn_page_09_default.xml,,0,0
11737234360,App Store,2024-09-18T12:18:18+00:00,5,Good app,105CA11493 giao diện trực quan,5.7,Nguyễn Văn Nhẫn,,,,,,vn,,,unprefixed_legacy_raw_responses|json|mostrecent|page=9;vn_prefixed_raw_responses|json|default|page=9;vn_prefixed_raw_responses|xml|default|page=9;vn_prefixed_raw_responses|xml|mostHelpful|page=9,raw_responses/page_09_mostrecent.json;raw_responses/vn_page_09_default.json;raw_responses/vn_page_09_default.xml;raw_responses/vn_page_09_mostHelpful.xml,,0,0
11737227049,App Store,2024-09-18T12:15:56+00:00,5,Tôi yêu TCBS,105C8386D8,5.7,105C8386D8,,,,,,vn,,,unprefixed_legacy_raw_responses|json|mostrecent|page=9;vn_prefixed_raw_responses|json|default|page=9;vn_prefixed_raw_responses|xml|default|page=9,raw_responses/page_09_mostrecent.json;raw_responses/vn_page_09_default.json;raw_responses/vn_page_09_default.xml,,0,0
11737209733,App Store,2024-09-18T12:10:15+00:00,5,Ht,T,5.7,Hrquangs,,,,,,vn,,,unprefixed_legacy_raw_responses|json|mostrecent|page=9;vn_prefixed_raw_responses|json|default|page=9;vn_prefixed_raw_responses|xml|default|page=9,raw_responses/page_09_mostrecent.json;raw_responses/vn_page_09_default.json;raw_responses/vn_page_09_default.xml,,0,0
11737205326,App Store,2024-09-18T12:08:45+00:00,5,Đánh giá,Tốt,5.7,AnTo3979,,,,,,vn,,,unprefixed_legacy_raw_responses|json|mostrecent|page=9;vn_prefixed_raw_responses|json|default|page=9;vn_prefixed_raw_responses|xml|default|page=9;vn_prefixed_raw_responses|xml|mostHelpful|page=9,raw_responses/page_09_mostrecent.json;raw_responses/vn_page_09_default.json;raw_responses/vn_page_09_default.xml;raw_responses/vn_page_09_mostHelpful.xml,,0,0
11737197834,App Store,2024-09-18T12:06:16+00:00,5,Tốt,Ứng dụng dễ thảo tác hoạt động mượt,5.7,blackcat2312,,,,,,vn,,,unprefixed_legacy_raw_responses|json|mostrecent|page=9;vn_prefixed_raw_responses|json|default|page=9;vn_prefixed_raw_responses|xml|default|page=9;vn_prefixed_raw_responses|xml|mostHelpful|page=9,raw_responses/page_09_mostrecent.json;raw_responses/vn_page_09_default.json;raw_responses/vn_page_09_default.xml;raw_responses/vn_page_09_mostHelpful.xml,,0,0
11737196985,App Store,2024-09-18T12:05:59+00:00,5,app ổn định,chất lượng ok,5.7,cờ rít 7,,,,,,vn,,,unprefixed_legacy_raw_responses|json|mostrecent|page=9;vn_prefixed_raw_responses|json|default|page=9;vn_prefixed_raw_responses|xml|default|page=9;vn_prefixed_raw_responses|xml|mostHelpful|page=9,raw_responses/page_09_mostrecent.json;raw_responses/vn_page_09_default.json;raw_responses/vn_page_09_default.xml;raw_responses/vn_page_09_mostHelpful.xml,,0,0
11737193136,App Store,2024-09-18T12:04:39+00:00,5,105CA13229 5 sao,105CA13229 Tôi thích bảng giá,5.7,Helios9x,,,,,,vn,,,vn_prefixed_raw_responses|xml|mostHelpful|page=9,raw_responses/vn_page_09_mostHelpful.xml,,0,0
11737172573,App Store,2024-09-18T11:57:38+00:00,5,Techcom,"""105C1T8888 "" tôi thích bảng giá",5.7,Nammmm12344,,,,,,vn,,,vn_prefixed_raw_responses|xml|mostHelpful|page=9,raw_responses/vn_page_09_mostHelpful.xml,,0,0
11737168948,App Store,2024-09-18T11:56:25+00:00,5,Tốt,Tốt,5.7,Đạiman,,,,,,vn,,,vn_prefixed_raw_responses|xml|mostHelpful|page=9,raw_responses/vn_page_09_mostHelpful.xml,,0,0
11737157176,App Store,2024-09-18T11:52:18+00:00,5,105CF35468,Rất dễ giao dịch,5.7,CF35468,,,,,,vn,,,vn_prefixed_raw_responses|xml|mostHelpful|page=9,raw_responses/vn_page_09_mostHelpful.xml,,0,0
11737153075,App Store,2024-09-18T11:50:54+00:00,5,Ứng dụng đầu tư,"Ứng dụng giao dịch chứng khoán tốt, đáng dùng",5.7,105C356600,,,,,,vn,,,vn_prefixed_raw_responses|xml|mostHelpful|page=9,raw_responses/vn_page_09_mostHelpful.xml,,0,0
11737118633,App Store,2024-09-18T11:38:45+00:00,5,tuyệt vời,105CI43368 tôi yêu tcbs,5.7,Giá quá chát,,,,,,vn,,,vn_prefixed_raw_responses|xml|mostHelpful|page=9,raw_responses/vn_page_09_mostHelpful.xml,,0,0
11737104569,App Store,2024-09-18T11:33:43+00:00,5,Ứng dụng rất tốt,5 sao,5.7,Hoi9295,,,,,,vn,,,vn_prefixed_raw_responses|xml|mostHelpful|page=9,raw_responses/vn_page_09_mostHelpful.xml,,0,0
11737096946,App Store,2024-09-18T11:30:57+00:00,5,5 sao,105CA84418,5.7,Quí 95,,,,,,vn,,,vn|json|default|page=10;vn|json|mostrecent|page=10;vn|xml|mostrecent|page=10,diagnostics/recency_2026-09-22/vn_page_10_default.json;diagnostics/recency_2026-09-22/vn_page_10_mostrecent.json;diagnostics/recency_2026-09-22/vn_page_10_mostrecent.xml,,0,0
11737083900,App Store,2024-09-18T11:26:09+00:00,5,105FTOIYEUVN,105FTOIYEUVN,5.7,lovelycanary173,,,,,,vn,,,vn|json|default|page=10;vn|json|mostrecent|page=10;vn|xml|mostrecent|page=10,diagnostics/recency_2026-09-22/vn_page_10_default.json;diagnostics/recency_2026-09-22/vn_page_10_mostrecent.json;diagnostics/recency_2026-09-22/vn_page_10_mostrecent.xml,,0,0
11737079010,App Store,2024-09-18T11:24:24+00:00,5,Tốt,105C06040O nhớ gửi mình 30 ixu nha,5.7,nguyenvannnlong,,,,,,vn,,,vn_prefixed_raw_responses|xml|mostHelpful|page=9,raw_responses/vn_page_09_mostHelpful.xml,,0,0
11737075811,App Store,2024-09-18T11:23:11+00:00,5,Nhận tiền,"105CB45338
Tôi yêu TCBS",5.7,Nguyen Phuoc Thinh05,,,,,,vn,,,vn_prefixed_raw_responses|xml|mostHelpful|page=9,raw_responses/vn_page_09_mostHelpful.xml,,0,0
11737075647,App Store,2024-09-18T11:23:08+00:00,5,App ổn định nhiều tính năng hay,"Xài khá ok, tính năng nhiều, phí rẻ",5.7,Anh tu anh tu,,,,,,vn,,,unprefixed_legacy_raw_responses|xml|mostHelpful|page=10,raw_responses/page_10_mostHelpful.xml,,0,0
11737075225,App Store,2024-09-18T11:22:58+00:00,5,105CTOIYEUVN,105CTOIYEUVN,5.7,pham van tu 27121991,,,,,,vn,,,vn|json|default|page=10;vn|json|mostrecent|page=10;vn|xml|mostrecent|page=10,diagnostics/recency_2026-09-22/vn_page_10_default.json;diagnostics/recency_2026-09-22/vn_page_10_mostrecent.json;diagnostics/recency_2026-09-22/vn_page_10_mostrecent.xml,,0,0
11737072937,App Store,2024-09-18T11:22:09+00:00,5,Đánh giá dịch vụ,105CA73989 tôi thích bảng giá,5.7,Sam@thoi,,,,,,vn,,,unprefixed_legacy_raw_responses|xml|mostHelpful|page=10,raw_responses/page_10_mostHelpful.xml,,0,0
11737069705,App Store,2024-09-18T11:20:59+00:00,5,105CN68989,"App dễ sử dụng, phí rẻ 105CN68989",5.7,MinhNgoc968,,,,,,vn,,,unprefixed_legacy_raw_responses|xml|mostHelpful|page=10,raw_responses/page_10_mostHelpful.xml,,0,0
11737057325,App Store,2024-09-18T11:16:23+00:00,5,App rất tuyệt,105CTHK888 app rất tuyệt,5.7,ahhdjjwjNMr,,,,,,vn,,,unprefixed_legacy_raw_responses|xml|mostHelpful|page=10,raw_responses/page_10_mostHelpful.xml,,0,0
11737051356,App Store,2024-09-18T11:14:08+00:00,5,Nhận 30 ixu,105CE98199 tôi thích bảng giá,5.7,Hung@Anh,,,,,,vn,,,unprefixed_legacy_raw_responses|xml|mostHelpful|page=10,raw_responses/page_10_mostHelpful.xml,,0,0
11737023017,App Store,2024-09-18T11:03:14+00:00,5,105C34363I tôi thích bảng giá,105C34363I tôi thích bảng giá,5.7,cuongbm3,,,,,,vn,,,unprefixed_legacy_raw_responses|xml|mostHelpful|page=10,raw_responses/page_10_mostHelpful.xml,,0,0
11737009269,App Store,2024-09-18T10:58:00+00:00,5,105CA60279,Tuyệt vời. rất mượt,5.7,itnguyen,,,,,,vn,,,unprefixed_legacy_raw_responses|xml|mostHelpful|page=10,raw_responses/page_10_mostHelpful.xml,,0,0
11737005901,App Store,2024-09-18T10:56:41+00:00,5,TCBS 105CJ69196,"App rất tiện lợi, dễ sử dụng, tính minh bạch cao.
Tài khoản TCBS: 105CJ69196",5.7,TCBS9196,,,,,,vn,,,unprefixed_legacy_raw_responses|xml|mostHelpful|page=10,raw_responses/page_10_mostHelpful.xml,,0,0
11737005757,App Store,2024-09-18T10:56:38+00:00,5,105CD99529,Ok,5.7,huỷ diệt áp sờ to,,,,,,vn,,,unprefixed_legacy_raw_responses|xml|mostHelpful|page=10,raw_responses/page_10_mostHelpful.xml,,0,0
11737004968,App Store,2024-09-18T10:56:19+00:00,5,105C8J8899 tôi thích bảng giá,105C8J8899 tôi thích bảng giá,5.7,muafi7991,,,,,,vn,,,unprefixed_legacy_raw_responses|xml|mostHelpful|page=10,raw_responses/page_10_mostHelpful.xml,,0,0
11736995322,App Store,2024-09-18T10:52:31+00:00,5,Tốt,Ứng dụng tốt,5.7,phamvancuongviu,,,,,,vn,,,unprefixed_legacy_raw_responses|xml|mostHelpful|page=10,raw_responses/page_10_mostHelpful.xml,,0,0
11736990671,App Store,2024-09-18T10:50:36+00:00,5,TCBS,105CVA2014 tôi thích giao diện bên TCBS,5.7,Hung.cvkevin,,,,,,vn,,,unprefixed_legacy_raw_responses|xml|mostHelpful|page=10,raw_responses/page_10_mostHelpful.xml,,0,0
11736980246,App Store,2024-09-18T10:46:20+00:00,4,Phản hồi,Tôi đã tham gia nhưng thấy sự phản hồi hơi chậm,5.7,Cuabacang,,,,,,vn,,,unprefixed_legacy_raw_responses|xml|mostHelpful|page=10,raw_responses/page_10_mostHelpful.xml,,0,0
11736975483,App Store,2024-09-18T10:44:23+00:00,5,105CDH9292,Tôi đang sử dụng ứng dụng chứng khoán TCBS  ứng dụng dễ dùng thao tác lệnh nhanh.  105CDH9292,5.7,Bố Quỳnh Hương,,,,,,vn,,,unprefixed_legacy_raw_responses|xml|mostHelpful|page=10,raw_responses/page_10_mostHelpful.xml,,0,0
11736971959,App Store,2024-09-18T10:42:57+00:00,5,Ứng dụng tốt,105CH68998,5.7,105CH68998,,,,,,vn,,,vn|json|default|page=10;vn|json|mostrecent|page=10;vn|xml|mostrecent|page=10,diagnostics/recency_2026-09-22/vn_page_10_default.json;diagnostics/recency_2026-09-22/vn_page_10_mostrecent.json;diagnostics/recency_2026-09-22/vn_page_10_mostrecent.xml,,0,0
11736959335,App Store,2024-09-18T10:37:47+00:00,5,Giao diện dễ sử dụng,"App dễ sử dụng và thông minh, tích hợp nhiều công cụ phân tích, tin tức cập nhật liên tục cho các nhà đầu tư
ID: 105CHG9496",5.7,yoonjinloki,,,,,,vn,,,unprefixed_legacy_raw_responses|xml|mostHelpful|page=10,raw_responses/page_10_mostHelpful.xml,,0,0
11736952865,App Store,2024-09-18T10:35:06+00:00,5,Đánh giá,105CE76089  tôi thích bảng giá,5.7,105CE76089,,,,,,vn,,,unprefixed_legacy_raw_responses|xml|mostHelpful|page=10,raw_responses/page_10_mostHelpful.xml,,0,0
11736948542,App Store,2024-09-18T10:33:18+00:00,5,Đánh giá,105CB26878 tôi thích app này vì chi phí giao dịch rẻ,5.7,k.huyen.tc,,,,,,vn,,,unprefixed_legacy_raw_responses|xml|mostHelpful|page=10,raw_responses/page_10_mostHelpful.xml,,0,0
11736948483,App Store,2024-09-18T10:33:17+00:00,5,105CTOIYEUVN,105CA14243 tôi thích bảng giá,5.7,Baohwwy,,,,,,vn,,,unprefixed_legacy_raw_responses|xml|mostHelpful|page=10,raw_responses/page_10_mostHelpful.xml,,0,0
11736944054,App Store,2024-09-18T10:31:29+00:00,5,105CD11121 đánh giá app,105CD11121 tôi thích bảng giá,5.7,105CD11121,,,,,,vn,,,unprefixed_legacy_raw_responses|xml|mostHelpful|page=10,raw_responses/page_10_mostHelpful.xml,,0,0
11736938009,App Store,2024-09-18T10:28:57+00:00,5,Nhận xét ok,Xx,5.7,Scaramouche2595,,,,,,vn,,,unprefixed_legacy_raw_responses|xml|mostHelpful|page=10,raw_responses/page_10_mostHelpful.xml,,0,0
11736936932,App Store,2024-09-18T10:28:29+00:00,5,Techcombank,"Rất an toàn, chuyển tiền nhanh chóng. Xin cảm ơn techcombank đã đem đến những tính năng tạo ra dòng tiền rất hợp lý",5.7,Do quoc Thanh,,,,,,vn,,,unprefixed_legacy_raw_responses|xml|mostHelpful|page=10,raw_responses/page_10_mostHelpful.xml,,0,0
11736926631,App Store,2024-09-18T10:24:09+00:00,5,Dich vu tot,105CH90456,5.7,quyet11,,,,,,vn,,,vn|json|default|page=10;vn|json|mostrecent|page=10;vn|xml|mostrecent|page=10,diagnostics/recency_2026-09-22/vn_page_10_default.json;diagnostics/recency_2026-09-22/vn_page_10_mostrecent.json;diagnostics/recency_2026-09-22/vn_page_10_mostrecent.xml,,0,0
11736923323,App Store,2024-09-18T10:22:45+00:00,5,Ok,105CHB9094,5.7,Thor bayr mauf,,,,,,vn,,,vn|json|default|page=10;vn|json|mostrecent|page=10;vn|xml|mostrecent|page=10,diagnostics/recency_2026-09-22/vn_page_10_default.json;diagnostics/recency_2026-09-22/vn_page_10_mostrecent.json;diagnostics/recency_2026-09-22/vn_page_10_mostrecent.xml,,0,0
11736919174,App Store,2024-09-18T10:20:57+00:00,5,Quá tuyệt,Tôi stk ck tcbs 105CP9559,5.7,thuanvip9c,,,,,,vn,,,unprefixed_legacy_raw_responses|xml|mostHelpful|page=10,raw_responses/page_10_mostHelpful.xml,,0,0
11736917008,App Store,2024-09-18T10:20:01+00:00,5,Good,105CHAVS97 app dễ sử dụng.,5.7,roy_vo,,,,,,vn,,,unprefixed_legacy_raw_responses|xml|mostHelpful|page=10,raw_responses/page_10_mostHelpful.xml,,0,0
11736916314,App Store,2024-09-18T10:19:43+00:00,5,105CF79001,105CF79001 tôi thích bảng giá,5.7,Biểnmây,,,,,,vn,,,unprefixed_legacy_raw_responses|xml|mostHelpful|page=10,raw_responses/page_10_mostHelpful.xml,,0,0
11736913880,App Store,2024-09-18T10:18:41+00:00,5,105CDIDU89,105CDIDU89,5.7,dungokkkkk,,,,,,vn,,,vn|json|default|page=10;vn|json|mostrecent|page=10;vn|xml|mostrecent|page=10,diagnostics/recency_2026-09-22/vn_page_10_default.json;diagnostics/recency_2026-09-22/vn_page_10_mostrecent.json;diagnostics/recency_2026-09-22/vn_page_10_mostrecent.xml,,0,0
11736910823,App Store,2024-09-18T10:17:24+00:00,5,105CM33388 tôi thích bảng giá,105CM33388 tôi thích bảng giá,5.7,Phamthanhliem Vinhomes,,,,,,vn,,,unprefixed_legacy_raw_responses|xml|mostHelpful|page=10,raw_responses/page_10_mostHelpful.xml,,0,0
11736909612,App Store,2024-09-18T10:16:52+00:00,5,App dùng tốt,"Dùng ổn, mượt",5.7,kienxiny,,,,,,vn,,,unprefixed_legacy_raw_responses|xml|mostHelpful|page=10,raw_responses/page_10_mostHelpful.xml,,0,0
11736905097,App Store,2024-09-18T10:14:55+00:00,5,Tốt,"Ap rõ ràng, dễ giao dịch

105CYV2909",5.7,DonotlikeVNPay,,,,,,vn,,,unprefixed_legacy_raw_responses|xml|mostHelpful|page=10,raw_responses/page_10_mostHelpful.xml,,0,0
11736902250,App Store,2024-09-18T10:13:40+00:00,5,105CLK3999,105clk3999 tôi thích bảng giá,5.7,LuÂn-Ka,,,,,,vn,,,unprefixed_legacy_raw_responses|xml|mostHelpful|page=10,raw_responses/page_10_mostHelpful.xml,,0,0
11736900062,App Store,2024-09-18T10:12:42+00:00,5,Ngon,Ngon,5.7,Được đấyy,,,,,,vn,,,unprefixed_legacy_raw_responses|xml|mostHelpful|page=10,raw_responses/page_10_mostHelpful.xml,,0,0
11736898699,App Store,2024-09-18T10:12:05+00:00,5,Good,105CG56299 tôi thích tcbs,5.7,Miol1106,,,,,,vn,,,unprefixed_legacy_raw_responses|xml|mostHelpful|page=10,raw_responses/page_10_mostHelpful.xml,,0,0
11736896147,App Store,2024-09-18T10:11:01+00:00,5,105CANHVU5 tôi yêu TCBS,Tuyệt zời,5.7,Duoma999,,,,,,vn,,,unprefixed_legacy_raw_responses|xml|mostHelpful|page=10,raw_responses/page_10_mostHelpful.xml,,0,0
11736894984,App Store,2024-09-18T10:10:31+00:00,5,Đánh giá,"Ứng dụng ok, dùng mượt",5.7,Ken666888@,,,,,,vn,,,unprefixed_legacy_raw_responses|xml|mostHelpful|page=10,raw_responses/page_10_mostHelpful.xml,,0,0
11736891535,App Store,2024-09-18T10:09:02+00:00,5,Tuyệt,105CT10298 quá ok,5.7,thanhle vnnn,,,,,,vn,,,unprefixed_legacy_raw_responses|xml|mostHelpful|page=10,raw_responses/page_10_mostHelpful.xml,,0,0
11736891062,App Store,2024-09-18T10:08:49+00:00,5,105CTOIYEUVN tôi thích bảng giá,Good,5.7,フォローカイ,,,,,,vn,,,unprefixed_legacy_raw_responses|xml|mostHelpful|page=10,raw_responses/page_10_mostHelpful.xml,,0,0
11736890736,App Store,2024-09-18T10:08:40+00:00,5,App Techcombank,"Qua 5 năm sử dụng , App Techcombank ổn định, dễ dàng sử dụng và có tính bảo mật cao",5.7,Kun2714,,,,,,vn,,,unprefixed_legacy_raw_responses|xml|mostHelpful|page=10,raw_responses/page_10_mostHelpful.xml,,0,0
11736890063,App Store,2024-09-18T10:08:24+00:00,5,good,xài tốt nhưng lãi margin hơi cao,5.7,Ledinhquy,,,,,,vn,,,unprefixed_legacy_raw_responses|xml|mostHelpful|page=10,raw_responses/page_10_mostHelpful.xml,,0,0
11736889608,App Store,2024-09-18T10:08:12+00:00,5,105CTOIYEUVN,Chất lượng dịch vụ quá tốt,5.7,Tangkhungkhiep,,,,,,vn,,,unprefixed_legacy_raw_responses|xml|mostHelpful|page=10,raw_responses/page_10_mostHelpful.xml,,0,0
11736888952,App Store,2024-09-18T10:07:55+00:00,5,105CHNQ688,"105CHNQ688
Bảng giá mượt mà, nhiều công cụ hữu ích để phục vụ nhu cầu của nhà đầu tư.",5.7,Speculator688,,,,,,vn,,,unprefixed_legacy_raw_responses|xml|mostHelpful|page=10,raw_responses/page_10_mostHelpful.xml,,0,0
11736887458,App Store,2024-09-18T10:07:14+00:00,5,105CNL6686,105CNL6686 good,5.7,567 NL,,,,,,vn,,,unprefixed_legacy_raw_responses|xml|mostHelpful|page=10,raw_responses/page_10_mostHelpful.xml,,0,0
11736887227,App Store,2024-09-18T10:07:07+00:00,5,Đánh giá ứng dụng.,105CHUUTAI tôi thích bảng giá,5.7,Find318,,,,,,vn,,,unprefixed_legacy_raw_responses|xml|mostHelpful|page=10,raw_responses/page_10_mostHelpful.xml,,0,0
11736886805,App Store,2024-09-18T10:06:56+00:00,5,105CF89579,105CF89579 tôi thích bảng giá,5.7,cocghe14,,,,,,vn,,,unprefixed_legacy_raw_responses|xml|mostHelpful|page=10,raw_responses/page_10_mostHelpful.xml,,0,0
11736883500,App Store,2024-09-18T10:05:31+00:00,5,Techcombank,"Ứng dụng dễ xài, nhiều tiện ích",5.7,Naibambi710,,,,,,vn,,,unprefixed_legacy_raw_responses|xml|mostHelpful|page=10,raw_responses/page_10_mostHelpful.xml,,0,0
11736883334,App Store,2024-09-18T10:05:27+00:00,5,Oke,Ứng dụng tiện ích giúp chúng tôi kiểm soát đc tk bảo mật,5.7,Yên1305,,,,,,vn,,,unprefixed_legacy_raw_responses|xml|mostHelpful|page=10,raw_responses/page_10_mostHelpful.xml,,0,0
11736882418,App Store,2024-09-18T10:05:03+00:00,5,Ứng dụng dễ sử dụng,Ứng dụng với giao diện và thao tác dễ thực hiện,5.7,Haáionqqqqqq,,,,,,vn,,,unprefixed_legacy_raw_responses|xml|mostHelpful|page=10,raw_responses/page_10_mostHelpful.xml,,0,0
11736882017,App Store,2024-09-18T10:04:53+00:00,5,Tuyệt vời,105CBLBD05 tôi yêu thích bảng giá,5.7,JimmyProDuy,,,,,,vn,,,unprefixed_legacy_raw_responses|xml|mostHelpful|page=10,raw_responses/page_10_mostHelpful.xml,,0,0
11736881923,App Store,2024-09-18T10:04:51+00:00,5,Tài khoản: 105CB49266,"Tài khoản: 105CB49266
Áp rất tiện lợi. Giao dịch mua bán cổ phiếu thuận tiện và dễ sử dụng",5.7,Kimmy Thuỷ,,,,,,vn,,,unprefixed_legacy_raw_responses|xml|mostHelpful|page=10,raw_responses/page_10_mostHelpful.xml,,0,0
11736881714,App Store,2024-09-18T10:04:46+00:00,5,105CP01787,105CP01787 tôi thích bảng giá,5.7,105CP01787,,,,,,vn,,,unprefixed_legacy_raw_responses|xml|mostHelpful|page=10,raw_responses/page_10_mostHelpful.xml,,0,0
11736879163,App Store,2024-09-18T10:03:40+00:00,5,App rất dễ sử dụng,Nhiều tiện ích Stk 105CH91198,5.7,BTHV.SSV,,,,,,vn,,,unprefixed_legacy_raw_responses|xml|mostHelpful|page=10,raw_responses/page_10_mostHelpful.xml,,0,0
11736877477,App Store,2024-09-18T10:02:55+00:00,5,Rất là ok,Nhanh gọn thuận tiện,5.7,105CG78688,,,,,,vn,,,unprefixed_legacy_raw_responses|xml|mostHelpful|page=10,raw_responses/page_10_mostHelpful.xml,,0,0
11736875655,App Store,2024-09-18T10:02:07+00:00,5,Hữu ích,Giao dịch tiện lợi và nhanh chóng,5.7,jsjdhdksyssh,,,,,,vn,,,unprefixed_legacy_raw_responses|xml|mostHelpful|page=10,raw_responses/page_10_mostHelpful.xml,,0,0
11708342893,App Store,2024-09-10T07:01:09+00:00,1,Tệ,Dịch vụ cskh trực tuyến tệ! Xử lý vấn đề trên app tệ! Lỗi app tệ,5.7,kakjxksj hạ,,,,,,vn,,,vn|json|mostHelpful|page=top;vn|public_html|see-all-reviews;vn|xml|mostHelpful|page=1;vn|xml|mostHelpful|page=top,diagnostics/recency_2026-09-22/public_reviews_page.html;diagnostics/recency_2026-09-22/vn_page_01_mostHelpful.xml;diagnostics/recency_2026-09-22/vn_top_mostHelpful.json;diagnostics/recency_2026-09-22/vn_top_mostHelpful.xml,,2,4
11124085882,App Store,2024-04-05T12:18:45+00:00,3,không đổi được mật khẩu,"tạo tài khoản xong, vào ứng dụng bắt đổi mật khẩu mãi mà hok đổi được. admin kiểm tra lại giùm mình với",5.5,thekk-abc,,,,,,vn,,,vn|json|mostHelpful|page=top;vn|public_html|see-all-reviews;vn|xml|mostHelpful|page=1;vn|xml|mostHelpful|page=top,diagnostics/recency_2026-09-22/public_reviews_page.html;diagnostics/recency_2026-09-22/vn_page_01_mostHelpful.xml;diagnostics/recency_2026-09-22/vn_top_mostHelpful.json;diagnostics/recency_2026-09-22/vn_top_mostHelpful.xml,,1,1
10383443236,App Store,2023-09-19T05:03:19+00:00,5,TCBS,"App rất tuyệt vời, mọi giao dịch đều nhanh chóng chính xác, đánh giá trên cả 5 sao!
Tài khoản TCBS: 105CA07444",5.1,Justa cee,,,,,,vn,,,vn|json|mostHelpful|page=top;vn|public_html|see-all-reviews;vn|xml|mostHelpful|page=1;vn|xml|mostHelpful|page=top,diagnostics/recency_2026-09-22/public_reviews_page.html;diagnostics/recency_2026-09-22/vn_page_01_mostHelpful.xml;diagnostics/recency_2026-09-22/vn_top_mostHelpful.json;diagnostics/recency_2026-09-22/vn_top_mostHelpful.xml,,1,1
10217332140,App Store,2023-08-04T03:54:21+00:00,3,Nâng cấp phải giữ bản cũ,"Nâng cấp phải giữ bản cũ, tôi dùng ios 12.5.7 không vào được! Giờ phải thay điện thoại! Các app bên Cty Ck khác đều dùng được",5.1,ventophong,,,,,,vn,,,vn|json|mostHelpful|page=top;vn|public_html|see-all-reviews;vn|xml|mostHelpful|page=1;vn|xml|mostHelpful|page=top,diagnostics/recency_2026-09-22/public_reviews_page.html;diagnostics/recency_2026-09-22/vn_page_01_mostHelpful.xml;diagnostics/recency_2026-09-22/vn_top_mostHelpful.json;diagnostics/recency_2026-09-22/vn_top_mostHelpful.xml,,1,1
10191157286,App Store,2023-07-28T10:58:35+00:00,4,Máy bị xoay ngang ko xoay lại đc,"macbook pro m1 app bị lỗi, bị xoay ngang ko xoay lại đc",5.0.1,Oniontruc,,,,,,vn,,,vn|json|mostHelpful|page=top;vn|public_html|see-all-reviews;vn|xml|mostHelpful|page=1;vn|xml|mostHelpful|page=top,diagnostics/recency_2026-09-22/public_reviews_page.html;diagnostics/recency_2026-09-22/vn_page_01_mostHelpful.xml;diagnostics/recency_2026-09-22/vn_top_mostHelpful.json;diagnostics/recency_2026-09-22/vn_top_mostHelpful.xml,,1,1
9819441432,App Store,2023-04-14T03:22:33+00:00,3,Hay bị lỗi app,Cứ vài ngày là lỗi app phãi xoá đi tải lại hoài.,5.0.1,maihoa Trinh,,,,,,vn,,,vn|json|mostHelpful|page=top;vn|public_html|see-all-reviews;vn|xml|mostHelpful|page=1;vn|xml|mostHelpful|page=top,diagnostics/recency_2026-09-22/public_reviews_page.html;diagnostics/recency_2026-09-22/vn_page_01_mostHelpful.xml;diagnostics/recency_2026-09-22/vn_top_mostHelpful.json;diagnostics/recency_2026-09-22/vn_top_mostHelpful.xml,,1,5
