source,review_id,review_date,rating,title,review_text_raw,incident_present,incident_count,sentiment,complaint_present,product_related,primary_pain_point_family,primary_pain_point_subtype,primary_journey,max_severity,classification_confidence,needs_human_review,classification_status
Google Play,2148bf5a-1fa3-4f4d-875b-ce838bed08ee,2024-10-31T09:13:48+00:00,2,,"Thường xuyên đơ bảng điện, không lưu được cài đặt Widget",True,2,NEGATIVE,True,YES,PERFORMANCE_RELIABILITY,,PRODUCT_DISCOVERY_MARKET_DATA,NONE,HIGH,False,PROVISIONAL
Google Play,f2029ffc-cc34-493c-b9fc-7032b5104830,2025-01-06T12:23:58+00:00,3,,IPower không tự động rút ra lúc 8h sáng,True,1,NEGATIVE,True,YES,DEPOSIT_WITHDRAWAL_TRANSFER,,FUNDING_CASH_TRANSFER,NONE,HIGH,False,PROVISIONAL
Google Play,646b0a5b-3f6c-4f89-9ce4-9f174e440c38,2025-03-10T22:17:51+00:00,4,,Ứng dụng bắt đầu cải thiện độ ổn định. Giảm thêm lãi suất vay thì tốt hơn nữa,True,2,MIXED,True,YES,FEE_PRICING,,FUNDING_CASH_TRANSFER,NONE,HIGH,False,PROVISIONAL
App Store,12725515761,2025-06-02T01:12:20+00:00,5,Tuyệt vời quá,App rất tuyệt. Cảm ơn TCBS nhiều,True,1,POSITIVE,False,YES,,,GENERAL_CROSS_JOURNEY,NONE,HIGH,False,PROVISIONAL
Google Play,e24f9216-51cf-4eb1-86b7-ed37ea9d208d,2025-07-16T12:37:26+00:00,3,,"đang dùng bt tự nhiên bị out ra, h xóa đi cài lại vẫn vậy. bó tay",True,1,NEGATIVE,True,YES,PERFORMANCE_RELIABILITY,,GENERAL_CROSS_JOURNEY,NONE,HIGH,False,PROVISIONAL
Google Play,e1b338d0-d84b-45ab-9f51-ec35cd76d2af,2025-07-30T23:56:31+00:00,3,,ứng dụng hơi tù,True,1,NEGATIVE,True,YES,PERFORMANCE_RELIABILITY,,GENERAL_CROSS_JOURNEY,NONE,MEDIUM,False,PROVISIONAL
Google Play,2d0a8c38-c9a5-4339-ae6c-a5bdad354b60,2025-09-17T10:42:08+00:00,4,,treo đơ liên tục,True,1,NEGATIVE,True,YES,PERFORMANCE_RELIABILITY,,GENERAL_CROSS_JOURNEY,NONE,HIGH,False,PROVISIONAL
App Store,13383696543,2025-11-11T06:52:09+00:00,5,Tin dùng 5 năm,"Đồng hành với TCBS từ ngày đầu vì hệ sinh thái với TCB, đa dạng tính năng cho KH chủ động lựa chọn giao dịch. Tới nay vẫn tin tưởng và đồng hành cùng công ty bởi chính sách cập nhật, tính năng cải tiến liên tục và đi đầu ứng dụng công nghệ mới. 
Hi vọng sau khi lên nền tảng giao dịch tiền số công ty sẽ khẳng định thế mạnh hơn nữa! 💖",True,2,POSITIVE,False,YES,OTHER,,TRADING_ORDER_MANAGEMENT,NONE,HIGH,False,PROVISIONAL
Google Play,e09cba4a-7859-4091-be6a-0dd51d5c54d3,2025-11-17T16:27:40+00:00,4,,Does not work in the landscape mode for tablet. I have to use the web version when working on my tablet because the Android app keep forcing the layout to be rendered in the portrait mode even when I rotate the device to be landscape.,True,1,NEGATIVE,False,YES,UX_NAVIGATION_COMPLEXITY,,GENERAL_CROSS_JOURNEY,NONE,HIGH,False,PROVISIONAL
Google Play,5b6c2184-1efb-4c90-942d-9113dc9e3909,2025-12-22T15:43:44+00:00,2,,UI is so complicated and clearly is leading users at certain financial product over basic stock trading. Even the search function on home page doesnt work properly. the lower fees does not justify using this app at all. not to mention deposit and bank account link takes forever to validate fund for trading. update: on the plus size. This app have the best UI to analyze your portfolio.,True,5,MIXED,True,YES,UX_NAVIGATION_COMPLEXITY,,GENERAL_CROSS_JOURNEY,NONE,HIGH,False,PROVISIONAL
Google Play,914d31b8-1b32-42b1-9356-2cb08c26aba3,2026-02-03T08:10:49+00:00,4,,xem lịch sử giao dịch của các mã cổ phiếu trong thời gian giao dịch luôn bị reset về vị trí ban đầu và không thể kéo xuống xem. Vui lòng update phần mềm.,True,1,NEGATIVE,True,YES,UX_NAVIGATION_COMPLEXITY,,TRADING_ORDER_MANAGEMENT,NONE,HIGH,False,PROVISIONAL
Google Play,ab61f02f-ef5c-4420-988e-1df2def70c5f,2026-03-13T10:57:34+00:00,2,,app như kiểu là trình duyệt web vậy lag điên máy cấu hình yếu bị treo liên tục,True,1,NEGATIVE,True,YES,PERFORMANCE_RELIABILITY,,GENERAL_CROSS_JOURNEY,NONE,HIGH,False,PROVISIONAL
Google Play,ade96f2c-c95d-4486-8c9b-17394d3bd7e7,2026-04-16T08:45:49+00:00,3,,bị lỗi out khi đăng nhập samsung note s23 ultra,True,1,NEGATIVE,True,YES,AUTHENTICATION_IOTP,,LOGIN_AUTHENTICATION,NONE,HIGH,False,PROVISIONAL
Google Play,44d2d1dd-47b3-4af1-89c4-476dd62e4079,2026-04-29T09:50:43+00:00,4,,sáng nay bị sao vậy ... mình thấy số liệu trên bảng điện không dịch chuyển thoát ra vào lại mấy lần cũng vẫn vậy,True,1,NEGATIVE,True,YES,MARKET_DATA_STALENESS_ACCURACY,,PRODUCT_DISCOVERY_MARKET_DATA,NONE,HIGH,False,PROVISIONAL
Google Play,028fcd26-9ed7-4edb-a256-5d54363dfa43,2026-05-15T13:12:47+00:00,1,,DV CSKH tệ,True,1,NEGATIVE,True,YES,CUSTOMER_SUPPORT,,CUSTOMER_SUPPORT,NONE,HIGH,False,PROVISIONAL
Google Play,ffc75f9c-aa45-4b1c-93d3-23ed5eb22db1,2026-05-15T14:27:10+00:00,1,,"quá tệ delay dịch vụ quá, ko tải được tiền để đặt lệnh mua bán",True,1,NEGATIVE,True,YES,DEPOSIT_WITHDRAWAL_TRANSFER,,FUNDING_CASH_TRANSFER,NONE,HIGH,False,PROVISIONAL
Google Play,60a8d5dd-9c2f-46a0-aa57-129f1ffc940f,2026-05-16T10:11:01+00:00,5,,app mượt ổn,True,1,POSITIVE,False,YES,,,GENERAL_CROSS_JOURNEY,NONE,HIGH,False,PROVISIONAL
Google Play,bf7e5cd3-039f-4a62-9317-b74e11987ad3,2026-05-21T11:23:21+00:00,1,,"lạm dụng AI tự động, cskh ngày càng tệ, dù là khách hàng lâu năm, tôi đang xem xét việc chọn bên khác thay thế",True,1,NEGATIVE,True,YES,CUSTOMER_SUPPORT,,CUSTOMER_SUPPORT,NONE,HIGH,False,PROVISIONAL
Google Play,c06ce68c-7cf1-42e5-b2f7-5deb78d724b4,2026-06-04T09:03:29+00:00,1,,giờ thì ko rút tiền được luôn,True,1,NEGATIVE,True,YES,DEPOSIT_WITHDRAWAL_TRANSFER,,FUNDING_CASH_TRANSFER,NONE,HIGH,False,PROVISIONAL
Google Play,c94d9d46-d3f6-4d2b-a423-99fd466da2bf,2026-06-05T09:00:28+00:00,1,,"ứng dụng lag lỏ , lỗi ngay từ đăng nhập , lỗi vân tay đen màn hình",True,2,NEGATIVE,True,YES,PERFORMANCE_RELIABILITY,,GENERAL_CROSS_JOURNEY,NONE,HIGH,False,PROVISIONAL
Google Play,8771ba42-a4ea-4598-b9a8-36490bfeb79d,2026-06-06T15:49:03+00:00,5,,Rất tiện lợi,True,1,POSITIVE,False,YES,,,GENERAL_CROSS_JOURNEY,NONE,HIGH,False,PROVISIONAL
Google Play,4c428c82-6ec9-4e1e-b37f-4e6ef8b5f482,2026-06-07T16:17:47+00:00,1,,me nó bán kiểu gì deo được vậy,True,1,NEGATIVE,True,YES,TRADING_ORDER_EXECUTION,,TRADING_ORDER_MANAGEMENT,NONE,MEDIUM,False,PROVISIONAL
Google Play,b431f770-1878-4782-99ba-23a4eadeb8a8,2026-06-15T12:31:37+00:00,1,,có mỗi iotp mà nửa ngày không thấy gửi. tốn thời gian,True,1,NEGATIVE,True,YES,AUTHENTICATION_IOTP,,LOGIN_AUTHENTICATION,NONE,HIGH,False,PROVISIONAL
Google Play,1b8d554a-8ac2-466c-9a62-48d2ceb8f9dc,2026-06-15T14:41:15+00:00,1,,"Có mỗi chuyện đổi sdt thông tin khách hàng thôi mà 3 tuần không xong, trong khi là nội bộ xử lý xử lý sai quy trình bắt khách hàng chịu",True,1,NEGATIVE,True,YES,ACCOUNT_RECOVERY_PROFILE_CHANGE,,ACCOUNT_PROFILE_MAINTENANCE,NONE,HIGH,False,PROVISIONAL
Google Play,03c56544-f2d8-4975-9303-476198a71e3f,2026-06-15T23:11:47+00:00,4,,Tính năng đôi lúc thấy lỗi,True,1,NEGATIVE,True,YES,PERFORMANCE_RELIABILITY,,GENERAL_CROSS_JOURNEY,NONE,MEDIUM,False,PROVISIONAL
Google Play,2e57ca2a-a55a-4673-aaf5-c000e60ed58f,2026-06-25T10:00:03+00:00,1,,"app tệ hại. chất lượng dịch vụ kém. tổng đài trả lời rất chậm, vô trách nhiệm.",True,1,NEGATIVE,True,YES,CUSTOMER_SUPPORT,,CUSTOMER_SUPPORT,NONE,HIGH,False,PROVISIONAL
Google Play,8d1d5943-3d4b-4a95-a77d-f76b6a3c15de,2026-06-25T11:21:19+00:00,3,,giao diện phức tạp,True,1,NEGATIVE,True,YES,UX_NAVIGATION_COMPLEXITY,,GENERAL_CROSS_JOURNEY,NONE,HIGH,False,PROVISIONAL
Google Play,1f670647-e23a-481e-8c92-2ef749caec4d,2026-06-26T08:55:23+00:00,3,,có cái mã iotpmaf mãi k đăng kí được,True,1,NEGATIVE,True,YES,AUTHENTICATION_IOTP,,LOGIN_AUTHENTICATION,NONE,HIGH,False,PROVISIONAL
Google Play,eb419b10-baf3-404a-b6ec-828b0eee758c,2026-06-26T10:25:50+00:00,1,,"không thể cài vân tay, vấn đề ở đâu vậy?",True,1,NEGATIVE,True,YES,AUTHENTICATION_IOTP,,LOGIN_AUTHENTICATION,NONE,HIGH,False,PROVISIONAL
Google Play,e3383658-6e3a-42cd-9016-5563a4a31347,2026-06-29T11:18:00+00:00,1,,"cực kỳ đơ lag giật. giao diện không thân thiện. UI Ux tệ, dễ đặt nhầm lệnh. bấm vào phần đặt giá thì bàn phím ảo hiện lên che hết giá dẫn đến vào giá sai. k lưu đc indicator",True,4,NEGATIVE,True,YES,PERFORMANCE_RELIABILITY,,GENERAL_CROSS_JOURNEY,NONE,HIGH,False,PROVISIONAL
Google Play,1cd27e9e-b4ac-454f-af92-bedcc0050342,2026-06-30T08:26:29+00:00,5,,Hỗ trợ khách hàng rất chuyên nghiệp.,True,1,POSITIVE,False,YES,,,CUSTOMER_SUPPORT,NONE,HIGH,False,PROVISIONAL
Google Play,9e0c556c-b2cf-4748-b15d-39495f996bf3,2026-06-30T15:47:12+00:00,1,,không chạy nổi,True,1,NEGATIVE,True,YES,PERFORMANCE_RELIABILITY,,GENERAL_CROSS_JOURNEY,NONE,HIGH,False,PROVISIONAL
Google Play,83d82a5a-a7ff-4496-8ce4-6e2b34d70397,2026-06-30T18:08:47+00:00,1,,"Rác vãi, lỗi lên lỗi xuống thế thì làm sao có người dùng",True,1,NEGATIVE,True,YES,PERFORMANCE_RELIABILITY,,GENERAL_CROSS_JOURNEY,NONE,MEDIUM,False,PROVISIONAL
Google Play,af8a59ca-c7f4-42e5-8334-271f9748bc89,2026-07-03T14:38:16+00:00,5,,Cải thiện UX/UI đơn giản nhưng nhiều chức năng sẽ tốt hơn.,True,1,NEUTRAL,True,YES,OTHER,,GENERAL_CROSS_JOURNEY,NONE,HIGH,False,PROVISIONAL
Google Play,237cc17c-8b8a-4adf-9882-de55eb411a19,2026-07-06T10:57:17+00:00,1,,áp nhìn rối mắt khó xài quá nên đổi cho dể nhìn dể thao tác,True,1,NEGATIVE,True,YES,UX_NAVIGATION_COMPLEXITY,,GENERAL_CROSS_JOURNEY,NONE,HIGH,False,PROVISIONAL
Google Play,89c58827-2128-479a-bdfa-12cb8375f846,2026-07-06T21:14:56+00:00,1,,chuyển tiền buổi tối khi cần thiết không cho chuyển,True,1,NEGATIVE,True,YES,DEPOSIT_WITHDRAWAL_TRANSFER,,FUNDING_CASH_TRANSFER,NONE,HIGH,False,PROVISIONAL
Google Play,80e560a0-ba66-4116-9e4a-6140ea9cbe79,2026-07-06T22:08:46+00:00,1,,"App rất tệ, không thể chuyển tiền từ TCBS ra ngân hàng",True,1,NEGATIVE,True,YES,DEPOSIT_WITHDRAWAL_TRANSFER,,FUNDING_CASH_TRANSFER,NONE,HIGH,False,PROVISIONAL
Google Play,acf31f80-cf4c-44e3-b70e-0245cf368521,2026-07-07T11:15:04+00:00,1,,không cài đặt được vân tay,True,1,NEGATIVE,True,YES,AUTHENTICATION_IOTP,,LOGIN_AUTHENTICATION,NONE,HIGH,False,PROVISIONAL
Google Play,0965c4ed-df13-48d6-b0f0-8f5c739800da,2026-07-09T11:24:32+00:00,1,,"không xác nhận được sinh trắc học, lúc nộp video nó load gần 1h không xong phần submitting the vertification, không đăng ký được",True,1,NEGATIVE,True,YES,ONBOARDING_KYC,,ACCOUNT_OPENING_KYC,NONE,HIGH,False,PROVISIONAL
Google Play,8a6e6c41-9bfb-4a15-bbae-c2f83ead1bda,2026-07-09T14:51:45+00:00,1,,"phí rẻ nên xài. nhưng quản lý lời lỗ phải nhờ excel, xem bảng giá phải nhờ SSI. nói chung được mỗi cái phí rẻ. app lởm quá.",True,3,MIXED,True,YES,PRODUCT_PORTFOLIO_INFORMATION,,PORTFOLIO_TRACKING,NONE,HIGH,False,PROVISIONAL
Google Play,1eb01879-8d2e-41ce-a4b4-1dfd9c6ffd53,2026-07-11T12:10:10+00:00,1,,"App lag, lỗi lurg tung, liên kết TCB gì mãi chả được, số dư thì hiện chập chờn Bó tay",True,3,NEGATIVE,True,YES,PERFORMANCE_RELIABILITY,,GENERAL_CROSS_JOURNEY,NONE,HIGH,False,PROVISIONAL
Google Play,e7a9cf27-0878-42f7-8972-3a2542c2af3f,2026-07-15T08:11:02+00:00,1,,"phần mềm tồi tệ, xác minh khuôn mặt cả nghìn lần không được.",True,1,NEGATIVE,True,YES,ONBOARDING_KYC,,ACCOUNT_OPENING_KYC,NONE,HIGH,False,PROVISIONAL
Google Play,56f40fd1-9968-4020-a53d-7faa5f81b4ba,2026-07-16T08:30:18+00:00,5,,good,True,1,POSITIVE,False,YES,,,GENERAL_CROSS_JOURNEY,NONE,HIGH,False,PROVISIONAL
Google Play,ab2dfff3-3256-4426-bcff-90608588dd94,2026-07-25T16:01:59+00:00,2,,"không khớp được lệnh mặc dù lệnh LO , giá mua cao hơn giá rao bán vẫn không khớp",True,1,NEGATIVE,True,YES,TRADING_ORDER_EXECUTION,,TRADING_ORDER_MANAGEMENT,NONE,HIGH,False,PROVISIONAL
Google Play,02cf4533-f984-4fee-9f9a-dfcca55f1a06,2026-07-29T21:49:39+00:00,1,,Tạo tài khoản không cho tạo r hiện sđt không hợp lệ?? Vậy tạo app chi mà không cho người dùng giao dịch??,True,1,NEGATIVE,True,YES,ONBOARDING_KYC,,ACCOUNT_OPENING_KYC,NONE,HIGH,False,PROVISIONAL
Google Play,5d89ab13-4007-48a8-8e02-6279e531d636,2026-08-01T17:01:26+00:00,5,,"tạm thời Ok. +Phần đăng ký: đăng ký online hôm trước thì hôm sau được duyệt để mua rồi. + Phí giao dịch : khi mua là phí 0.03% khá rẻ, khi bán là phí 0.03% và thuế TNCN 0.1% + Sau khi chuyển tiền thì tầm 1 phút mới cập nhật số dư. + Sau khi bán là phần tiền bán 2 ngày sau mới về tài khoản để rút ra, nhưng ngay lập tức có thể dùng để mua cổ phiếu khác luôn. + Khoảng tầm 9h tối sẽ được nhận thư tổng kết về giao dịch mua bán trong ngày.",True,4,POSITIVE,False,YES,DEPOSIT_WITHDRAWAL_TRANSFER,,FUNDING_CASH_TRANSFER,NONE,HIGH,False,PROVISIONAL
Google Play,e5ec7f53-687e-43a7-aa2c-55e6ead04049,2026-08-04T20:07:41+00:00,1,,"App quá chán. Lúc cần bán thì k vào dc, dựt lag quá",True,1,NEGATIVE,True,YES,PERFORMANCE_RELIABILITY,,TRADING_ORDER_MANAGEMENT,NONE,HIGH,False,PROVISIONAL
Google Play,01ad6ded-2aab-45a5-b0c7-e94d5828b921,2026-08-07T09:24:22+00:00,1,,lag,True,1,NEGATIVE,True,YES,PERFORMANCE_RELIABILITY,,GENERAL_CROSS_JOURNEY,NONE,HIGH,False,PROVISIONAL
Google Play,70b1c57f-f62a-4b30-b5cb-08fef6063ccd,2026-08-10T15:03:03+00:00,2,,"App làm rối quá, làm như SSI hay MBS cho dễ sử dụng.",True,1,NEGATIVE,True,YES,UX_NAVIGATION_COMPLEXITY,,GENERAL_CROSS_JOURNEY,NONE,HIGH,False,PROVISIONAL
Google Play,b80c2d64-7ce6-4036-9237-860697ee5178,2026-08-12T15:23:48+00:00,1,,"chậm, lag quá ạ",True,1,NEGATIVE,True,YES,PERFORMANCE_RELIABILITY,,GENERAL_CROSS_JOURNEY,NONE,HIGH,False,PROVISIONAL
Google Play,036f8109-831e-469c-bbe2-1b284129e69b,2026-08-21T17:39:02+00:00,5,,Tôi thấy dùng tốt bình mà sao mọi người bình luận tệ thế nhỉ hay do mới tham gia thị trường nên vậy,True,1,POSITIVE,False,YES,,,GENERAL_CROSS_JOURNEY,NONE,HIGH,False,PROVISIONAL
Google Play,9e1764d8-c3f8-42aa-ae90-cd5c55046620,2026-08-24T16:45:37+00:00,2,,"Phần đặt lệnh, hiển thị các mức giá chờ khớp chưa được dễ dùng như của FPT và SSI",True,1,NEGATIVE,True,YES,UX_NAVIGATION_COMPLEXITY,,TRADING_ORDER_MANAGEMENT,NONE,HIGH,False,PROVISIONAL
Google Play,9450f8ac-d9ba-4f47-b7f2-3271066a7707,2026-08-25T10:25:19+00:00,1,,app lỗi vcl. không quay vid xác thực khuôn mặt được. quá tệ,True,1,NEGATIVE,True,YES,ONBOARDING_KYC,,ACCOUNT_OPENING_KYC,NONE,HIGH,False,PROVISIONAL
Google Play,5bac4bc7-ad1e-45fe-858c-84c7185e971a,2026-08-28T23:10:48+00:00,1,,"Ứng dụng lỏi, vô tạo tài khoản bấm tiếp tục mãi k đc",True,1,NEGATIVE,True,YES,ONBOARDING_KYC,,ACCOUNT_OPENING_KYC,NONE,HIGH,False,PROVISIONAL
Google Play,74c2b3de-07a9-4e83-afe4-76ce8134f8f0,2026-08-29T21:30:32+00:00,1,,"Rất tệ yêu cầu mã iOTP mà chờ gần 30p không có , liên hệ nhân viên thì không được , hệ thống quản lý quá kém",True,2,NEGATIVE,True,YES,AUTHENTICATION_IOTP,,LOGIN_AUTHENTICATION,NONE,HIGH,False,PROVISIONAL
Google Play,84a4e782-1615-4764-ad24-3974c5da8eb0,2026-09-08T08:36:53+00:00,2,,app lag giật khó dùng,True,1,NEGATIVE,True,YES,PERFORMANCE_RELIABILITY,,GENERAL_CROSS_JOURNEY,NONE,HIGH,False,PROVISIONAL
Google Play,7d25eb7f-ac40-4de4-8943-5ab02a03cdbf,2026-09-09T06:36:39+00:00,1,,"App Techcombank Mobile nhanh bao nhiêu thì app TCBS chậm bấy nhiêu, đó là vì TCB mobile có giao diện đơn giản. Để cải thiện, các bạn cần đơn giản hóa giao diện, các cửa sổ lựa chọn chỉ nên hiện những gì cần thiết, cơ bản (các tính năng thông minh khác dành cho nhà đầu tư chuyên nghiệp nên được cất vào một trường tính năng riêng). Các quảng cáo hấp dẫn gì đó cần tóm gọn lại vào một trường riêng, VD ""Tối ưu lợi nhuận"". Thứ khách hàng cần là sự đơn giản trong trải nghiệm.",True,2,NEGATIVE,True,YES,PERFORMANCE_RELIABILITY,,GENERAL_CROSS_JOURNEY,NONE,HIGH,False,PROVISIONAL
Google Play,b60631dc-52f7-4a6e-ab62-777981d617ec,2026-09-11T15:57:15+00:00,1,,"Giao diện app quá tệ. Tính năng cơ bản như xem chart và đặt lệnh chuyển qua lại rất phức tạp, tôi muốn vừa xem chart nhanh vừa đặt lệnh nhiều ngày (24/7) đơn giản, mà app quá rườm rà, giao diện nhiều tính năng rác không dùng đến chiếm hết chỗ. Muốn xem danh mục của tôi đang giữ biến động thế nào cũng rườm rà.",True,3,NEGATIVE,True,YES,UX_NAVIGATION_COMPLEXITY,,TRADING_ORDER_MANAGEMENT,NONE,HIGH,False,PROVISIONAL
Google Play,ef9573f5-cac7-4b27-857a-f29bebf2c4d2,2026-09-14T08:56:29+00:00,3,,"Tôi đang sở hữu quỹ tcef đặt mua thêm ccq ngay trong tcef mà khi đặt lệnh lại lòi ra lệnh mua tcbf là sao vậy, ai code app kỳ vậy",True,1,NEGATIVE,True,YES,TRADING_ORDER_EXECUTION,,TRADING_ORDER_MANAGEMENT,NONE,HIGH,False,PROVISIONAL
Google Play,f93f9a8e-c094-4ceb-8268-f4ba73dbb18c,2026-09-15T22:04:51+00:00,1,,"bắt làm chữ ký số mà cứ chụp ảnh xong là đơ, ko làm đc cái gì nữa, xóa đi cài lại vẫn thế",True,1,NEGATIVE,True,YES,OTHER,,ACCOUNT_PROFILE_MAINTENANCE,NONE,HIGH,False,PROVISIONAL
Google Play,4ae66065-e785-4516-a20d-51040c7a80d2,2026-09-18T18:49:22+00:00,1,,"rẻ rách, đã rườm rà còn khó xài",True,1,NEGATIVE,True,YES,UX_NAVIGATION_COMPLEXITY,,GENERAL_CROSS_JOURNEY,NONE,HIGH,False,PROVISIONAL
Google Play,45b7bb0f-cd74-43a9-9b85-bd050b6a1f9f,2026-09-21T05:51:18+00:00,1,,Mới dùng thử . App giao diên quá chán. Dùng tcbs . Mà phải vào ssi xem giá . .ap quá chán luôn .,True,2,NEGATIVE,True,YES,PRODUCT_PORTFOLIO_INFORMATION,,PRODUCT_DISCOVERY_MARKET_DATA,NONE,HIGH,False,PROVISIONAL
Google Play,6638c299-2864-4386-837e-41064b75be48,2026-09-21T12:13:27+00:00,1,,sao cứ cứng đơ không nhích nhút gõ bất kỳ một chữ nào được....,True,1,NEGATIVE,True,YES,PERFORMANCE_RELIABILITY,,GENERAL_CROSS_JOURNEY,NONE,HIGH,False,PROVISIONAL
App Store,11751734326,2024-09-22T10:54:35+00:00,5,105CT91899 tôi thích bảng giá,105CT91899 tôi thích bảng giá,True,1,POSITIVE,False,YES,,,PRODUCT_DISCOVERY_MARKET_DATA,NONE,MEDIUM,False,PROVISIONAL
App Store,11801692398,2024-10-05T22:50:08+00:00,5,Oke,Oke,True,1,POSITIVE,False,YES,,,UNKNOWN,NONE,LOW,True,PROVISIONAL
Google Play,c6eae58a-de68-4a0d-add8-231850981783,2025-02-11T10:25:45+00:00,3,,Bước đầu thấy phù hợp cho cá nhân tự phân tích. Cần bổ sung thêm khung chart để hiển thị thêm mã. Thêm khung thời gian để phân tích. Nghe bạn bè dùng nói hay bị treo lúc thị trường sập không biết đã khắc phục chưa. Tôi thấy là tại sao có thông báo mua gói bảo mật việc bảo mật và giữ an toàn cho khách hàng trên hệ thống là đương nhiên phải đáp ứng chứ nhỉ.,True,3,MIXED,True,YES,PRODUCT_PORTFOLIO_INFORMATION,,PRODUCT_DISCOVERY_MARKET_DATA,NONE,MEDIUM,False,PROVISIONAL
Google Play,01c61fdf-61e9-4a21-9167-382c2205e006,2025-03-10T09:13:03+00:00,2,,App quá tệ,True,1,NEGATIVE,False,YES,UNCLEAR,,UNKNOWN,NONE,MEDIUM,False,PROVISIONAL
Google Play,b5161b29-c1a7-41da-b77f-d8fd16a97d00,2026-04-29T09:47:01+00:00,2,,tcbs năm nay nghỉ lễ sớm à,True,1,NEGATIVE,False,YES,UNCLEAR,,UNKNOWN,NONE,LOW,True,PROVISIONAL
Google Play,07616126-4fd6-4860-a991-a0a6ea51f192,2026-07-24T10:33:14+00:00,5,,mong đợi,False,0,UNCLEAR,False,UNCLEAR,,,,NONE,LOW,False,PROVISIONAL
App Store,14467591535,2026-08-24T19:29:06+00:00,5,NGUYEN VAN PHUONG,Namkuto,False,0,UNCLEAR,False,UNCLEAR,,,,NONE,LOW,True,PROVISIONAL
App Store,11750539058,2024-09-22T02:23:34+00:00,4,Cần cải thiện,"Phần đăng nhập & các bước thực hiện nhanh , thuận lợi
Tuy nhiên có các phần cần khắc phục
+ Đợt vừa rồi ở phần tất cả không hiện thị thông số tiền trong 2 TK ngân hàng và tk ký quỹ ( bảng all )
+ Margin không hiển thị + -",True,2,MIXED,True,YES,PRODUCT_PORTFOLIO_INFORMATION,,PORTFOLIO_TRACKING,NONE,HIGH,False,PROVISIONAL
App Store,11764988478,2024-09-26T01:54:35+00:00,1,Đừng bao giờ bị mất số điện thoại kèm điện thoại,"Trải nghiệm 05 ngày bị giam tài khoản chỉ vì chờ 02 tờ giấy từ ngân hàng gửi về TCBS.
      Thiết nghĩ thời đại công nghệ chưa áp dụng được vào truong hợp cua tôi ! 
      Quá ưu ái cho cái tổng đài zalo, fb ... trả lời như 1 con robot.",True,2,NEGATIVE,True,YES,ACCOUNT_RECOVERY_PROFILE_CHANGE,,ACCOUNT_PROFILE_MAINTENANCE,NONE,MEDIUM,False,PROVISIONAL
App Store,11782829718,2024-09-30T21:28:20+00:00,1,Lừa đảo,Khi ngta đặt lệnh mua phải mặc định là lệnh thường chứ không phải là lệnh ký quỹ. Ký quỹ cái gì mà trừ hết 50% tiền đặt mua trong khi không có lời. Làm như vậy thành ra lỗ luôn . Tụi bây làm vậy mà coi được. Trả lại tiền ký quỹ cho ngta đi.,True,1,NEGATIVE,True,YES,TRADING_ORDER_EXECUTION,,TRADING_ORDER_MANAGEMENT,NONE,HIGH,False,PROVISIONAL
App Store,12004106819,2024-11-29T05:58:51+00:00,3,Lỗi app,Cần cải thiện để khách hàng có trải nghiệm tốt,True,1,NEGATIVE,False,YES,UNCLEAR,,UNKNOWN,NONE,MEDIUM,False,PROVISIONAL
App Store,12031084904,2024-12-06T05:45:56+00:00,3,Hay bị lỗi,Vào danh mục treo đơ luôn,True,1,NEGATIVE,True,YES,PERFORMANCE_RELIABILITY,,PORTFOLIO_TRACKING,NONE,HIGH,False,PROVISIONAL
App Store,12092046546,2024-12-22T08:52:10+00:00,2,Phần đặt lệnh cổ phiếu thực sự chán. Đơn điệu không hiển được thông tin thị trường thời điểm đó.,"Nhiều lúc đặt giá xong mở ra xem giá tt đã thay đổi từ lúc nào. Phần đặt khối lượng cũng vậy, nhiều lúc quên ko biết khối lượng cp của mình có bao nhiêu lại phải quay lại từ đầu để xem. Thực sự rất khó chịu",True,2,NEGATIVE,True,YES,TRADING_ORDER_EXECUTION,,TRADING_ORDER_MANAGEMENT,NONE,HIGH,False,PROVISIONAL
App Store,12268805709,2025-02-04T07:01:54+00:00,3,Giao diện trên ipad cần chỉnh sửa,Giao diện trên ipad ko được scale fit với màn hình dẫn tới tình trạng bị xộc xệch khá khó chịu! M dùng pro m4 11 inches,True,1,NEGATIVE,True,YES,UX_NAVIGATION_COMPLEXITY,,GENERAL_CROSS_JOURNEY,NONE,HIGH,False,PROVISIONAL
App Store,12387003343,2025-03-06T02:00:38+00:00,1,Lỗi đăng nhập - gọi hỗ trợ chỉ có tổng đài tự động,Hỗ trợ kém,True,2,NEGATIVE,True,YES,AUTHENTICATION_IOTP,,LOGIN_AUTHENTICATION,NONE,HIGH,False,PROVISIONAL
App Store,12388866897,2025-03-06T14:23:40+00:00,2,Xử lý chậm,"Thông báo dao dịch trong ngày về mail chậm. Hơn 10h chưa thấy đâu.
Hiễn thị lãi lỗ rối.",True,2,NEGATIVE,True,YES,NOTIFICATION_COMMUNICATION,,GENERAL_CROSS_JOURNEY,NONE,HIGH,False,PROVISIONAL
App Store,12492849736,2025-04-02T01:50:34+00:00,3,Load data ta quá nhiu,"Mỗi mở app tốn hơn 30MB data, xài ko để ý là hết dung lượng 4g",True,1,NEGATIVE,True,YES,EXCESSIVE_DATA_CONSUMPTION,,GENERAL_CROSS_JOURNEY,NONE,HIGH,False,PROVISIONAL
App Store,12722683974,2025-06-01T09:05:15+00:00,5,Xứng đáng app đầu tu số 1 VN,"TCInvest mang đến một môi trường làm việc năng động, không ngừng phát triển, nơi những ý tưởng đột phá luôn được khuyến khích và triển khai nhanh chóng. Đội ngũ tại đây luôn nỗ lực sáng tạo, mang đến trải nghiệm tuyệt vời cho khách hàng, xứng đáng là một nền tảng đầu tư tài chính hàng đầu!",True,1,POSITIVE,False,YES,,,GENERAL_CROSS_JOURNEY,NONE,MEDIUM,False,PROVISIONAL
App Store,12727113643,2025-06-02T12:18:56+00:00,5,105CTOIYEUVN tôi thích bảng giá,Rất hay,True,1,POSITIVE,False,YES,,,PRODUCT_DISCOVERY_MARKET_DATA,NONE,MEDIUM,False,PROVISIONAL
App Store,12764204218,2025-06-12T02:59:07+00:00,5,TCBS ổn đấy chứ,"Đã có dịp được ghé vp TCBS, thấy môi trường làm việc của các bạn rất gọn gàng sạch đẹp, thái độ, tác phong phục vụ hỗ trợ Kh cũng rất tốt, chuyên nghiệp, nhanh gọn. Nói chung là hài lòng khi mở tk và gd tại TCBS.",True,2,POSITIVE,False,YES,CUSTOMER_SUPPORT,,CUSTOMER_SUPPORT,NONE,HIGH,False,PROVISIONAL
App Store,12768095866,2025-06-13T03:52:04+00:00,5,App đỉnh nóc,"App có nhiều tiện ích rất hay, không đầu tư vẫn có lãi hàng ngày 🥰",True,1,POSITIVE,False,YES,,,GENERAL_CROSS_JOURNEY,NONE,HIGH,False,PROVISIONAL
App Store,12795601247,2025-06-20T08:14:18+00:00,2,Xét duyệt chậm chạp,"Xét duyệt mở tk chậm chạp. Gửi 3 lần căn cước vẫn ko dc. Giao diện tối đen khó dùng, không trực quan, muốn mua CP rất loằng ngoằng",True,3,NEGATIVE,True,YES,ONBOARDING_KYC,,ACCOUNT_OPENING_KYC,NONE,HIGH,False,PROVISIONAL
App Store,12901670031,2025-07-17T08:11:52+00:00,2,Góp ý cải thiện,"1. Giao diện:
- quá nhiều tính năng, bị rối.
- không nhìn rõ hoặc gặp khó khi thao tác.
2. Hiệu năng:
- giao dịch, đặt lệnh hay lỗi mất giá đặt.
- thao tác qua tính năng với nhau hay bị đen màn hình, toàn phải tắt app rồi vào lại
- giá thị trường cập nhật chậm, thiếu chính xác, hay cần phải làm mới để hiển thị chính xác giá trong phiên.
3. Mong muốn
- giao diện đơn giản, theo phong cách của mỗi người. 
- cải thiện hiệu năng tránh giật lag, sai thao tác khi sử dụng.",True,4,NEGATIVE,True,YES,UX_NAVIGATION_COMPLEXITY,,GENERAL_CROSS_JOURNEY,NONE,HIGH,False,PROVISIONAL
App Store,13009066553,2025-08-13T02:43:28+00:00,3,Thêm tính năng mở khoá bằng khuôn mặt,Đến hiện tại mứoi có mở khoá bằng vân tay và mật khẩu. Bao giờ chúng tôi mới có chức năng khuôn mặt để mở khoá vậy???,True,1,NEUTRAL,False,YES,AUTHENTICATION_IOTP,,LOGIN_AUTHENTICATION,NONE,HIGH,False,PROVISIONAL
App Store,13013318242,2025-08-14T03:49:49+00:00,1,NẠP TIỀN,"Quá rườm rà phức tạp cho người dùng khi lần đầu trải nghiệm ứng dụng , tiền bắn vào TK đã làm thủ tục tra soát mà tới cả tuần tiền TK vẫn bằng 0 . Trải nghiệm lần đầu quá tệ , AI hỗ trợ nói luyên thuyên chả đâu vào đâu .",True,3,NEGATIVE,True,YES,DEPOSIT_WITHDRAWAL_TRANSFER,,FUNDING_CASH_TRANSFER,NONE,HIGH,False,PROVISIONAL
App Store,13048038499,2025-08-22T18:00:41+00:00,1,Tệ,"App giao diện rối rắm, rút tiền về ngân hàng mà cái nút chuyển xám xịt. Rồi bị giam tiền ở trỏng luôn",True,1,NEGATIVE,True,YES,DEPOSIT_WITHDRAWAL_TRANSFER,,FUNDING_CASH_TRANSFER,NONE,HIGH,False,PROVISIONAL
App Store,13065672412,2025-08-27T07:54:06+00:00,1,Chuyển tiền vào mất 1s,"Chuyển tiền ra khỏi hỏi đủ thứ, đừng có nói là ngoài giờ, 2h30 chiều mà ngoài giờ cái nỗi gì. 30p không chuyển tiền ra khỏi được. App này rất đểu mn cẩn thận. Tôi là ng dùng Tech 10 năm rồi k phải mới dùng nha. Mất time, thiếu chuyên nghiệp  , waste my time.",True,1,NEGATIVE,True,YES,DEPOSIT_WITHDRAWAL_TRANSFER,,FUNDING_CASH_TRANSFER,NONE,HIGH,False,PROVISIONAL
App Store,13177936096,2025-09-24T10:12:36+00:00,1,Trải nghiệm cập nhật thay đổi CCCD tệ,"Popup yêu cầu thay đổi hiện lên liên tục, lúc qua bước khác cũng không lưu lại, user bấm nhầm một cái là phải làm lại từ đầu. 
Yêu cầu không duyệt kĩ đã từ chối, đã vậy không cho cập nhật/khiếu nại trên yêu cầu cũ mà bắt tạo yêu cầu mới.",True,2,NEGATIVE,True,YES,ACCOUNT_RECOVERY_PROFILE_CHANGE,,ACCOUNT_PROFILE_MAINTENANCE,NONE,HIGH,False,PROVISIONAL
App Store,13216345199,2025-10-03T03:16:23+00:00,2,"App cồng kềnh, phức tạp nhưng chưa tốt","App mới (hiện T10/2025) rất nhiều tính năng nhưng đa số không hữu dụng cho NĐT đọc lập, nên rất cồng kềnh. Chức năng vào lệnh (Mua/Bán) rất quan trọng, nhưng giao diện KHÔNG thể hiện các bước giá, không thấy giá SÀN / TRẦN,  cực kỳ khó đặt. 
Phông chữ nhỏ do phải nhồi nhét quá nhiều nội dung. Tính năng lọc cổ phiếu phức tạp khó xài chưa được như kỳ vọng
Mong nhà phát triển nghiên cứu. 
Rất cảm ơn ạ.",True,3,NEGATIVE,True,YES,UX_NAVIGATION_COMPLEXITY,,GENERAL_CROSS_JOURNEY,NONE,HIGH,False,PROVISIONAL
App Store,13446154783,2025-11-27T08:07:22+00:00,4,app tốt nhưng …,"chi phí rẻ, nhiều tính năng ( nhiều quá hơi rối), dễ sử dụng trên cả PC + mobile. 
Nhưng:
Đội ngũ phân tích thị trường khá tệ. Có gửi mail nêu chi tiết + quyết định tham khảo vài cổ phiếu nhưng y như là qua ngày sau thị trường đi ngược lại.",True,3,MIXED,True,YES,UX_NAVIGATION_COMPLEXITY,,GENERAL_CROSS_JOURNEY,NONE,MEDIUM,False,PROVISIONAL
App Store,13628052342,2026-01-13T08:36:06+00:00,1,Update cccd với ngày issue trên TCInvest,"Flow trên app quá phức tạp, tôi đã update hơn 3 lần request + làm việc liên tục với CSKH về việc update cccd nhưng mất 2 ngày làm việc và 3 clip request vẫn không thể xử lý được việc update cccd. 

Issue là :
1. Làm chụp hình theo app thì KHÔNG CÓ up hình thông tin cccd cũ => CSKH thì gửi bảng hướng dẫn không khớp với thực tế trên app TC Invest
2. Làm up hình theo app thì service bên em từ chối màu tụi em TỰ QUY ĐỊNH ĐÓ KHÔNG PHẢI MÀU SCAN - TRONG KHI ĐÓ LÀ BẢN SCAN =>>> CSKH từ chối bảo là k phải bản scan, TCInvest dựa trên yếu tố gì bảo không phải bản scan ??!!!",True,2,NEGATIVE,True,YES,ACCOUNT_RECOVERY_PROFILE_CHANGE,,ACCOUNT_PROFILE_MAINTENANCE,NONE,HIGH,False,PROVISIONAL
App Store,13630920900,2026-01-14T01:56:20+00:00,1,đừng mở tài khoản TCBS,"app lỗi cực kỳ, thích là ngắt kết nối giao dịch, không đặt huỷ lệnh được. nếu thị trường có rơi tự do cũng không thể xử lý tài sản liền được. Thiệt hại do app bị treo là rất lớn. Quảng cáo là app có công nghệ số 1, nhưng treo giao dịch rất thường xuyên.",True,1,NEGATIVE,True,YES,TRADING_ORDER_EXECUTION,,TRADING_ORDER_MANAGEMENT,NONE,HIGH,False,PROVISIONAL
App Store,13680993301,2026-01-27T09:43:50+00:00,3,TCBS version 6.4 crash trên Iphone 12 ios 16.7.2,Sau khi cập nhật bản mới nhất 6.4 thì không thể mở được app TCBS.,True,1,NEGATIVE,True,YES,PERFORMANCE_RELIABILITY,,GENERAL_CROSS_JOURNEY,NONE,HIGH,False,PROVISIONAL
App Store,13691875675,2026-01-30T05:51:04+00:00,3,UX/ UI  is not mobile friendly,"The buttons and menu items are too small for mobile. The UX flows are unpredictable more the prices in the market: sometimes it works, sometimes gets confused. The AI chat doesn’t have the context of the selected code. Needs to improve a lot because it is difficult to use on mobile.",True,3,NEGATIVE,True,YES,UX_NAVIGATION_COMPLEXITY,,GENERAL_CROSS_JOURNEY,NONE,HIGH,False,PROVISIONAL
App Store,13732893373,2026-02-10T04:05:11+00:00,1,Nạo tiền không và tài khoản,Bad,True,1,NEGATIVE,True,YES,DEPOSIT_WITHDRAWAL_TRANSFER,,FUNDING_CASH_TRANSFER,NONE,MEDIUM,False,PROVISIONAL
App Store,13835758727,2026-03-11T04:52:51+00:00,1,TK ng thân không nộp được tiền,"Mình tạo tk con, Lần 1 nộp bằng cú pháp khi nhấn nộp tiền trên áp, 2 ngày sau trả lại báo sai cú pháp, trong khi cú pháp tự đông gen ra

Lần này 4 ngày rồi không back lại tiền, mà back lại cũng k biết làm thế nào để nộp",True,1,NEGATIVE,True,YES,DEPOSIT_WITHDRAWAL_TRANSFER,,FUNDING_CASH_TRANSFER,NONE,HIGH,False,PROVISIONAL
App Store,13856798811,2026-03-17T07:15:18+00:00,1,Như loàn,Giao diện như thập niên 1990  nạp tiền loàng ngoằng  kyc mất mẹ 3 ngày. Nạp tiền mua bán mãi ko xong. Méo hiểu sao cty chứng khoán tóp đầu đc. Mang đội it đi học lại đi. Mẹ cái giao diện nhìn thấy ghét. Học giáo diện vnd vừa trực quan vừa dễ nhìn,True,3,NEGATIVE,True,YES,UX_NAVIGATION_COMPLEXITY,,GENERAL_CROSS_JOURNEY,NONE,HIGH,False,PROVISIONAL
App Store,11752256565,2024-09-22T13:48:44+00:00,5,App tốt,105CO89678  sử dụng ổn,False,0,POSITIVE,False,YES,,,,NONE,HIGH,False,PROVISIONAL
Google Play,e75d95f1-2837-488e-85ec-c20bba821bb3,2024-09-23T10:48:37+00:00,5,,Ứng dụng đầy đủ truy cập thông minh nhanh dễ sử dụng,False,0,POSITIVE,False,YES,,,,NONE,HIGH,False,PROVISIONAL
Google Play,0dcd9a0e-9301-48c4-81f3-090673b9eec6,2024-09-23T10:54:47+00:00,5,,105CC02656 tôi thích bảng giá.,False,0,POSITIVE,False,YES,,,,NONE,HIGH,False,PROVISIONAL
Google Play,6bf6cb60-e329-43d4-bb87-121838ade2d8,2024-09-23T15:23:11+00:00,5,,App dùng ok nhé.,False,0,POSITIVE,False,YES,,,,NONE,HIGH,False,PROVISIONAL
App Store,11761949465,2024-09-25T06:47:40+00:00,5,Tuyệt vời,"Ứng dụng trực quan, dễ dàng thao tác. Uy tín, chất lượng
Mã mời: 105CB46679",False,0,POSITIVE,False,YES,,,,NONE,HIGH,False,PROVISIONAL
Google Play,4b71fea7-84a2-4154-8d2d-5c42a17b0c85,2024-09-25T14:53:27+00:00,1,,"Cùng một ngân hàng (Techcom), nhưng app ngân hàng và app chứng khoán đúng là một trời một vực. Bao nhiêu năm chả cải thiện gì.",True,1,NEGATIVE,True,YES,UX_NAVIGATION_COMPLEXITY,,GENERAL_CROSS_JOURNEY,MEDIUM,MEDIUM,False,PROVISIONAL
Google Play,802d4076-b5c5-4e2d-948f-29e654c7b257,2024-09-25T21:12:25+00:00,1,,"Ứng dụng ngu nhất từng sử dụng. Chụp ảnh xác thực khuôn mặt cứ yêu cầu chụp chỗ sáng trong khi đang bật cả 10 bóng đèn. Ứng dụng kiểu đơn giản là nhúng cái WebView để sử dụng, đem lại trải nghiệm TỒI TỆ cho người dùng.",True,2,NEGATIVE,True,YES,AUTHENTICATION_IOTP,,LOGIN_AUTHENTICATION,HIGH,HIGH,False,PROVISIONAL
Google Play,2b3ebee6-b34e-4e99-9fd6-46bbf8ea3e47,2024-09-25T21:25:34+00:00,5,,Dễ sử dụng,False,0,POSITIVE,False,YES,,,,NONE,HIGH,False,PROVISIONAL
App Store,11767116568,2024-09-26T15:53:53+00:00,5,105CTOIYEUVN,105CTOIYEUVN,False,0,NEUTRAL,False,NO,,,,NONE,HIGH,False,PROVISIONAL
App Store,11769185523,2024-09-27T05:50:21+00:00,5,105CL63336,Tôi yêu việt nam,False,0,NEUTRAL,False,NO,,,,NONE,HIGH,False,PROVISIONAL
Google Play,95d102f4-de7e-4a0d-aaea-c51a4fcb0255,2024-09-27T10:19:50+00:00,1,,App như cái cc. Có mỗi cái cập nhật cccd mà làm đi làm lại ko được. Như cc,True,1,NEGATIVE,True,YES,ACCOUNT_RECOVERY_PROFILE_CHANGE,,ACCOUNT_PROFILE_MAINTENANCE,HIGH,HIGH,False,PROVISIONAL
App Store,11777958926,2024-09-29T14:19:44+00:00,5,105CTOIYEUVN,105CTOIYEUVN,False,0,NEUTRAL,False,NO,,,,NONE,HIGH,False,PROVISIONAL
App Store,11779920813,2024-09-30T02:34:20+00:00,2,Lỗi,"Sáng nay đăng nhập đơ, không vào được.",True,1,NEGATIVE,True,YES,PERFORMANCE_RELIABILITY,,LOGIN_AUTHENTICATION,HIGH,HIGH,False,PROVISIONAL
Google Play,7cdcafac-2e0c-4302-8d73-c246fc2323a9,2024-10-01T06:26:05+00:00,5,,"""105CTOIYEUVN tôi thích bản giá""",False,0,POSITIVE,False,YES,,,,NONE,HIGH,False,PROVISIONAL
App Store,11787725265,2024-10-02T05:23:11+00:00,1,App update xong không vào được,"Update xong không vào được app, mấy lần trước cũng vậy, update xong là lỗi .",True,1,NEGATIVE,True,YES,PERFORMANCE_RELIABILITY,,GENERAL_CROSS_JOURNEY,HIGH,HIGH,False,PROVISIONAL
Google Play,a4f73b4f-11b7-42b5-93f1-87783249b116,2024-10-02T14:34:19+00:00,5,,"Good app, bạn vô trang (W E B) Vay9. C0M nhận 9tr vay 0 lãi. Dịch vụ đăng ký dữ liệu căn cước online quá chậm, làm cả tháng chả xong",True,1,MIXED,True,YES,ACCOUNT_RECOVERY_PROFILE_CHANGE,,ACCOUNT_PROFILE_MAINTENANCE,HIGH,HIGH,False,PROVISIONAL
App Store,11800367652,2024-10-05T15:00:43+00:00,1,Tự động thoát,Giờ cứ vào là văng ra,True,1,NEGATIVE,True,YES,PERFORMANCE_RELIABILITY,,LOGIN_AUTHENTICATION,HIGH,HIGH,False,PROVISIONAL
Google Play,7de5b0e6-2b87-438f-9d13-2d193d871ce2,2024-10-06T19:12:27+00:00,5,,105CC30905 tôi thich bản giá,False,0,POSITIVE,False,YES,,,,NONE,HIGH,False,PROVISIONAL
App Store,11805859173,2024-10-07T01:24:37+00:00,1,App như lon hihi,Nói chung là chê nha giao dịch lâu mà đợi như chờ chồng chiến tranh về z ak,True,1,NEGATIVE,True,YES,PERFORMANCE_RELIABILITY,,TRADING_ORDER_MANAGEMENT,MEDIUM,MEDIUM,False,PROVISIONAL
Google Play,45435afe-152e-4913-bdee-e39eb1804c0a,2024-10-07T11:25:09+00:00,1,,"Không thể bật máy ảnh để thay đổi thông tin cccd, luôn báo lỗi và yêu cầu khởi động lại app",True,1,NEGATIVE,True,YES,ACCOUNT_RECOVERY_PROFILE_CHANGE,,ACCOUNT_PROFILE_MAINTENANCE,HIGH,HIGH,False,PROVISIONAL
App Store,11809107324,2024-10-07T23:07:22+00:00,5,OK,Được,False,0,POSITIVE,False,YES,,,,NONE,HIGH,False,PROVISIONAL
Google Play,d6b5be90-d178-452d-8396-ef0be44bab81,2024-10-08T14:46:24+00:00,1,,"Tcbs là một CTY chứng khoán rất tệ: trong thời gian khoảng hơn một năm cho đến giờ: tôi đã yêu cầu cập nhật cccd mới của tôi trên app mà không được?!?! Trong khi đó, nhân viên CSKH của CTY chứng khoán FPTS chỉ gọi điện thoại & hướng dẫn tôi trong vòng 5 phút thì đã cập nhật cccd mới của tôi rồi ! Các nhà đầu tư chứng khoán hãy tránh xa TCBS ra ! TCBS chỉ toàn là những kẻ ngu ngốc,ngu đần độn điều hành: tiền của nđt sẽ bị mất hết một ngày nào đó thôi !",True,2,NEGATIVE,True,YES,ACCOUNT_RECOVERY_PROFILE_CHANGE,,ACCOUNT_PROFILE_MAINTENANCE,HIGH,HIGH,False,PROVISIONAL
Google Play,797721a8-d105-4218-ac7a-51cd1a22f9cf,2024-10-08T16:25:55+00:00,1,,"Bị sung đột app, app mở camera chụp hình xác nhận tài khoảng ko đc yêu câu khởi động lại.",True,1,NEGATIVE,True,YES,ACCOUNT_RECOVERY_PROFILE_CHANGE,,ACCOUNT_PROFILE_MAINTENANCE,HIGH,HIGH,False,PROVISIONAL
App Store,11813796447,2024-10-09T08:01:19+00:00,1,Bảo mật không có,"Version hiện tại có thể đăng nhập tự do, không cần nhập mật khẩu hoặc face ID - trong cả 2 trường hợp cài đặt dùng face ID để đăng nhập và không dùng. 
Bảo mật quá lỏng lẻo.",True,1,NEGATIVE,True,YES,SECURITY_ACCOUNT_PROTECTION,,LOGIN_AUTHENTICATION,HIGH,HIGH,False,PROVISIONAL
Google Play,a6034dee-e8e0-402f-ac3b-e4cebefc1248,2024-10-10T16:22:08+00:00,1,,"TCBS lừa đảo kêu đánh giá App trả 30k, rồi không trả.",True,1,NEGATIVE,True,YES,CUSTOMER_SUPPORT,,CUSTOMER_SUPPORT,MEDIUM,MEDIUM,True,PROVISIONAL
App Store,11820582267,2024-10-11T05:28:26+00:00,1,Không hài lòng,Tự động trừ tiền đã nạp vào ký quỹ mà không thông báo,True,1,NEGATIVE,True,YES,NOTIFICATION_COMMUNICATION,,FUNDING_CASH_TRANSFER,HIGH,HIGH,False,PROVISIONAL
Google Play,bad1a7a5-44f2-46eb-aa33-77442bd0448d,2024-10-11T09:29:07+00:00,1,,Lúc quái nào CX trong tình trạng mã otp gửi chậm là lỡ thời gian giao dịch,True,1,NEGATIVE,True,YES,AUTHENTICATION_IOTP,,TRADING_ORDER_MANAGEMENT,HIGH,HIGH,False,PROVISIONAL
App Store,11836640608,2024-10-15T13:10:07+00:00,1,1sao chữ Tín.,"Tcbs đảo các chương trình Review/Giới thiệu, xong không thanh toán.",True,1,NEGATIVE,True,YES,CUSTOMER_SUPPORT,,CUSTOMER_SUPPORT,MEDIUM,MEDIUM,True,PROVISIONAL
Google Play,5da9ec21-517e-459b-b34d-8661408fc812,2024-10-16T06:14:01+00:00,1,,"App rất nặng, tốc độ xử lý chậm và thường xuyên phải Load lại. Hỗ trợ xử lý tự động cho khách hàng kém.",True,2,NEGATIVE,True,YES,PERFORMANCE_RELIABILITY,,GENERAL_CROSS_JOURNEY,HIGH,HIGH,False,PROVISIONAL
App Store,11839386523,2024-10-16T07:35:14+00:00,1,Khong hoat dong tren mac OS,may mac m3 khong hien thi duoc thong tin dang nhap,True,1,NEGATIVE,True,YES,MOBILE_TABLET_RESPONSIVENESS,,LOGIN_AUTHENTICATION,HIGH,HIGH,False,PROVISIONAL
Google Play,c9e1400e-730c-4c4e-9202-a599402aa609,2024-10-19T20:17:01+00:00,5,,Rõ ràng chi tiết,False,0,POSITIVE,False,YES,,,,NONE,HIGH,False,PROVISIONAL
Google Play,4e83db00-f249-4eed-aa42-7c066be696aa,2024-10-20T08:07:11+00:00,5,,Ok,False,0,POSITIVE,False,YES,,,,NONE,HIGH,False,PROVISIONAL
Google Play,cbbc87cf-77ee-4fec-931e-ea3e9a56ba2a,2024-10-21T11:32:59+00:00,1,,Tệ,True,1,NEGATIVE,True,UNCLEAR,OTHER,,UNKNOWN,LOW,LOW,True,PROVISIONAL
App Store,11864397009,2024-10-23T03:37:04+00:00,1,cskh gọi cũng như không . Quá thất vọng!,App khônh gửi otp về. Không vào được tài khoảng. Tìm bên hỗ trợ không ra. Số điện thoại cskh gọi cũng như không . Quá thất vọng!,True,2,NEGATIVE,True,YES,AUTHENTICATION_IOTP,,LOGIN_AUTHENTICATION,HIGH,HIGH,False,PROVISIONAL
Google Play,e3f5cf46-2491-45ef-9268-c516fff48ea3,2024-10-24T10:22:32+00:00,1,,"Bảo đánh giá dc ixu, vài tháng chả thấy đâu",True,1,NEGATIVE,True,YES,CUSTOMER_SUPPORT,,CUSTOMER_SUPPORT,MEDIUM,MEDIUM,True,PROVISIONAL
App Store,11871877953,2024-10-25T04:59:20+00:00,1,Ngu si,Liên quan tới tài chính mà đem Ai ra chăm sóc và nói chuyện với khách hàng. Rất bực mình,True,1,NEGATIVE,True,YES,AI_SUPPORT_CONTEXT_QUALITY,,CUSTOMER_SUPPORT,MEDIUM,HIGH,False,PROVISIONAL
App Store,11871881939,2024-10-25T05:01:22+00:00,1,Ứng dụng ngu si,Tổng đài hết sức coi thường khách hàng khi lôi Ai ra hỗ trợ khách hàng,True,1,NEGATIVE,True,YES,AI_SUPPORT_CONTEXT_QUALITY,,CUSTOMER_SUPPORT,MEDIUM,HIGH,False,PROVISIONAL
Google Play,9e4da7e2-5d72-4512-8797-ab7151a2c624,2024-10-27T14:00:31+00:00,5,,"Good app, vào (W E B) VAY9 . C0M nhận 5tr",False,0,NEUTRAL,False,NO,,,,NONE,HIGH,False,PROVISIONAL
Google Play,4277ac82-b4c7-48b8-a1c3-18f4164e9ff0,2024-10-30T15:53:33+00:00,1,,"Tự nhiên khóa ichat của khách không lý do, lạm quyền chèn ép người dùng",True,1,NEGATIVE,True,YES,CUSTOMER_SUPPORT,,CUSTOMER_SUPPORT,HIGH,MEDIUM,True,PROVISIONAL
App Store,11894826169,2024-10-31T07:32:47+00:00,1,Khó dùng và hay treo,App dở hơi,True,1,NEGATIVE,True,YES,UX_NAVIGATION_COMPLEXITY,,GENERAL_CROSS_JOURNEY,MEDIUM,MEDIUM,False,PROVISIONAL
App Store,11902304773,2024-11-02T06:32:47+00:00,5,App ck ok nhất mình từng dùng,App có cả Power BI để xem tăng trưởng tí dụng của ngân hàng và nhóm nợ quá tuyệt vời. Đi đầu trong đổi mới mn nên trải nghiệm.,False,0,POSITIVE,False,YES,,,,NONE,HIGH,False,PROVISIONAL
Google Play,4bf366e1-0727-40b7-bff3-aa519707fdf1,2024-11-05T09:58:28+00:00,1,,"Cập nhật thay đổi thông tin KH quá lâu, đã lập lệnh điều chỉnh từ 11.10, hẹn dự kiến hoàn tất 21.10 nhưng đến giờ 5.11 vẫn chưa xong, không thể tin nổi công ty chứng khoán/fintech lại triển khai chậm như thế này.",True,1,NEGATIVE,True,YES,ACCOUNT_RECOVERY_PROFILE_CHANGE,,ACCOUNT_PROFILE_MAINTENANCE,HIGH,HIGH,False,PROVISIONAL
Google Play,20eca2ba-c0a0-449e-ba64-0e62611515ff,2024-11-07T15:30:40+00:00,1,,"Chính sách hút máu giải quyết vô lý, giải quyết cho khách hàng cứ như không giải quyết, vô lý tức muốn thổ quyết",True,1,NEGATIVE,True,YES,CUSTOMER_SUPPORT,,CUSTOMER_SUPPORT,MEDIUM,LOW,True,PROVISIONAL
App Store,11940079131,2024-11-12T01:27:47+00:00,1,App quá nhiều lỗi vặt,"Bấm vào chi tiết realtime toàn hiện bảng chữ cái lên, dữ liệu mỗi lần vào app đều không tự cập nhật. Toàn phải tắt hẳn mở lại mới có data",True,1,NEGATIVE,True,YES,MARKET_DATA_STALENESS_ACCURACY,,PRODUCT_DISCOVERY_MARKET_DATA,HIGH,HIGH,False,PROVISIONAL
Google Play,fc45dc94-05b8-4eb1-ba80-35472fdb61bd,2024-11-13T15:23:13+00:00,2,,Cập nhật cccd từ 22/10 đến nay chưa xong. Zalo/FB/ tổng đài toàn nói chuyện với bot.,True,2,NEGATIVE,True,YES,ACCOUNT_RECOVERY_PROFILE_CHANGE,,ACCOUNT_PROFILE_MAINTENANCE,HIGH,HIGH,False,PROVISIONAL
App Store,11947847736,2024-11-14T05:18:59+00:00,1,App lỗi xoay ngay,App không xoay ngay được khi xem bảng giá và đồ thị. Xoá app cài lại vẫn bị,True,1,NEGATIVE,True,YES,MOBILE_TABLET_RESPONSIVENESS,,PRODUCT_DISCOVERY_MARKET_DATA,MEDIUM,HIGH,False,PROVISIONAL
Google Play,6b3b31df-5713-450f-80fb-32ef3ce8c5c5,2024-11-15T11:24:45+00:00,1,,Không thể đăng ký iOTP để giao dịch. Chăm sóc khách hàng A.I ko hỗ trợ được. Còn nhân viên thì quá hời hợt,True,2,NEGATIVE,True,YES,AUTHENTICATION_IOTP,,LOGIN_AUTHENTICATION,HIGH,HIGH,False,PROVISIONAL
Google Play,54721d43-fdc9-44d4-8e09-ae6f201e72a7,2024-11-15T19:27:05+00:00,1,,nội xác minh cccd mà còn làm ko xong thì làm gì ăn,True,1,NEGATIVE,True,YES,ONBOARDING_KYC,,ACCOUNT_OPENING_KYC,HIGH,MEDIUM,False,PROVISIONAL
Google Play,de1bacde-5a2d-4fa0-a39c-2f1c03f716cd,2024-11-17T10:05:35+00:00,1,,Bọn này gọi điện làm phiền liên tục mọi người nên né bọn này ra!,True,1,NEGATIVE,True,YES,NOTIFICATION_COMMUNICATION,,CUSTOMER_SUPPORT,MEDIUM,MEDIUM,True,PROVISIONAL
Google Play,c3bb50f4-57ac-4536-8287-4101d6754c58,2024-11-17T11:05:34+00:00,5,,Ok hay đấy,False,0,POSITIVE,False,YES,,,,NONE,HIGH,False,PROVISIONAL
Google Play,a7799e9c-cd03-481b-a4d6-edcdabdb4f2f,2024-11-19T16:47:15+00:00,1,,"Giật, lag, mặc dù dùng điện thoại cấu hình cao (flagship). Nhiều tính năng nhưng chưa hữu dụng với người dùng",True,2,NEGATIVE,True,YES,PERFORMANCE_RELIABILITY,,GENERAL_CROSS_JOURNEY,HIGH,HIGH,False,PROVISIONAL
Google Play,6025ead0-ff94-4e25-a54e-954e4535bed5,2024-11-20T09:46:30+00:00,2,,Ứng dụng hay lỗi,True,1,NEGATIVE,True,YES,PERFORMANCE_RELIABILITY,,GENERAL_CROSS_JOURNEY,MEDIUM,MEDIUM,True,PROVISIONAL
Google Play,7f810ad3-3cf2-482f-a672-724c4708c9ff,2024-11-21T11:14:02+00:00,1,,"Ko có nhân viên hỗ trợ, AI ko giải quyết được vấn đề!! :(",True,1,NEGATIVE,True,YES,AI_SUPPORT_CONTEXT_QUALITY,,CUSTOMER_SUPPORT,HIGH,HIGH,False,PROVISIONAL
App Store,11989241555,2024-11-25T05:20:13+00:00,1,Không đặt được lệnh bán,"Mua được nhưng lệnh bán không được
Trong khi mục tài sản vẫn hiện số dư, mà lúc đặt lệnh bán lại hiện lỗi không đủ số dư",True,1,NEGATIVE,True,YES,TRADING_ORDER_EXECUTION,,TRADING_ORDER_MANAGEMENT,HIGH,HIGH,False,PROVISIONAL
Google Play,29d490fd-c15d-4be9-99d5-10022d6c23de,2024-11-25T10:45:30+00:00,5,,"Vay 10 triệu ngay tại VAY9 . C0M không lãi Cập nhật thay đổi thông tin KH quá lâu, đã lập lệnh điều chỉnh từ 11.10, hẹn dự kiến hoàn tất 21.10 nhưng đến giờ 5.11 vẫn chưa xong, không thể tin nổi công ty chứng khoán/fintech lại triển khai chậm như thế này.",True,1,MIXED,True,YES,ACCOUNT_RECOVERY_PROFILE_CHANGE,,ACCOUNT_PROFILE_MAINTENANCE,HIGH,HIGH,False,PROVISIONAL
App Store,11996760927,2024-11-27T06:36:25+00:00,1,Trải nghiệm kém,App có giao diện khó sử dụng,True,1,NEGATIVE,True,YES,UX_NAVIGATION_COMPLEXITY,,GENERAL_CROSS_JOURNEY,MEDIUM,HIGH,False,PROVISIONAL
App Store,12004038909,2024-11-29T05:26:10+00:00,1,Lỗi liên tục,1 sao,True,1,NEGATIVE,True,YES,PERFORMANCE_RELIABILITY,,GENERAL_CROSS_JOURNEY,MEDIUM,MEDIUM,True,PROVISIONAL
App Store,12004133798,2024-11-29T06:11:38+00:00,1,App rác rưỡi lAm hai nhà đâu Tu,App rác rưỡi.29/11 nguyên phiên chiều không vào được app. Cty nay khốn nạn lắm,True,1,NEGATIVE,True,YES,PERFORMANCE_RELIABILITY,,GENERAL_CROSS_JOURNEY,HIGH,HIGH,False,PROVISIONAL
Google Play,052e8a5a-ce1f-4184-b7b6-0daa2af90d13,2024-12-02T14:39:08+00:00,1,,"App lỗi, k giao dịch đc",True,1,NEGATIVE,True,YES,PERFORMANCE_RELIABILITY,,TRADING_ORDER_MANAGEMENT,HIGH,HIGH,False,PROVISIONAL
Google Play,c3f153ed-ae52-44b1-a794-96f8f5f7ff2b,2024-12-04T16:15:47+00:00,1,,App siêu chậm. Siêu lag. Đăng kí mãi không xong,True,2,NEGATIVE,True,YES,PERFORMANCE_RELIABILITY,,GENERAL_CROSS_JOURNEY,HIGH,HIGH,False,PROVISIONAL
Google Play,446d8547-093a-4cc5-ae1d-66fb292eb06b,2024-12-05T11:56:28+00:00,5,,Good,False,0,POSITIVE,False,YES,,,,NONE,HIGH,False,PROVISIONAL
Google Play,56c6cec9-3a65-4190-82eb-bca71203b087,2024-12-05T12:00:47+00:00,2,,"Khớp lệnh lâu, giao diện người dùng hay lỗi",True,2,NEGATIVE,True,YES,TRADING_ORDER_EXECUTION,,TRADING_ORDER_MANAGEMENT,MEDIUM,MEDIUM,False,PROVISIONAL
Google Play,4ffa38c7-3d75-4382-bda6-a59c38a086c5,2024-12-05T14:11:50+00:00,1,,Liên hệ vs tư vấn viên khó hơn gọi cho tổng thống,True,1,NEGATIVE,True,YES,CUSTOMER_SUPPORT,,CUSTOMER_SUPPORT,HIGH,HIGH,False,PROVISIONAL
Google Play,afc773f6-3f0d-4521-b3d9-b4cb65b7a359,2024-12-09T10:25:02+00:00,1,,Mỗi lần hệ thống cập nhật là bị lỗi không sử dụng được. Ai duyệt cập nhật mà để lỗi vậy thì nên coi lại trách nhiệm của mình.,True,1,NEGATIVE,True,YES,PERFORMANCE_RELIABILITY,,GENERAL_CROSS_JOURNEY,HIGH,HIGH,False,PROVISIONAL
Google Play,e122e8d9-d3dd-4724-9d97-68a12f9d7cfb,2024-12-09T22:08:23+00:00,2,,Thực sự các bạn nên học giao diện của mbs ! Nhìn các bạn rất khó và ko tiện ích,True,1,NEGATIVE,True,YES,UX_NAVIGATION_COMPLEXITY,,GENERAL_CROSS_JOURNEY,MEDIUM,MEDIUM,False,PROVISIONAL
Google Play,4d26c12f-b791-4ea2-8aef-733060a10ec0,2024-12-12T13:41:11+00:00,1,,Android 8.1 không cài được,True,1,NEGATIVE,True,YES,MOBILE_TABLET_RESPONSIVENESS,,GENERAL_CROSS_JOURNEY,HIGH,HIGH,False,PROVISIONAL
Google Play,12b10ee3-52df-494b-b46c-547c6b279a3c,2024-12-13T10:57:16+00:00,1,,"Sau khi đăng ký và kích hoạt tài khoản, app yêu cầu đăng ký chữ ký số cá nhân của FPT để ký HĐ. Không thể thoát khỏi màn hình đăng ký này để sử dụng chức năng khác. Rõ ràng là ép người dùng sử dụng dịch vụ của bên thứ 3, hành vi này rất tồi (như kiểu đi vay phải mua bảo hiểm). 1 người dùng mới còn chưa hiểu cách thức sử dụng dịch vụ mà phải đăng ký quá nhiều thủ tục không mong muốn là không phù hợp. Phải cho họ thời gian trải nghiệm để thích nghi các tính năng và cảm nhận các giá trị của DN.",True,1,NEGATIVE,True,YES,DIGITAL_SIGNATURE_FLOW,,ACCOUNT_OPENING_KYC,HIGH,HIGH,False,PROVISIONAL
App Store,12084617137,2024-12-20T11:30:44+00:00,5,Không chê điểm gì,6 sao,False,0,POSITIVE,False,YES,,,,NONE,HIGH,False,PROVISIONAL
Google Play,52d4ce83-3408-4752-9713-0b6523a58a86,2024-12-23T18:15:54+00:00,1,,Không cập nhật được căn cước,True,1,NEGATIVE,True,YES,ACCOUNT_RECOVERY_PROFILE_CHANGE,,ACCOUNT_PROFILE_MAINTENANCE,HIGH,HIGH,False,PROVISIONAL
App Store,12098535718,2024-12-24T00:43:31+00:00,1,App lởm,"App lởm, cùi nhất trong các app chứng khoán. 3 ngày lag 7 ngày đơ",True,1,NEGATIVE,True,YES,PERFORMANCE_RELIABILITY,,GENERAL_CROSS_JOURNEY,HIGH,HIGH,False,PROVISIONAL
Google Play,402640bc-cfa8-409e-95c8-fecd62daaa30,2024-12-30T14:09:13+00:00,1,,"Cứ lâu lâu thích là khóa tính năng rút tiền (khóa 48h lun mới chịu) của người ta, làm nhỡ bao nhiêu việc. Đây là lần cuối dùng cái app ck củ chuối này. Bảo mật cc, KH bất tiện là ng ta out, bảo mật cái đ.éo j",True,1,NEGATIVE,True,YES,DEPOSIT_WITHDRAWAL_TRANSFER,,FUNDING_CASH_TRANSFER,HIGH,HIGH,False,PROVISIONAL
App Store,12126154861,2024-12-31T03:48:06+00:00,1,Không mở được app trên MacBook Air M1,Không mở được app trên MacBook Air M1,True,1,NEGATIVE,True,YES,MOBILE_TABLET_RESPONSIVENESS,,GENERAL_CROSS_JOURNEY,HIGH,HIGH,False,PROVISIONAL
Google Play,4e53832e-1fa8-4c1d-b05f-19a3ea2c0afb,2024-12-31T11:20:53+00:00,1,,"Hôm nay tôi sẽ xoá tk, sáng 9h10 tiền cọc vẫn còn trong VSD nhưng trên app không hiện làm tôi không đặt được lệnh. Trưa 11h bấm hủy hết lệnh, rõ ràng ngón tay tôi không đưa lên ô đặt lệnh nhưng vẫn lag và vào Long. Chưa kể có những lúc lag k đặt được lệnh. Thiệt hại cả mớ tiền. Một Cty lớn làm app k ra gì. Quá bức xúc.",True,2,NEGATIVE,True,YES,MARKET_DATA_STALENESS_ACCURACY,,PORTFOLIO_TRACKING,HIGH,HIGH,False,PROVISIONAL
Google Play,abff860a-3329-408e-a188-cf64dac8a665,2025-01-01T16:09:11+00:00,1,,"Ứng dụng rối nuồi khó sử dụng, lag, lỗi",True,2,NEGATIVE,True,YES,UX_NAVIGATION_COMPLEXITY,,GENERAL_CROSS_JOURNEY,MEDIUM,MEDIUM,False,PROVISIONAL
Google Play,033b8a01-f565-4002-a7dc-d7432622c677,2025-01-02T23:20:48+00:00,2,,Cập nhật lên Icon màu xanh cho phong thủy đi ad ak,True,1,NEUTRAL,False,YES,OTHER,,GENERAL_CROSS_JOURNEY,LOW,HIGH,False,PROVISIONAL
Google Play,0e006d81-5f56-4aa0-a8c0-74344ace1672,2025-01-03T15:14:52+00:00,5,,Tốt,False,0,POSITIVE,False,YES,,,,NONE,HIGH,False,PROVISIONAL
Google Play,c795a0ec-2772-46c0-9315-375ef7f4d185,2025-01-07T01:16:04+00:00,1,,Đang dùng bình thường tự nhiên nâng cấp ứng dụng làm cho ko tương thích với máy. Đúng là tệ hại!,True,1,NEGATIVE,True,YES,MOBILE_TABLET_RESPONSIVENESS,,GENERAL_CROSS_JOURNEY,HIGH,HIGH,False,PROVISIONAL
App Store,12161401216,2025-01-08T23:46:10+00:00,1,"Ứng dụng lừa đảo, thu thuế phí cao",Lãi 3 triệu trừ thuế phí hết còn vài trăm nghìn. Không nên đầu tư vào đây,True,1,NEGATIVE,True,YES,FEE_PRICING,,FUNDING_CASH_TRANSFER,HIGH,HIGH,False,PROVISIONAL
App Store,12166129599,2025-01-10T05:56:46+00:00,1,Lừa đảo,Lừa đảo giam tiền của người dùng sau khi nhận chuyển khoản,True,1,NEGATIVE,True,YES,DEPOSIT_WITHDRAWAL_TRANSFER,,FUNDING_CASH_TRANSFER,HIGH,MEDIUM,True,PROVISIONAL
App Store,12166276133,2025-01-10T07:05:02+00:00,1,app ngu như đầu cu,app ngu như đầu cu,True,1,NEGATIVE,True,UNCLEAR,OTHER,,UNKNOWN,LOW,LOW,True,PROVISIONAL
Google Play,7e64ea2c-b419-4846-adbc-7fb6e7f32d37,2025-01-13T00:58:47+00:00,5,,Tốt,False,0,POSITIVE,False,YES,,,,NONE,HIGH,False,PROVISIONAL
Google Play,87571d07-a777-45e4-9a77-f0456fb86077,2025-01-15T15:08:30+00:00,1,,App về tài chính mà giao dịch chậm còn lát nữa lỗ với nó biết nhiêu tức nữa,True,1,NEGATIVE,True,YES,TRADING_ORDER_EXECUTION,,TRADING_ORDER_MANAGEMENT,HIGH,HIGH,False,PROVISIONAL
App Store,12189754220,2025-01-16T02:52:36+00:00,1,Như hạch,Toàn lỗi không đặt được lệnh. Nhiều khi đến tài khoản cũng không hiển thị. Má bực muốn bán ko đc mua ko xong.,True,2,NEGATIVE,True,YES,TRADING_ORDER_EXECUTION,,TRADING_ORDER_MANAGEMENT,HIGH,HIGH,False,PROVISIONAL
Google Play,0fcb0828-d856-4321-8bc3-2de4dc7e9c97,2025-01-19T19:51:38+00:00,1,,"Giao diện app mới quá tệ, tiền trên app không bật tắt hiện thị được, cứ phô phô ra cho người khác chẳng may thấy được. Để xem cái bảng giá cổ phiếu mà ấn rõ nhiều thao tác để vào: Đầu tư--> Cổ phiếu--> Bảng giá. Chán cái cách mà Tcbs cập nhật giao diện mới, rất ức chế.",True,2,NEGATIVE,True,YES,UX_NAVIGATION_COMPLEXITY,,GENERAL_CROSS_JOURNEY,MEDIUM,HIGH,False,PROVISIONAL
Google Play,bd974c97-210a-4d21-b82a-061dcf6f9d90,2025-01-20T01:18:31+00:00,1,,ANNALEEJ. TƯỞNG HAY NHƯNG CŨNG TẠM ĐƯỢC.RẤT TỆ.,True,1,NEGATIVE,True,UNCLEAR,OTHER,,UNKNOWN,LOW,LOW,True,PROVISIONAL
Google Play,f3452f5c-9b63-415a-919b-3b9c959a9a36,2025-01-20T09:41:31+00:00,1,,"App cùi, tự chặn không khách hàng rút tiền,",True,1,NEGATIVE,True,YES,DEPOSIT_WITHDRAWAL_TRANSFER,,FUNDING_CASH_TRANSFER,HIGH,HIGH,False,PROVISIONAL
Google Play,361acf1b-88b1-48b5-bddc-8ad9f98e0eca,2025-01-21T09:51:20+00:00,1,,Quá tệ. Làm ơn trở lại phiên bản cũ hoặc mất khách,True,1,NEGATIVE,True,YES,UX_NAVIGATION_COMPLEXITY,,GENERAL_CROSS_JOURNEY,MEDIUM,MEDIUM,True,PROVISIONAL
Google Play,dd9d816b-8331-4ba5-94e8-093407351930,2025-01-21T23:39:38+00:00,1,,Phiên bảng mới không xem được tổng tiền lời lỗ trong thời gian dài,True,1,NEGATIVE,True,YES,PRODUCT_PORTFOLIO_INFORMATION,,PORTFOLIO_TRACKING,MEDIUM,HIGH,False,PROVISIONAL
Google Play,96d7b06e-56b8-42af-8a8e-9f3770f1d970,2025-01-22T23:35:50+00:00,2,,22.01.2025: Tìm mãi không thấy phím Mua - Bán. Không lên tổng quan tài sản,True,2,NEGATIVE,True,YES,UX_NAVIGATION_COMPLEXITY,,TRADING_ORDER_MANAGEMENT,HIGH,HIGH,False,PROVISIONAL
App Store,12219869008,2025-01-23T07:06:46+00:00,4,Góp ý,"Hay bị lag phi đóng phiên, thống kê tài sản không chính xác (mấy bản cập nhật gần đây bị). Mong sớm cải thiện trải nghiệm cho người dùng",True,2,MIXED,True,YES,PERFORMANCE_RELIABILITY,,GENERAL_CROSS_JOURNEY,MEDIUM,HIGH,False,PROVISIONAL
Google Play,bdc43597-7227-4f14-a0f8-c8eba93ef177,2025-01-23T12:52:48+00:00,1,,"App ngu vô cùng ngu Sau khi tạo tài khoản thì không cho đăng nhập nữa ủa alo vậy thì sao dùng ????? Liên hệ CSKH thì nói chuyện như bot, không có chuyên môn, qua loa, bắt đăng nhập trên app đt trên web máy tính, đổi wifi 4g mở tab ẩn danh vẫn không được Rồi xin teamview vào laptop cá nhân ??? Ơ gì za ? App đt mà bắt tui teamview laptop?? Ảo ma thế Rồi nói hỗ trợ xóa tài khoản thì bảo đăng nhập vào mới xóa được ??? Nam mô a di đà phật không đăng nhập đc vào app thì xóa kiểu qq gì ạ????",True,2,NEGATIVE,True,YES,AUTHENTICATION_IOTP,,LOGIN_AUTHENTICATION,HIGH,HIGH,False,PROVISIONAL
Google Play,5f211f78-6e87-45cf-85b0-37a09898ad22,2025-01-23T15:03:13+00:00,1,,Cái app củ chuối nay chưa phải ngày cuối mà giao dịch treo không làm gì được là điên rồi,True,1,NEGATIVE,True,YES,TRADING_ORDER_EXECUTION,,TRADING_ORDER_MANAGEMENT,HIGH,HIGH,False,PROVISIONAL
App Store,12223647522,2025-01-24T04:40:17+00:00,1,Không cập nhật thông tin giá cho cp trong danh mục,Hnay là 24 rồi mà giá vẫn lấy ngày 22. Càng ngày càng khó sử dụng,True,1,NEGATIVE,True,YES,MARKET_DATA_STALENESS_ACCURACY,,PORTFOLIO_TRACKING,HIGH,HIGH,False,PROVISIONAL
Google Play,bafa4c19-4760-4299-b62a-867de951e07e,2025-01-24T09:33:01+00:00,1,,tự nhiên up ver. kém hơn cả ver trước. tệ hại vãi chưởng,True,1,NEGATIVE,True,YES,PERFORMANCE_RELIABILITY,,GENERAL_CROSS_JOURNEY,MEDIUM,MEDIUM,True,PROVISIONAL
Google Play,32e58255-2e2f-4050-b054-13857c73aa95,2025-01-24T10:38:54+00:00,1,,"Giáo diện rối, khó dùng. Dùng mấy năm rồi vẫn chưa quen. Những tính năng hay dùng thì cứ ẩn sâu tít ở đâu. Nên tham khảo công ty chứng khoán khác.",True,1,NEGATIVE,True,YES,UX_NAVIGATION_COMPLEXITY,,GENERAL_CROSS_JOURNEY,MEDIUM,HIGH,False,PROVISIONAL
Google Play,29fe0daf-fc2a-41bc-b751-a5e3b93289ce,2025-01-26T11:18:18+00:00,5,,Ok,False,0,POSITIVE,False,YES,,,,NONE,HIGH,False,PROVISIONAL
Google Play,b688ac8c-082a-4976-8c70-99f9430abc75,2025-02-02T18:47:35+00:00,1,,Tệ,True,1,NEGATIVE,True,UNCLEAR,OTHER,,UNKNOWN,LOW,LOW,True,PROVISIONAL
App Store,12272742831,2025-02-05T06:37:09+00:00,1,Lỗi,"app ko cập nhật giá trong danh sách cổ phiếu. đã thử xoá cache, gỡ app cài lại vẫn bị vậy",True,1,NEGATIVE,True,YES,MARKET_DATA_STALENESS_ACCURACY,,PRODUCT_DISCOVERY_MARKET_DATA,HIGH,HIGH,False,PROVISIONAL
Google Play,eb14734e-ab13-43dd-bb29-ef1dc0fe53b5,2025-02-05T06:41:08+00:00,2,,Bản cập nhật mới lỗi khá nhiều việc mua bán mà ở phần cổ phiếu dùng dữ liệu cũ k update việc mua bán giá tb và khối lượng,True,1,NEGATIVE,True,YES,MARKET_DATA_STALENESS_ACCURACY,,TRADING_ORDER_MANAGEMENT,HIGH,HIGH,False,PROVISIONAL
Google Play,4d999c16-c914-4907-9e7a-d026d3bf7959,2025-02-05T11:53:27+00:00,1,,Cập nhật siêu chậm giá & tiền,True,1,NEGATIVE,True,YES,MARKET_DATA_STALENESS_ACCURACY,,PRODUCT_DISCOVERY_MARKET_DATA,HIGH,HIGH,False,PROVISIONAL
Google Play,ad76edd9-a952-4969-8e45-ef221d81f18b,2025-02-05T15:16:18+00:00,1,,Ko quét đc QR để đăng nhập trên máy tính. Nhiềi popup tắt đi rồi vẫn hiện,True,2,NEGATIVE,True,YES,AUTHENTICATION_IOTP,,LOGIN_AUTHENTICATION,HIGH,HIGH,False,PROVISIONAL
App Store,12276846294,2025-02-06T07:09:25+00:00,2,"App giao diện mới xấu, không thân thiện, chức năng Trang Chủ quảng cáo Ibond, Trái Phiếu,TCBS nhiều!","App giao diện mới xấu, không thân thiện, chức năng Trang Chủ quảng cáo Ibond, Trái Phiếu,TCBS nhiều!",True,1,NEGATIVE,True,YES,UX_NAVIGATION_COMPLEXITY,,GENERAL_CROSS_JOURNEY,MEDIUM,HIGH,False,PROVISIONAL
Google Play,85397d16-df0b-4874-8800-0c0ae762fc78,2025-02-06T09:25:02+00:00,2,,"Cập nhật hồi đầu tuần làm ứng dụng lag giật nhiều hơn, load số tiền trên các trang chậm. Lệnh bán rồi nhưbg vào danh sách cổ phiếu vẫn chưa cập nhật. Các popup chồng chéo. Nói chung cùng dân IT thì mình nhận xét là 1 app tốt ko phải là app vẽ vời nhiều tính năng mà là app thân thiện với người dùng.",True,3,NEGATIVE,True,YES,PERFORMANCE_RELIABILITY,,GENERAL_CROSS_JOURNEY,MEDIUM,HIGH,False,PROVISIONAL
Google Play,01e975f4-5aa8-4faf-b486-40c742040df8,2025-02-06T16:00:23+00:00,2,,"Update bản quá tệ, chậm, khó theo dõi",True,1,NEGATIVE,True,YES,PERFORMANCE_RELIABILITY,,GENERAL_CROSS_JOURNEY,MEDIUM,MEDIUM,True,PROVISIONAL
Google Play,1134856f-d768-4db4-bca4-a8c71a18bdc3,2025-02-07T09:19:57+00:00,1,,"Giao diên đặt bán như shirt. Như cũ đặt nhanh tự nhiên sửa cho chậm, làm lằng nhà lằng nhằng",True,1,NEGATIVE,True,YES,UX_NAVIGATION_COMPLEXITY,,TRADING_ORDER_MANAGEMENT,MEDIUM,HIGH,False,PROVISIONAL
Google Play,1f9a3b08-c3ca-4b1c-aac2-52a4c15b915f,2025-02-07T16:21:02+00:00,1,,App cập nhật hoài mà không có tính năng xem giá lô lẻ . Thua xa mấy app của yuanta . Csi,True,1,NEGATIVE,True,YES,MARKET_RESEARCH_RECOMMENDATION_UTILITY,,PRODUCT_DISCOVERY_MARKET_DATA,MEDIUM,HIGH,False,PROVISIONAL
Google Play,e775c6ff-c6da-4115-bf43-72d5e4246237,2025-02-10T11:13:43+00:00,1,,Quét khuôn mặt. Camera đen ngòm 😅,True,1,NEGATIVE,True,YES,AUTHENTICATION_IOTP,,LOGIN_AUTHENTICATION,HIGH,HIGH,False,PROVISIONAL
Google Play,33532f4d-bf89-4a0b-9a75-8915051ba05b,2025-02-10T11:24:19+00:00,1,,"App lỗi , ko vào được nữa",True,1,NEGATIVE,True,YES,PERFORMANCE_RELIABILITY,,GENERAL_CROSS_JOURNEY,HIGH,HIGH,False,PROVISIONAL
Google Play,e782edc9-35e9-4c3d-a0a1-bd567bac84e4,2025-02-10T11:35:18+00:00,1,,Không tương thích samsung s9 plus,True,1,NEGATIVE,True,YES,MOBILE_TABLET_RESPONSIVENESS,,GENERAL_CROSS_JOURNEY,HIGH,HIGH,False,PROVISIONAL
App Store,12301648806,2025-02-12T10:04:36+00:00,1,"Hay bị lỗi chuyển tiền, nhắn tin không xử lý",Tệ,True,2,NEGATIVE,True,YES,DEPOSIT_WITHDRAWAL_TRANSFER,,FUNDING_CASH_TRANSFER,HIGH,HIGH,False,PROVISIONAL
App Store,12308962875,2025-02-14T07:27:03+00:00,1,giao diện mới khó dùng,"có thể back về giao diện cũ đx ko, giao diện mới rất lag khó dùng",True,1,NEGATIVE,True,YES,UX_NAVIGATION_COMPLEXITY,,GENERAL_CROSS_JOURNEY,MEDIUM,HIGH,False,PROVISIONAL
App Store,12316968970,2025-02-16T07:26:56+00:00,4,Lỗi đăng nhập,Không đăng nhập được bằng Face ID trên iPhone 11. Mong đội ngũ phần mềm khắc phục được lỗi này,True,1,NEGATIVE,True,YES,AUTHENTICATION_IOTP,,LOGIN_AUTHENTICATION,HIGH,HIGH,False,PROVISIONAL
App Store,12338671343,2025-02-21T19:04:28+00:00,5,Mã mời  105CTB5555,"App rất ổn định, dễ dàng sử dụng tính năng hữu ích",False,0,POSITIVE,False,YES,,,,NONE,HIGH,False,PROVISIONAL
Google Play,4b3c680c-14f7-44c1-8af3-2e40c1b2080b,2025-02-23T19:05:51+00:00,1,,"Worst security app I ever use. The UI an UX terrible, there are many features which unnecessary make it hard to navigate.",True,2,NEGATIVE,True,YES,SECURITY_ACCOUNT_PROTECTION,,LOGIN_AUTHENTICATION,HIGH,MEDIUM,True,PROVISIONAL
Google Play,d4a6fbeb-f903-4aea-bd78-0ba65cdf6475,2025-02-24T00:12:54+00:00,3,,App dùng ổn. Hiển thị dễ dàng. Tuy nhiên chưa có đường tắt để show chart Vnindex. Gần đây có lỗi không hiển thị đồ thị. Ngoài ra còn vấn đề rút tiền về ngân hàng rất lâu nếu không phải trong giờ hành chính và trước 3h chiều.,True,2,MIXED,True,YES,MARKET_DATA_STALENESS_ACCURACY,,PRODUCT_DISCOVERY_MARKET_DATA,MEDIUM,HIGH,False,PROVISIONAL
Google Play,5dd0f3f0-4aa9-473c-9c6f-ac1a156c50b6,2025-02-24T21:12:02+00:00,1,,T không đăng nhập được trên note 8,True,1,NEGATIVE,True,YES,MOBILE_TABLET_RESPONSIVENESS,,LOGIN_AUTHENTICATION,HIGH,HIGH,False,PROVISIONAL
App Store,12356932020,2025-02-26T11:27:57+00:00,1,App quá tệ,"Thằng nào viết cái app này vậy, cảnh cáo bà con đừng tham gia vào chứng khoán này, vào là mất tiền oan",True,1,NEGATIVE,True,UNCLEAR,OTHER,,UNKNOWN,MEDIUM,LOW,True,PROVISIONAL
Google Play,76863788-9174-44ee-8fe8-58c3a8de568a,2025-02-27T08:33:42+00:00,2,,"App thường xuyên mất dữ liệu chart. Đã lưu nhưng khi refresh hoặc mở lại thì các dữ liệu mất sạch. Thông báo hotline, kĩ thuật sửa lỗi hơn 1 năm trời nhưng càng ngày càng tệ hơn.",True,1,NEGATIVE,True,YES,MARKET_DATA_STALENESS_ACCURACY,,PRODUCT_DISCOVERY_MARKET_DATA,HIGH,HIGH,False,PROVISIONAL
Google Play,74be1267-4cc5-42d7-ad3d-6a7fc5212b86,2025-03-02T17:09:37+00:00,1,,"Quay như chong chóng, k đăng nhập được",True,1,NEGATIVE,True,YES,PERFORMANCE_RELIABILITY,,LOGIN_AUTHENTICATION,HIGH,HIGH,False,PROVISIONAL
App Store,12379946562,2025-03-04T05:52:46+00:00,1,Tbcs,"Cực tệ. Trót dùng chưa bán đc hết cổ phiếu nên vẫn pải dùng. Thường xuyên ko bấm đặt đc
 lệnh",True,1,NEGATIVE,True,YES,TRADING_ORDER_EXECUTION,,TRADING_ORDER_MANAGEMENT,HIGH,HIGH,False,PROVISIONAL
App Store,12381075336,2025-03-04T13:14:45+00:00,1,Khó dùng,App cập nhật xong ko bằng bản cũ,True,1,NEGATIVE,True,YES,UX_NAVIGATION_COMPLEXITY,,GENERAL_CROSS_JOURNEY,MEDIUM,MEDIUM,True,PROVISIONAL
Google Play,358c0507-777c-44ad-8896-175af5430bef,2025-03-04T17:12:54+00:00,1,,"Tẩy chay tcbs, họ kỳ thị nđt nước ngoài, kể cả nộp rút tiền là chuyện cực kỳ phức tạp. Nđt nước ngoài không nên dính tới tcbs và ckvn",True,1,NEGATIVE,True,YES,DEPOSIT_WITHDRAWAL_TRANSFER,,FUNDING_CASH_TRANSFER,HIGH,MEDIUM,True,PROVISIONAL
App Store,12383638403,2025-03-05T05:23:29+00:00,1,Quá lằng nhằng. Giao diện quá nhiều sản phẩm. Dùng rất rối,Chán,True,1,NEGATIVE,True,YES,UX_NAVIGATION_COMPLEXITY,,GENERAL_CROSS_JOURNEY,MEDIUM,HIGH,False,PROVISIONAL
Google Play,16835a35-1489-424d-bcde-3cb4a920437f,2025-03-05T22:50:45+00:00,1,,"App dùng quá chán, lag kinh hồn",True,1,NEGATIVE,True,YES,PERFORMANCE_RELIABILITY,,GENERAL_CROSS_JOURNEY,MEDIUM,HIGH,False,PROVISIONAL
Google Play,026a0327-c0c2-4b22-acfe-57fd88cda69c,2025-03-06T08:05:33+00:00,1,,"Sáng mở ra đen thui, có ai bị vậy không?",True,1,NEGATIVE,True,YES,PERFORMANCE_RELIABILITY,,GENERAL_CROSS_JOURNEY,HIGH,HIGH,False,PROVISIONAL
Google Play,50aa6a09-82ff-4319-8fe0-30cb076ef201,2025-03-06T09:07:01+00:00,3,,Widget đôi lúc chậm hơn bảng giá thị trường ở đầu ngày,True,1,MIXED,True,YES,MARKET_DATA_STALENESS_ACCURACY,,PRODUCT_DISCOVERY_MARKET_DATA,MEDIUM,HIGH,False,PROVISIONAL
Google Play,91df02d7-4a22-4127-b7f6-dcafe29cf228,2025-03-07T21:58:47+00:00,1,,Nhiêu đủ hiểu,True,1,UNCLEAR,True,UNCLEAR,OTHER,,UNKNOWN,LOW,LOW,True,PROVISIONAL
Google Play,c2b39805-cd67-4dff-880a-993b55348bc5,2025-03-09T11:24:03+00:00,5,,"Good app, cần vay 9tr990 vào trang Vay9 nè đang cần chỉ tiêu, App không thông minh. Đặt lệnh không hiện thị bước giá hiện tại mua bán, không có nút mua bán ấn nhanh để đơn giản hóa mà cứ nhập bằng tay, không hiển thị thông tin lượng cp đang nắm giữ khi đặt lệnh bán,...",True,1,MIXED,True,YES,UX_NAVIGATION_COMPLEXITY,,TRADING_ORDER_MANAGEMENT,MEDIUM,HIGH,False,PROVISIONAL
App Store,12400663065,2025-03-09T14:18:02+00:00,2,Ko rút dk,Ko rút dk,True,1,NEGATIVE,True,YES,DEPOSIT_WITHDRAWAL_TRANSFER,,FUNDING_CASH_TRANSFER,HIGH,HIGH,False,PROVISIONAL
App Store,12403217122,2025-03-10T05:42:42+00:00,1,App tự chọn mp,"Tự chọn mp khi bán, may mà huỷ lệnh kịp, định lùa gà người mới hay gì
App khó dùng",True,2,NEGATIVE,True,YES,TRADING_ORDER_EXECUTION,,TRADING_ORDER_MANAGEMENT,HIGH,HIGH,False,PROVISIONAL
Google Play,536055f4-505e-4ac4-8f4a-72d68e4e34d7,2025-03-10T14:05:20+00:00,1,,"Vào đến bước 2/8 bấm tiếp tục không chạy tiếp 😥😥😥, mới đăng ký mà vậy rồi đến lúc gia dịch mà treo thì làm sao ...",True,1,NEGATIVE,True,YES,ONBOARDING_KYC,,ACCOUNT_OPENING_KYC,HIGH,HIGH,False,PROVISIONAL
App Store,12406839316,2025-03-11T04:44:26+00:00,1,Khó khớp lệnh,Chỉnh đủ giá k khớp nổi,True,1,NEGATIVE,True,YES,TRADING_ORDER_EXECUTION,,TRADING_ORDER_MANAGEMENT,HIGH,HIGH,False,PROVISIONAL
Google Play,1fbfc074-a707-4bea-bc45-78e494045b90,2025-03-12T01:32:36+00:00,1,,"An toàn kém. Bán cp xong tiền mất 2,5% k bit đi đâu. Ăn cắp tài sản của nđt k nên dùng.",True,1,NEGATIVE,True,YES,FEE_PRICING,,FUNDING_CASH_TRANSFER,HIGH,MEDIUM,True,PROVISIONAL
Google Play,dbc9e7e8-0a13-4b9b-bc58-8d2f8578b336,2025-03-12T10:15:53+00:00,1,,"Cần thêm câu hỏi xác nhận bán trong phần bán cổ phiếu, lỡ đụng nhầm lại bán mất cp",True,1,NEGATIVE,True,YES,TRADING_ORDER_EXECUTION,,TRADING_ORDER_MANAGEMENT,MEDIUM,HIGH,False,PROVISIONAL
Google Play,ca0eb48c-8b0d-4c50-9638-b4ec1a4b3450,2025-03-13T16:05:11+00:00,1,,nice,True,1,UNCLEAR,False,UNCLEAR,OTHER,,UNKNOWN,LOW,LOW,True,PROVISIONAL
App Store,12434867625,2025-03-18T12:34:18+00:00,1,Kn,Làm ăn ko ra gì,True,1,NEGATIVE,True,UNCLEAR,OTHER,,UNKNOWN,LOW,LOW,True,PROVISIONAL
Google Play,0cb89c47-1f24-4236-8945-8b3ec3fa48c5,2025-03-19T13:06:46+00:00,1,,Rút tiền văn vở,True,1,NEGATIVE,True,YES,DEPOSIT_WITHDRAWAL_TRANSFER,,FUNDING_CASH_TRANSFER,MEDIUM,MEDIUM,True,PROVISIONAL
Google Play,b5e796ac-6ba4-4b9f-9274-54fc174ecc1d,2025-03-20T09:38:41+00:00,1,,"App cồng kềnh, ôm đồm quá, UX quá tệ, cần quá nhiều thao tác để truy cập vào các tính năng thường dùng như bảng giá thị trường, bảng giá từng cổ phiếu. Nên đơn giản hóa và đầu tư nhiều hơn để cải thiện UX. có thể học hỏi app của VNDirect, DNSE",True,1,NEGATIVE,True,YES,UX_NAVIGATION_COMPLEXITY,,GENERAL_CROSS_JOURNEY,MEDIUM,HIGH,False,PROVISIONAL
App Store,12442692786,2025-03-20T13:54:06+00:00,4,Review newest version,Bản cập nhật mới nhất khó dùng quá. Đặt lệnh mà k thấy thấy giá sàn giá trần như version trước đấy,True,1,MIXED,True,YES,MARKET_DATA_STALENESS_ACCURACY,,TRADING_ORDER_MANAGEMENT,MEDIUM,HIGH,False,PROVISIONAL
App Store,12453957660,2025-03-23T10:02:50+00:00,1,"Tcbs giam tiền của kh, giao diện apps rối","Tcbs giam tiền của khách hàng. Rút tiền chiều thứ 6 trong giờ giao dịch mà qua giữa tuần tiền mới về tài khoản. 
giao diện apps rối rắm.",True,2,NEGATIVE,True,YES,DEPOSIT_WITHDRAWAL_TRANSFER,,FUNDING_CASH_TRANSFER,HIGH,HIGH,False,PROVISIONAL
App Store,12469670827,2025-03-27T07:58:51+00:00,1,Giao diện có vấn đề,"Giao diện khó sử dụng. Không tìm thấy lệnh quỹ để huỷ, lỡ mất cơ hội đầu tư. Dặt lệnh cũng k có thông báo",True,2,NEGATIVE,True,YES,UX_NAVIGATION_COMPLEXITY,,TRADING_ORDER_MANAGEMENT,HIGH,HIGH,False,PROVISIONAL
App Store,12472251645,2025-03-27T22:42:52+00:00,4,Nở sức mua maggin từ lãi cổ phiếu qua ngày,Nên thêm chế độ nở sức mua từ lãi cổ phiếu qua ngày mà không cần bán cổ phiếu đi.,True,1,NEUTRAL,False,YES,OTHER,,TRADING_ORDER_MANAGEMENT,LOW,HIGH,False,PROVISIONAL
Google Play,25873253-f0a8-4833-b69b-46ae0437edce,2025-03-29T22:42:01+00:00,5,,tốt mua được lô lẻ.,False,0,POSITIVE,False,YES,,,,NONE,HIGH,False,PROVISIONAL
Google Play,69e032e8-f43d-4833-8705-f22ecd0a5e13,2025-03-31T19:36:38+00:00,1,,App máu Lon. Bắt mau chứ ký số không dùng được chứ số bên khác.,True,1,NEGATIVE,True,YES,DIGITAL_SIGNATURE_FLOW,,ACCOUNT_OPENING_KYC,HIGH,MEDIUM,True,PROVISIONAL
Google Play,c78ae7d3-8dd7-4bed-9baa-dd43ba572437,2025-04-03T14:21:39+00:00,1,,Hỗ trợ bằng Chat bot không hiểu vấn đề ! Hơi chán,True,1,NEGATIVE,True,YES,AI_SUPPORT_CONTEXT_QUALITY,,CUSTOMER_SUPPORT,MEDIUM,HIGH,False,PROVISIONAL
App Store,12500908724,2025-04-04T02:50:04+00:00,1,Phần mềm ngu nhất quả đất,"Phần mềm ngu nhất đất. Tìm mòn mỏi không biết đặt lệnh, sửa lệnh hay huỷ lệnh ở đâu",True,1,NEGATIVE,True,YES,UX_NAVIGATION_COMPLEXITY,,TRADING_ORDER_MANAGEMENT,HIGH,HIGH,False,PROVISIONAL
App Store,12501658993,2025-04-04T08:08:05+00:00,1,Chuyển tiền mua cp,Chuyển tức app tech sang xong hiện tiền nhưng không cho mua…,True,1,NEGATIVE,True,YES,DEPOSIT_WITHDRAWAL_TRANSFER,,FUNDING_CASH_TRANSFER,HIGH,HIGH,False,PROVISIONAL
Google Play,141e2e86-446d-46b8-a5e1-5f7093297698,2025-04-05T19:50:26+00:00,1,,"Too much unnecessary information and function in app but lack of price information, matched price history. Not well looking. Can't sweep left, right to move",True,1,NEGATIVE,True,YES,UX_NAVIGATION_COMPLEXITY,,GENERAL_CROSS_JOURNEY,MEDIUM,HIGH,False,PROVISIONAL
App Store,12518940042,2025-04-08T15:12:51+00:00,1,Vớ vẩn tính toán lãi hơn bọn cho vay,1 xoá cho sự khó hiểu của ápp và lãi cao ngất ngửa tự ý trừ tiền tk teck,True,1,NEGATIVE,True,YES,FEE_PRICING,,FUNDING_CASH_TRANSFER,HIGH,MEDIUM,True,PROVISIONAL
App Store,12524144104,2025-04-09T22:43:18+00:00,5,Giao dịch an toàn nhanh,"Nhập mã 105CTH8999 để nhận ưu đãi khi giao dịch, miễn phí giao dịch nhé",False,0,POSITIVE,False,YES,,,,NONE,HIGH,False,PROVISIONAL
App Store,12524834794,2025-04-10T03:26:21+00:00,1,App siêu lag,App lag kinh khủng.,True,1,NEGATIVE,True,YES,PERFORMANCE_RELIABILITY,,GENERAL_CROSS_JOURNEY,MEDIUM,HIGH,False,PROVISIONAL
App Store,12524926430,2025-04-10T04:07:48+00:00,1,App thường xuyên lỗi,"App hoạt động không ổn định, thường xuyên không thể truy cập được. Nên cân nhắc sử dụng app khác",True,1,NEGATIVE,True,YES,PERFORMANCE_RELIABILITY,,GENERAL_CROSS_JOURNEY,HIGH,HIGH,False,PROVISIONAL
Google Play,68af5174-d1ec-401b-b2bd-d8ce6dd37e63,2025-04-10T09:09:43+00:00,1,,app đơ ko đặt lệnh dc quá tệ,True,1,NEGATIVE,True,YES,TRADING_ORDER_EXECUTION,,TRADING_ORDER_MANAGEMENT,HIGH,HIGH,False,PROVISIONAL
Google Play,b61f8012-1467-4c37-91ec-91cd2a3f1334,2025-04-10T09:20:20+00:00,1,,"Ứng dụng cùi bắp, vừa đơ vừa chậm",True,1,NEGATIVE,True,YES,PERFORMANCE_RELIABILITY,,GENERAL_CROSS_JOURNEY,MEDIUM,HIGH,False,PROVISIONAL
Google Play,73a77237-f86a-461e-8521-e5fa69cb0f09,2025-04-10T09:24:08+00:00,1,,App dùng khó chịu thật sự,True,1,NEGATIVE,True,YES,UX_NAVIGATION_COMPLEXITY,,GENERAL_CROSS_JOURNEY,MEDIUM,MEDIUM,True,PROVISIONAL
Google Play,e401a5a6-315b-4364-9d9d-ec321b9cf6e2,2025-04-10T11:08:48+00:00,1,,lần đầu tiên phải đánh giá 1 sao cho app. không thể giao dịch được trong nhiều ngày liền. mã otp k gửi đến máy. tôi đã lỡ rất nhiều cơ hội chỉ vì chuyện này. app rác. khuyên mọi người dùng app khác mà dùng. đợi cái app này load thì đ biết đến bao giờ mới xong,True,1,NEGATIVE,True,YES,AUTHENTICATION_IOTP,,TRADING_ORDER_MANAGEMENT,HIGH,HIGH,False,PROVISIONAL
App Store,12526738886,2025-04-10T15:24:14+00:00,3,Khó thao tác,"Phiên bản mới khó đặt lệnh , không thuận tiện như phiên bản trước đây",True,1,MIXED,True,YES,UX_NAVIGATION_COMPLEXITY,,TRADING_ORDER_MANAGEMENT,MEDIUM,HIGH,False,PROVISIONAL
Google Play,05fd7c56-b935-45dc-a6ba-b048212f19b4,2025-04-10T15:54:11+00:00,1,,"app quá tệ, ko như bản cũ, bước giá, khối lượng giao dịch, mua nhanh ko thấy.. mọi người chuyển sàn khác đi nhé",True,1,NEGATIVE,True,YES,UX_NAVIGATION_COMPLEXITY,,TRADING_ORDER_MANAGEMENT,MEDIUM,HIGH,False,PROVISIONAL
App Store,12526882408,2025-04-10T16:07:13+00:00,4,Good,"Không mở được bằng Mac M1 nữa, mở lên chỉ thấy slogan Đầu tư an toàn, Cuộc sống an nhàn, xong đơ. Chỉ có con Mac cài được app thôi, không có điện thoại và tablet.",True,1,NEGATIVE,True,YES,MOBILE_TABLET_RESPONSIVENESS,,GENERAL_CROSS_JOURNEY,HIGH,HIGH,False,PROVISIONAL
App Store,12527068142,2025-04-10T17:05:26+00:00,1,App quá rối. Khó theo dõi giá khi mua bán,Khi muốn mua nhanh từ bảng điện hoặc theo dõi giá và khối lượng khi mua bán khó. Chưa tối ưu,True,1,NEGATIVE,True,YES,UX_NAVIGATION_COMPLEXITY,,TRADING_ORDER_MANAGEMENT,MEDIUM,HIGH,False,PROVISIONAL
App Store,12529188894,2025-04-11T07:26:20+00:00,1,Lởm,Làm cái tra soát mà nó hẹn 5 đến 30 ngày sau mới xong. Ko thể hiểu nổi làm ăn kiểu gì,True,1,NEGATIVE,True,YES,CUSTOMER_SUPPORT,,CUSTOMER_SUPPORT,HIGH,HIGH,False,PROVISIONAL
Google Play,ca4a18a4-849d-4840-8018-6042d8905ab9,2025-04-11T07:41:18+00:00,1,,"hiện vào cái app mà nhìn muốn loạn não luôn. xắp xếp linh ta linh tinh, không khoa học , quá nhiều thứ",True,1,NEGATIVE,True,YES,UX_NAVIGATION_COMPLEXITY,,GENERAL_CROSS_JOURNEY,MEDIUM,HIGH,False,PROVISIONAL
App Store,12529231767,2025-04-11T07:45:57+00:00,1,"App lag, giật, xấu dỏm, giam tiền nhà đầu tư",Quá tệ,True,2,NEGATIVE,True,YES,PERFORMANCE_RELIABILITY,,GENERAL_CROSS_JOURNEY,HIGH,MEDIUM,True,PROVISIONAL
Google Play,dd18752c-2098-420b-a862-4323875e3130,2025-04-11T10:16:58+00:00,1,,lúc cần vào thì k vào đc app. các ctck khác vẫn vào đc,True,1,NEGATIVE,True,YES,PERFORMANCE_RELIABILITY,,GENERAL_CROSS_JOURNEY,HIGH,HIGH,False,PROVISIONAL
App Store,12530510462,2025-04-11T14:51:48+00:00,1,Kém,Tiền vê chậm nên tạo giao dich chờ giống bnb thống kê tiền của khách mãi ko xong giao diện nên học theo ssi,True,2,NEGATIVE,True,YES,DEPOSIT_WITHDRAWAL_TRANSFER,,FUNDING_CASH_TRANSFER,HIGH,MEDIUM,True,PROVISIONAL
App Store,12545090227,2025-04-15T06:59:54+00:00,1,Dịch vụ tệ,"Thường xuyên lỗi, đt toàn gặp robot. Nhắn tin zalo, mess k trả lời. Cân nhắc sử dụng dịch vụ bên này, Số dư tài khoản mất, mọi người kiểm tra thường xuyên",True,3,NEGATIVE,True,YES,PERFORMANCE_RELIABILITY,,GENERAL_CROSS_JOURNEY,HIGH,MEDIUM,True,PROVISIONAL
Google Play,d4c48d9b-245d-41b3-8334-62424d61a32a,2025-04-20T07:48:46+00:00,5,,"Good app càng phát triển, cần vay vào 𝐕𝐚𝐲𝐓𝐨𝐭𝐍𝐡𝐚𝐭. Để được ( vay tốt nhất ) thời điểm này do mình đang cần số sợ mất việc nên lấy phí thấp. Về app này, hiện vào cái app mà nhìn muốn loạn não luôn. xắp xếp linh ta linh tinh, không khoa học , quá nhiều thứ",True,1,MIXED,True,YES,UX_NAVIGATION_COMPLEXITY,,GENERAL_CROSS_JOURNEY,MEDIUM,HIGH,False,PROVISIONAL
App Store,12567815927,2025-04-21T03:24:08+00:00,1,App bị văng,Cứ ấn vào app lại văng ra trên iOS 14.8.Haizz,True,1,NEGATIVE,True,YES,MOBILE_TABLET_RESPONSIVENESS,,GENERAL_CROSS_JOURNEY,HIGH,HIGH,False,PROVISIONAL
App Store,12568189367,2025-04-21T06:32:00+00:00,1,Nhận xét,Tự nhiên cho cái phần mua bán vào bên trong. Muốn mua bán sửa lệnh phải mất mấy thao tác. Cải lùi,True,1,NEGATIVE,True,YES,UX_NAVIGATION_COMPLEXITY,,TRADING_ORDER_MANAGEMENT,MEDIUM,HIGH,False,PROVISIONAL
App Store,12571498975,2025-04-22T02:57:10+00:00,1,"Làm ơn trả lại giao diện cũ , giao diện mới chán ko tả, rườm rà, đặt lênh mãi ko đc","Làm ơn trả lại giao diện cũ , giao diện mới chán ko tả, rườm rà, đặt lênh mãi ko đc",True,1,NEGATIVE,True,YES,UX_NAVIGATION_COMPLEXITY,,TRADING_ORDER_MANAGEMENT,MEDIUM,HIGH,False,PROVISIONAL
App Store,12575139134,2025-04-23T02:31:13+00:00,1,App quá xấu,"Nên tham khảo ssi làm app, họ làm app rất đẹp và mượt",True,1,NEGATIVE,True,YES,UX_NAVIGATION_COMPLEXITY,,GENERAL_CROSS_JOURNEY,MEDIUM,HIGH,False,PROVISIONAL
Google Play,c287176f-3a10-4a21-b887-daec4e465824,2025-04-23T09:54:24+00:00,1,,Không rút được tiền,True,1,NEGATIVE,True,YES,DEPOSIT_WITHDRAWAL_TRANSFER,,FUNDING_CASH_TRANSFER,HIGH,HIGH,False,PROVISIONAL
Google Play,d441ab41-991f-4853-8c7e-2de9a3530732,2025-04-23T21:15:52+00:00,4,,giao diện nhìn rất rối mắt,True,1,MIXED,True,YES,UX_NAVIGATION_COMPLEXITY,,GENERAL_CROSS_JOURNEY,MEDIUM,HIGH,False,PROVISIONAL
Google Play,486c6f26-fbba-4061-a1e5-c7ba8613af55,2025-04-28T15:40:03+00:00,1,,app khi cần thì ko vào đc. màn hình đen thui. ko vào được thì mua bán kiểu gì. thì trường lên xuống ko vào bán gì đc quá chán,True,1,NEGATIVE,True,YES,PERFORMANCE_RELIABILITY,,TRADING_ORDER_MANAGEMENT,HIGH,HIGH,False,PROVISIONAL
App Store,12604943636,2025-05-01T01:27:58+00:00,1,App quá lỗi,Mấy ngày không vô được. Thất thoát bao nhiêu tiền của nta...,True,1,NEGATIVE,True,YES,PERFORMANCE_RELIABILITY,,GENERAL_CROSS_JOURNEY,HIGH,HIGH,False,PROVISIONAL
App Store,12605203687,2025-05-01T03:08:57+00:00,2,Bảo trì kiểu gì mà 2 ngày chưa rồi vậy,Tệ,True,1,NEGATIVE,True,YES,PERFORMANCE_RELIABILITY,,GENERAL_CROSS_JOURNEY,HIGH,HIGH,False,PROVISIONAL
App Store,12609904288,2025-05-02T08:34:11+00:00,2,Bảo trì,Bảo trì gì mà lâu vậy,True,1,NEGATIVE,True,YES,PERFORMANCE_RELIABILITY,,GENERAL_CROSS_JOURNEY,HIGH,HIGH,False,PROVISIONAL
Google Play,23332da1-dcf7-46c8-a6ce-edf1100d957b,2025-05-02T09:57:14+00:00,1,,"bả trì 5 ngày, lần đầu mới thấy app chứng khoán tệ cỡ này",True,1,NEGATIVE,True,YES,PERFORMANCE_RELIABILITY,,GENERAL_CROSS_JOURNEY,HIGH,HIGH,False,PROVISIONAL
Google Play,8e189ba9-1d09-4df7-b748-431c21343292,2025-05-03T23:56:11+00:00,1,,Bảo trì nhiều ngày chưa thấy xong?,True,1,NEGATIVE,True,YES,PERFORMANCE_RELIABILITY,,GENERAL_CROSS_JOURNEY,HIGH,HIGH,False,PROVISIONAL
App Store,12617407260,2025-05-04T06:47:17+00:00,1,app ngôn lù,như tiêu đề,True,1,NEGATIVE,True,UNCLEAR,OTHER,,UNKNOWN,LOW,LOW,True,PROVISIONAL
Google Play,f517626f-d6e8-46c0-a25e-782675bb420d,2025-05-05T10:46:54+00:00,1,,Update krx xong app lag không giao dịch được luôn,True,1,NEGATIVE,True,YES,PERFORMANCE_RELIABILITY,,TRADING_ORDER_MANAGEMENT,HIGH,HIGH,False,PROVISIONAL
Google Play,12e51ca1-c42b-4d9c-996a-d929e5655774,2025-05-05T22:15:35+00:00,5,,"App hữu ích, mọi người nên dùng. Xin phép, hiện ai cần vay vào 𝐕𝐚𝐲𝐓𝐨𝐭𝐍𝐡𝐚𝐭 đảm bảo ( vay tốt nhất ) nhận tới 9tr990 chỉ 110k phí do mình đang thiếu số sắp bị đuổi việc. Mà app này, hiện vào cái app mà nhìn muốn loạn não luôn. xắp xếp linh ta linh tinh, không khoa học , quá nhiều thứ",True,1,MIXED,True,YES,UX_NAVIGATION_COMPLEXITY,,GENERAL_CROSS_JOURNEY,MEDIUM,HIGH,False,PROVISIONAL
Google Play,354da8e6-fa1b-401b-a3cd-816a1535a8b3,2025-05-12T17:05:35+00:00,1,,Dịch vụ cskh quá chậm,True,1,NEGATIVE,True,YES,CUSTOMER_SUPPORT,,CUSTOMER_SUPPORT,MEDIUM,HIGH,False,PROVISIONAL
Google Play,1ad3126b-116f-4914-9011-c3d3a85ca068,2025-05-15T11:17:51+00:00,1,,"lởm vậy, đăng kí tk mới ko đc. gửi feedback ko dc luôn",True,2,NEGATIVE,True,YES,ONBOARDING_KYC,,ACCOUNT_OPENING_KYC,HIGH,HIGH,False,PROVISIONAL
App Store,12660963384,2025-05-16T03:23:39+00:00,2,Rất chậm,"Tốc độ khớp lệnh chậm. App khó nhìn khó theo dõi. Định đánh giá 1* nhưng do phí rẻ nên cho thêm 1*. Nói chung chậm lắm, ko nên dùng.",True,2,NEGATIVE,True,YES,TRADING_ORDER_EXECUTION,,TRADING_ORDER_MANAGEMENT,MEDIUM,HIGH,False,PROVISIONAL
Google Play,cfbaae79-9d05-4bf1-8b1b-4054d77a0be2,2025-05-16T07:11:45+00:00,3,,"khó đăng ký, không mã số thuế không đăng ký được",True,1,MIXED,True,YES,ONBOARDING_KYC,,ACCOUNT_OPENING_KYC,MEDIUM,HIGH,False,PROVISIONAL
Google Play,59ec01d9-8aa6-4f12-98bf-d67b107b59b8,2025-05-17T15:06:42+00:00,3,,Tạm ổn nhưng giao diện cực kỳ rối rắm. Có nhiều tính năng thú vị nhưng do giao diện không được liền mạch nên rất khó sử dụng.,True,1,MIXED,True,YES,UX_NAVIGATION_COMPLEXITY,,GENERAL_CROSS_JOURNEY,MEDIUM,HIGH,False,PROVISIONAL
Google Play,5ae93932-306e-4320-8572-ce1fce5a459b,2025-05-18T08:28:20+00:00,4,,"bản cũ có vẽ oke hơn.đơn giản dể dùng.up bản mới nặng máy hơn mà thấy răc rối hơn.lịch sử,tài sản,ds cp ,đặt lệnh nó ko liên kết mấy phải mất nhiều thao tác..phần margin tắt tự động tt mà vẩn bị trừ tự động khó quản lý tài sảnvvv..",True,2,MIXED,True,YES,UX_NAVIGATION_COMPLEXITY,,GENERAL_CROSS_JOURNEY,MEDIUM,HIGH,False,PROVISIONAL
Google Play,fc207890-5fd8-4e8a-acf8-ab24fb9cfa68,2025-05-18T16:25:32+00:00,5,,"app tốt, có quản lý hiệu suất đầu tư mà hầu hết app khác ko có",False,0,POSITIVE,False,YES,,,,NONE,HIGH,False,PROVISIONAL
Google Play,8ac2e8eb-60d8-469f-bfe4-4bea82810119,2025-05-19T17:16:07+00:00,1,,"App lỗi phong tỏa mấy chục triệu của kh dù ko có đặt lệnh gì, hiển thị lung tung",True,2,NEGATIVE,True,YES,DEPOSIT_WITHDRAWAL_TRANSFER,,FUNDING_CASH_TRANSFER,HIGH,HIGH,False,PROVISIONAL
App Store,12676449035,2025-05-20T08:57:57+00:00,5,Ứng dụng mượt,"Nhiều tính năng hữu ích, đa dạng sản phẩm đầu tư để lựa chọn",False,0,POSITIVE,False,YES,,,,NONE,HIGH,False,PROVISIONAL
App Store,12676479614,2025-05-20T09:12:12+00:00,5,Ứng dụng tài chính uy tín hàng đầu tại Việt Nam,"Ứng dụng có nhiều chức năng như chart, hình ảnh",False,0,POSITIVE,False,YES,,,,NONE,HIGH,False,PROVISIONAL
Google Play,35e74f9a-e50e-4cc7-a66f-0602b3f1b820,2025-05-20T16:10:42+00:00,5,,App có nhiều tính năng hữu ích giúp nhà đầu tư cá nhân có thể tự phân tích và ra quyết định.,False,0,POSITIVE,False,YES,,,,NONE,HIGH,False,PROVISIONAL
Google Play,a5321f14-71be-450e-8941-122df8ebcecd,2025-05-21T14:12:58+00:00,1,,"bố trí rườm rà, ứng dụng thì lag, giao diện thì gây khó dễ cho việc mua bán cp nhanh, nên cải thiện lại hoặc làm thêm 1 bản lite nhỏ gọn cho khách hàng lựa chọn, mặc dù rất tích tcbs nhưng app khó chịu quá phải qua dùng MBS và dnse",True,1,NEGATIVE,True,YES,UX_NAVIGATION_COMPLEXITY,,GENERAL_CROSS_JOURNEY,MEDIUM,HIGH,False,PROVISIONAL
App Store,12683550678,2025-05-22T06:02:22+00:00,1,dịch vụ cskh tệ app lỗi,"bắt xác thực cccd nhưng app lỗi load 7749 lần mãi k đc thử trên mọi nền tảng đều k đc, bỏ lỡ nhiều cơ hội và cũng rút đc tiền. App rất rối",True,3,NEGATIVE,True,YES,ONBOARDING_KYC,,ACCOUNT_OPENING_KYC,HIGH,HIGH,True,PROVISIONAL
App Store,12683632959,2025-05-22T06:42:31+00:00,5,App tot,"App co nhieu tinh nang thong minh da dang, nhieu san pham hay moi la",False,0,POSITIVE,False,YES,,,,NONE,HIGH,False,PROVISIONAL
App Store,12684039731,2025-05-22T09:50:31+00:00,5,"Giao diện thân thiện, nhiều tính năng xịn xò",App có cả 1 kho tàng tính năng xịn xò cho cả người mới bắt đầu sử dụng.,False,0,POSITIVE,False,YES,,,,NONE,HIGH,False,PROVISIONAL
App Store,12684578987,2025-05-22T12:59:55+00:00,2,màn hình đặt lệnh ngu ngốc,"app có quá nhiều thứ nên có hiện tượng lag, màn hình đặt lệnh quá đơn giản đến mức ngu ngốc",True,2,NEGATIVE,True,YES,PERFORMANCE_RELIABILITY,,GENERAL_CROSS_JOURNEY,MEDIUM,HIGH,False,PROVISIONAL
App Store,12686907068,2025-05-23T02:38:36+00:00,1,Lỗi gd liên tục,App lỗi giao dịch không mua bán cổ phiểu được,True,1,NEGATIVE,True,YES,TRADING_ORDER_EXECUTION,,TRADING_ORDER_MANAGEMENT,HIGH,HIGH,False,PROVISIONAL
App Store,12687008860,2025-05-23T03:23:18+00:00,1,Tệ,"Lỗi liên tục , đứng giao dịch , huỷ lệnh đặt lệnh không được. Quá tệ hại , cân nhắc khi tải app",True,1,NEGATIVE,True,YES,TRADING_ORDER_EXECUTION,,TRADING_ORDER_MANAGEMENT,HIGH,HIGH,False,PROVISIONAL
Google Play,900f6165-9d7c-4485-9c72-0a5bfe7a9803,2025-05-23T10:04:47+00:00,1,,app sáng nay đặt lệnh bị kẹt rồi ad,True,1,NEGATIVE,True,YES,TRADING_ORDER_EXECUTION,,TRADING_ORDER_MANAGEMENT,HIGH,HIGH,False,PROVISIONAL
Google Play,39b03a78-64a0-478d-b52f-6a5272d179c3,2025-05-23T11:12:57+00:00,1,,lỗi 23/5/25,True,1,NEGATIVE,True,UNCLEAR,OTHER,,UNKNOWN,LOW,LOW,True,PROVISIONAL
App Store,12690484349,2025-05-24T00:23:40+00:00,5,App tốt,Sự lựa chọn hoàn hảo cho con đường đầu tư chuyên nghiệp,False,0,POSITIVE,False,YES,,,,NONE,HIGH,False,PROVISIONAL
App Store,12698829424,2025-05-26T03:28:29+00:00,1,"App lỗi, lỗi cả hệ thống","Không bao giờ dám dùng iPower bên này nữa, lỗi chưa nhận được tiền về",True,1,NEGATIVE,True,YES,DEPOSIT_WITHDRAWAL_TRANSFER,,FUNDING_CASH_TRANSFER,HIGH,HIGH,False,PROVISIONAL
Google Play,593f8f6e-4782-462f-84a7-f70d724d3d95,2025-05-26T09:58:29+00:00,5,,Các bạn hỗ trợ rất thân thiện,False,0,POSITIVE,False,YES,,,,NONE,HIGH,False,PROVISIONAL
Google Play,c05cf416-cec2-4ced-902f-d3c7be484604,2025-05-26T19:10:36+00:00,5,,tôi không hiểu sao 1 ứng dụng hay được đầu tư rất chu đáo mà 1 số người ko biết dùng vô đánh giá bừa bãi thật đáng xấu hổ,False,0,POSITIVE,False,YES,,,,NONE,HIGH,False,PROVISIONAL
App Store,12702501548,2025-05-27T02:38:00+00:00,1,Quá tệ hại,Quá tệ hại. Bảng đen xì xì chả giao dịch gì được. Mẹ. Làm ăn như có,True,1,NEGATIVE,True,YES,PERFORMANCE_RELIABILITY,,TRADING_ORDER_MANAGEMENT,HIGH,HIGH,False,PROVISIONAL
Google Play,4b0e20e1-dc1a-4f38-b645-4381ee0bd12e,2025-05-27T09:38:08+00:00,5,,"Quy trình mở tài khoản nhanh. App có nhiều tính năng hay ho, cung cấp cho khách hàng nhiều thông tin trực quan. 1 trong những app chứng khoán tốt nhất mà tôi từng sử dụng.",False,0,POSITIVE,False,YES,,,,NONE,HIGH,False,PROVISIONAL
Google Play,3ac1311b-39da-4cf7-bf89-e456dc24f213,2025-05-27T14:15:08+00:00,3,,"Mãi ko lấy được cái OTP để giao dịch,",True,1,NEGATIVE,True,YES,AUTHENTICATION_IOTP,,TRADING_ORDER_MANAGEMENT,HIGH,HIGH,False,PROVISIONAL
Google Play,c149b6c8-2e6e-4df8-9940-948e31fb85ad,2025-05-27T14:35:32+00:00,2,,Wiget bị lỗi không hiển thị được phải vào app để xem,True,1,NEGATIVE,True,YES,MARKET_DATA_STALENESS_ACCURACY,,PRODUCT_DISCOVERY_MARKET_DATA,MEDIUM,HIGH,False,PROVISIONAL
Google Play,a3bcab51-d400-4509-aa9e-e82dc0a3dc57,2025-05-28T06:09:20+00:00,5,,ok,False,0,POSITIVE,False,YES,,,,NONE,HIGH,False,PROVISIONAL
Google Play,e18ee48a-8d3b-454e-9018-6bd39e8bec05,2025-05-28T08:11:17+00:00,1,,LỖI WIDGET CHO ANDROID,True,1,NEGATIVE,True,YES,MARKET_DATA_STALENESS_ACCURACY,,PRODUCT_DISCOVERY_MARKET_DATA,MEDIUM,HIGH,False,PROVISIONAL
Google Play,9e7cb675-8ca4-4d4b-b7b0-528e5a677bbd,2025-05-28T09:41:11+00:00,5,,"app dùng mượt mà, tính năng thông minh",False,0,POSITIVE,False,YES,,,,NONE,HIGH,False,PROVISIONAL
Google Play,ab3ffab2-dca8-4fb7-8afa-bf2dcb4353ea,2025-05-28T13:04:07+00:00,1,,"ap lỗi , thường xuyên bị chặn giao dịch . cổ phiếu t2.5 về mà không bán được . chịu , k hiểu làm ăn kiểu gì . quá thất vọng",True,1,NEGATIVE,True,YES,TRADING_ORDER_EXECUTION,,TRADING_ORDER_MANAGEMENT,HIGH,HIGH,False,PROVISIONAL
Google Play,cebce133-8708-41d3-9a75-e7da72962539,2025-05-28T15:08:16+00:00,5,,Mở tài khoản nhanh. Được miễn phí giao dịch. Trên app có rất nhiều thông tin về cổ phiếu giúp nhà đầu tư quyết định.,False,0,POSITIVE,False,YES,,,,NONE,HIGH,False,PROVISIONAL
Google Play,6b593909-3421-4d14-b6c2-2822d5fa7b3b,2025-05-29T22:39:20+00:00,1,,"giao diện khó dùng, đánh phái sinh khó thao tác, biểu đồ khó dùng. nên tham khảo mấy sàn tiền số.",True,1,NEGATIVE,True,YES,UX_NAVIGATION_COMPLEXITY,,TRADING_ORDER_MANAGEMENT,MEDIUM,HIGH,False,PROVISIONAL
App Store,12713877917,2025-05-30T02:36:25+00:00,5,Good,App nhiều tính năng hỗ trợ,False,0,POSITIVE,False,YES,,,,NONE,HIGH,False,PROVISIONAL
App Store,12726291522,2025-06-02T06:46:20+00:00,5,Tính năng bảo mật tôat,"Tôi thấy tính năng bảo mật đa lớp của tcbs rất hay, hộ  trợ người dùng quản lý đc account của mình tránh bị xâm nhập trái phép, tuyệt vời",False,0,POSITIVE,False,YES,,,,NONE,HIGH,False,PROVISIONAL
App Store,12729702813,2025-06-03T03:41:08+00:00,5,Good app,Good app,False,0,POSITIVE,False,YES,,,,NONE,HIGH,False,PROVISIONAL
App Store,12729747631,2025-06-03T04:01:29+00:00,5,App hay,"App dùng rất mượt mà, có nhiều tính năng hay hỗ trợ nhà đầu tư",False,0,POSITIVE,False,YES,,,,NONE,HIGH,False,PROVISIONAL
App Store,12729764477,2025-06-03T04:09:08+00:00,3,Chức năng tính cả tiền trong IPower vào sức mua cổ phiếu không hoạt động,"Chức năng tính cả tiền trong IPower vào sức mua cổ phiếu không hoạt động dù đã kích hoạt, phải rút tiền từ IPOWER ra mới đặt lệnh mua dc",True,1,NEGATIVE,True,YES,DEPOSIT_WITHDRAWAL_TRANSFER,,FUNDING_CASH_TRANSFER,HIGH,HIGH,False,PROVISIONAL
App Store,12730088196,2025-06-03T06:43:22+00:00,5,App rất ổn áp,"Dễ sử dụng, giao dịch mượt mà và hỗ trợ đầu tư hiệu quả",False,0,POSITIVE,False,YES,,,,NONE,HIGH,False,PROVISIONAL
App Store,12730094811,2025-06-03T06:46:26+00:00,5,"App hay, dễ sử dụng","App dễ dùng, giao diện trực quan, xử lý tiền nhanh. Mình sử dụng khá tiện, có cập nhật tin tức và báo cáo cũng ổn. Hy vọng app tiếp tục cải thiện để trải nghiệm ngày càng tốt hơn.",False,0,POSITIVE,False,YES,,,,NONE,HIGH,False,PROVISIONAL
Google Play,fa40557b-0a05-43e7-ad58-5229c8fc1f15,2025-06-03T11:41:41+00:00,5,,"app đầy đủ thông tin ⭐⭐⭐⭐⭐, tuy nhiên giao diện chưa bắt mắt và hơi loạn 12 sứ quân 😶‍🌫️",True,1,MIXED,True,YES,UX_NAVIGATION_COMPLEXITY,,GENERAL_CROSS_JOURNEY,MEDIUM,HIGH,False,PROVISIONAL
App Store,12733793429,2025-06-04T05:58:44+00:00,5,Hiihaha,"App tuyệt vời ông mặt trời, xịn xò con bò cười!!!",False,0,POSITIVE,False,YES,,,,NONE,HIGH,False,PROVISIONAL
App Store,12734008843,2025-06-04T07:40:22+00:00,1,Không hiển thị khung chat trên ip 12prm,"phần chat không xem được, hãy fix nó hoặc xoá nó đi",True,1,NEGATIVE,True,YES,MOBILE_TABLET_RESPONSIVENESS,,CUSTOMER_SUPPORT,MEDIUM,HIGH,False,PROVISIONAL
Google Play,ce911556-30c8-42b7-94fe-43bf8d3b2d5c,2025-06-05T10:37:17+00:00,1,,trải nghiệm quá tệ. APP quá phức tạp để sử dụng. gọi thì không tài nào liên hệ được với tư vấn viên con người. toàn nghe con chat AI tự động. QUÁ TỆ!!!,True,2,NEGATIVE,True,YES,UX_NAVIGATION_COMPLEXITY,,GENERAL_CROSS_JOURNEY,HIGH,HIGH,False,PROVISIONAL
Google Play,18832592-a319-40fb-a3f5-e1c05e5ac75e,2025-06-05T19:42:01+00:00,5,,"1 sản phẩm công nghệ chất lượng từ Việt Nam, tính năng đa dạng, lắng nghe ý kiến người dùng. Tiếp tục vượt trội !!!",False,0,POSITIVE,False,YES,,,,NONE,HIGH,False,PROVISIONAL
Google Play,40f6a682-f2b4-4e9d-8f99-aeeb0ac4da60,2025-06-05T23:45:21+00:00,1,,trước cài được mà reset máy song lại báo không tương thích vậy?,True,1,NEGATIVE,True,YES,MOBILE_TABLET_RESPONSIVENESS,,GENERAL_CROSS_JOURNEY,HIGH,HIGH,False,PROVISIONAL
App Store,12741089145,2025-06-06T03:13:13+00:00,2,Lỗi app treo lag,"Trong giờ giao dịch mà app treo, xem mục tài sản đen xì màn hình ko load được thông tin",True,1,NEGATIVE,True,YES,PERFORMANCE_RELIABILITY,,PORTFOLIO_TRACKING,HIGH,HIGH,False,PROVISIONAL
App Store,12741234952,2025-06-06T04:18:37+00:00,1,Tên app rất confuse,"TCBS hay TC invest 1 sao xứng đáng, nên hỗ trợ search cả 2 tên",True,1,NEGATIVE,True,YES,OTHER,,GENERAL_CROSS_JOURNEY,LOW,HIGH,False,PROVISIONAL
App Store,12741762884,2025-06-06T08:25:58+00:00,1,Chất lượng app,App rất lag,True,1,NEGATIVE,True,YES,PERFORMANCE_RELIABILITY,,GENERAL_CROSS_JOURNEY,MEDIUM,HIGH,False,PROVISIONAL
Google Play,d34dbb6a-d4ee-4abf-ba55-13c7f78b1c38,2025-06-06T13:44:46+00:00,1,,khồn giao dịch được,True,1,NEGATIVE,True,YES,TRADING_ORDER_EXECUTION,,TRADING_ORDER_MANAGEMENT,HIGH,HIGH,False,PROVISIONAL
Google Play,8d2dfecd-8ade-4d5c-8329-e58098512d9a,2025-06-07T16:51:02+00:00,1,,Hay bị đơ. Nay thứ 7 nạp tiền vào xong bị om cứng không làm gì được. Lợi dụng vốn của khách hàng mà không muốn trả lãi.,True,1,NEGATIVE,True,YES,DEPOSIT_WITHDRAWAL_TRANSFER,,FUNDING_CASH_TRANSFER,HIGH,HIGH,False,PROVISIONAL
App Store,12754135334,2025-06-09T13:05:00+00:00,5,Tạm ổn,Vẫn cần cải thiện nhiều,False,0,POSITIVE,False,YES,,,,NONE,HIGH,False,PROVISIONAL
App Store,12754326165,2025-06-09T14:01:55+00:00,5,Tốt,"app mượt, nhiều loại hình đầu tư. hốt bạc hốt bạc",False,0,POSITIVE,False,YES,,,,NONE,HIGH,False,PROVISIONAL
App Store,12760305087,2025-06-11T02:15:06+00:00,5,Good trading app,"App trading rất mượt, phí margin ok",False,0,POSITIVE,False,YES,,,,NONE,HIGH,False,PROVISIONAL
App Store,12765707886,2025-06-12T13:20:29+00:00,1,Lỗi chuyển tiền,App lỗi chuyển tiền liên tục rất bất tiện cho người dùng,True,1,NEGATIVE,True,YES,DEPOSIT_WITHDRAWAL_TRANSFER,,FUNDING_CASH_TRANSFER,HIGH,HIGH,False,PROVISIONAL
Google Play,f55b417f-6811-4336-8eb4-15f53f36fc52,2025-06-12T21:25:19+00:00,5,,ok,False,0,POSITIVE,False,YES,,,,NONE,HIGH,False,PROVISIONAL
App Store,12777334669,2025-06-15T13:44:35+00:00,5,Tuyệt vời,"App có nhiều tính năng cho nhà đầu tư, ko ít giống các app khác",False,0,POSITIVE,False,YES,,,,NONE,HIGH,False,PROVISIONAL
App Store,12780082897,2025-06-16T06:49:53+00:00,5,Rất ưng,Rất thân thiện,False,0,POSITIVE,False,YES,,,,NONE,HIGH,False,PROVISIONAL
App Store,12780083215,2025-06-16T06:50:03+00:00,5,Rất tốt,"App thân thiện, dễ dùng. Đầu tư mang lại hiệu quả như kỳ vọng. Cám ơn đội ngũ TCBS.",False,0,POSITIVE,False,YES,,,,NONE,HIGH,False,PROVISIONAL
App Store,12780083348,2025-06-16T06:50:06+00:00,5,App,App có nhiều tính năng hữu ích,False,0,POSITIVE,False,YES,,,,NONE,HIGH,False,PROVISIONAL
Google Play,65a7938b-91e7-49c4-9586-4b7dd16fb679,2025-06-16T14:02:05+00:00,1,,"Giao dịch tiền siêu chậm, cho dù sử dụng tài khoản định danh của BIDV.",True,1,NEGATIVE,True,YES,DEPOSIT_WITHDRAWAL_TRANSFER,,FUNDING_CASH_TRANSFER,HIGH,HIGH,False,PROVISIONAL
App Store,12783588457,2025-06-17T04:19:48+00:00,3,GÓP Ý,Giao diện như bức tranh nhiều màu nhưng ít hữu dụng,True,1,MIXED,True,YES,UX_NAVIGATION_COMPLEXITY,,GENERAL_CROSS_JOURNEY,MEDIUM,HIGH,False,PROVISIONAL
Google Play,c61b6588-4baa-4af9-aab9-46fb38bcaa87,2025-06-17T14:40:25+00:00,3,,"App xài ổn nhưng có vẻ App rò rỉ sdt của mình cho các công ty chứng khoán liên quan. Từ khi mình tham gia TCBS, rất nhiều số từ cty chứng khoán gọi cho mình và mình không thoải mái về vấn đề này. Cám ơn ạ.",True,1,MIXED,True,YES,SECURITY_ACCOUNT_PROTECTION,,CUSTOMER_SUPPORT,MEDIUM,MEDIUM,True,PROVISIONAL
Google Play,b48ac628-36a7-45dc-965d-11cb4bb71440,2025-06-19T21:23:27+00:00,3,,Phân tích khá tốt nhưng quá khó quá bất tiện khi giao dịch. So với những app khác,True,1,MIXED,True,YES,UX_NAVIGATION_COMPLEXITY,,TRADING_ORDER_MANAGEMENT,MEDIUM,HIGH,False,PROVISIONAL
App Store,12794841521,2025-06-20T02:27:16+00:00,1,Spam,Sáng nay trong vòng 1h tôi nhận 7 thông báo giới thiệu bạn bè từ app. Quá phiền,True,1,NEGATIVE,True,YES,NOTIFICATION_COMMUNICATION,,CUSTOMER_SUPPORT,MEDIUM,HIGH,False,PROVISIONAL
App Store,12794864716,2025-06-20T02:36:56+00:00,1,Pop up hiện lên không dùng được app,Cho pop up hiện lên quấy rối người dùng,True,1,NEGATIVE,True,YES,UX_NAVIGATION_COMPLEXITY,,GENERAL_CROSS_JOURNEY,MEDIUM,HIGH,False,PROVISIONAL
App Store,12794936243,2025-06-20T03:07:25+00:00,1,Ko vào đc app,Bó tay cái quảng cáo chèn giữa màn hình. Ko tắt đc đi để vào giao dịch,True,1,NEGATIVE,True,YES,UX_NAVIGATION_COMPLEXITY,,TRADING_ORDER_MANAGEMENT,HIGH,HIGH,False,PROVISIONAL
Google Play,5977fcfd-e3c1-42ce-8d7b-886da40ed0b2,2025-06-20T10:11:36+00:00,1,,"hay đơ, lỗi hệ thống... làm mất tiền của nhà đầu tư",True,1,NEGATIVE,True,YES,PERFORMANCE_RELIABILITY,,TRADING_ORDER_MANAGEMENT,HIGH,HIGH,False,PROVISIONAL
Google Play,ee25f9c0-a463-4ec0-aaf4-e7e420f53c2d,2025-06-24T19:15:50+00:00,5,,ok tốt,False,0,POSITIVE,False,YES,,,,NONE,HIGH,False,PROVISIONAL
Google Play,e581e069-2b70-4946-b0d8-c5f81860acb0,2025-06-25T23:30:50+00:00,5,,tốt,False,0,POSITIVE,False,YES,,,,NONE,HIGH,False,PROVISIONAL
Google Play,54676c15-70f9-4712-b75c-d2c578ffd7c4,2025-06-26T09:26:39+00:00,1,,Mỗi lần nhận cổ tức bằng cổ phiếu là cập nhật giá và lời/lỗ bị sai...cần cập nhật cho đúng...các app khác có bị vậy đâu,True,1,NEGATIVE,True,YES,MARKET_DATA_STALENESS_ACCURACY,,PORTFOLIO_TRACKING,HIGH,HIGH,False,PROVISIONAL
App Store,12822763302,2025-06-27T09:52:40+00:00,1,App lỗi,Ko bán đc cổ phiếu lại còn hay không load đc,True,1,NEGATIVE,True,YES,TRADING_ORDER_EXECUTION,,TRADING_ORDER_MANAGEMENT,HIGH,HIGH,False,PROVISIONAL
Google Play,147b3c4a-91a4-4f19-ae45-bafa16749e5a,2025-06-27T20:56:59+00:00,5,,app này tốt hơn nhiều app của mấy sàn kia,False,0,POSITIVE,False,YES,,,,NONE,HIGH,False,PROVISIONAL
Google Play,46fa6425-0a0f-4955-adfb-882bf8b4a5b5,2025-07-01T10:41:36+00:00,1,,cái app lỗi cài lại otp xuất ngày,True,1,NEGATIVE,True,YES,AUTHENTICATION_IOTP,,LOGIN_AUTHENTICATION,HIGH,MEDIUM,True,PROVISIONAL
App Store,12841961278,2025-07-02T04:33:48+00:00,2,App thường xuyên sập,"App thường xuyên sập, thường xuyên không chuyển được tiền đi, giao dịch thường xuyên lỗi, đầu tư thua lỗ một phần lớn do app,",True,1,NEGATIVE,True,YES,PERFORMANCE_RELIABILITY,,GENERAL_CROSS_JOURNEY,HIGH,HIGH,False,PROVISIONAL
App Store,12845724145,2025-07-03T02:28:17+00:00,1,Hay lỗi,"Tới giờ giao dịch mà ko đặt lệnh dc, chức năng đặt lệnh thường xuyên lỗi, cần fix gấp",True,1,NEGATIVE,True,YES,TRADING_ORDER_EXECUTION,,TRADING_ORDER_MANAGEMENT,HIGH,HIGH,False,PROVISIONAL
Google Play,9539f50f-8674-4e59-b83c-8fc781d9ae7f,2025-07-03T09:19:07+00:00,1,,Tại sao lệnh đặt bán mặc dù chưa khớp nhưng không chỉnh giá hoặc hủy lệnh được ? Ai chịu trách nhiệm với tài sản của ntd đây ?,True,1,NEGATIVE,True,YES,TRADING_ORDER_EXECUTION,,TRADING_ORDER_MANAGEMENT,HIGH,HIGH,False,PROVISIONAL
App Store,12850138790,2025-07-04T05:01:01+00:00,1,Tệ,Tệ lỗi app xử lí vấn đề chậm sai hẹn,True,1,NEGATIVE,True,YES,CUSTOMER_SUPPORT,,CUSTOMER_SUPPORT,MEDIUM,MEDIUM,True,PROVISIONAL
Google Play,e26e9a86-cd65-4d0a-89c0-1b8c74dea203,2025-07-05T06:04:27+00:00,5,,ok,False,0,POSITIVE,False,YES,,,,NONE,HIGH,False,PROVISIONAL
Google Play,a922e373-6084-42f3-913c-8ce9ee95dcc4,2025-07-08T16:16:10+00:00,5,,Nên cập nhật thêm các quỹ mở mới,True,1,NEUTRAL,False,YES,OTHER,,PRODUCT_DISCOVERY_MARKET_DATA,LOW,HIGH,False,PROVISIONAL
Google Play,5d505db1-86d6-4d32-87bd-9f61744218c3,2025-07-10T23:39:15+00:00,5,,Dùng rất tốt. Đáng để trải nghiệm.,False,0,POSITIVE,False,YES,,,,NONE,HIGH,False,PROVISIONAL
App Store,12889467768,2025-07-14T06:07:33+00:00,2,Lỗi,Hay bị lỗi,True,1,NEGATIVE,True,YES,PERFORMANCE_RELIABILITY,,GENERAL_CROSS_JOURNEY,MEDIUM,MEDIUM,True,PROVISIONAL
Google Play,8b892343-a679-4ea1-86a3-2ea5826f1d1c,2025-07-16T14:59:47+00:00,5,,samsung a04s hôm nay cập nhật xong mở app lên không được,True,1,NEGATIVE,True,YES,MOBILE_TABLET_RESPONSIVENESS,,GENERAL_CROSS_JOURNEY,HIGH,HIGH,False,PROVISIONAL
Google Play,ac9e3c09-5c15-41a7-ad16-0d6870ccc65c,2025-07-17T12:11:54+00:00,2,,"làm ơn mau cập nhật lại lỗi hiển thị bên samsung với, dùng bên samsung giật lỗi lung tung cả.",True,1,NEGATIVE,True,YES,MOBILE_TABLET_RESPONSIVENESS,,GENERAL_CROSS_JOURNEY,MEDIUM,HIGH,False,PROVISIONAL
App Store,12906141645,2025-07-18T10:45:00+00:00,1,Đăng ký tài khoản báo lỗi liên tục,"Iphone 16 chụp CCCD bổ sung 2-3 lần kêu mờ, không duyệt tài khoản, báo lỗi liên tục. Tạo có cái tài khoản cả tuần ko được",True,1,NEGATIVE,True,YES,ONBOARDING_KYC,,ACCOUNT_OPENING_KYC,HIGH,HIGH,False,PROVISIONAL
App Store,12906434654,2025-07-18T12:22:23+00:00,1,"App hay lag, rất dễ mất tiền oan do giao dịch mà bảng điểm không nhảy",Nên chuyển aapp khác mà chơi ae ạ,True,1,NEGATIVE,True,YES,PERFORMANCE_RELIABILITY,,TRADING_ORDER_MANAGEMENT,HIGH,HIGH,False,PROVISIONAL
Google Play,999bfe17-1cc0-4af3-9298-0879d22f88aa,2025-07-18T14:23:45+00:00,1,,"App lỗi hoài, bảng điện thường xuyên đứng vào lúc 14h ko à. Chả giao dịch được",True,1,NEGATIVE,True,YES,PERFORMANCE_RELIABILITY,,PRODUCT_DISCOVERY_MARKET_DATA,HIGH,HIGH,False,PROVISIONAL
Google Play,356212c3-56ae-4e60-8b98-63ef5bbf0d20,2025-07-18T14:50:36+00:00,2,,"nay app hiện giá HAG sai, đang trần mà vẫn hiện giá xa bên dưới, ớn thật. may check bên app khác mới biết, haizz, check 1 ng bạn bên cạnh xài tcbs cũng bị k phải mỗi máy này nhé.",True,1,NEGATIVE,True,YES,MARKET_DATA_STALENESS_ACCURACY,,PRODUCT_DISCOVERY_MARKET_DATA,HIGH,HIGH,False,PROVISIONAL
Google Play,1c4966fa-33b1-48e4-8021-19229b4d1b5b,2025-07-18T17:39:10+00:00,1,,app hay lỗi. xử lý chậm. hỏi chuyên viên thì rất lâu mới phản hồi.,True,2,NEGATIVE,True,YES,PERFORMANCE_RELIABILITY,,GENERAL_CROSS_JOURNEY,MEDIUM,HIGH,False,PROVISIONAL
Google Play,ae58a16b-e85d-4e01-a99b-c45db6001b59,2025-07-18T17:54:01+00:00,1,,ngày 18/7/2025 app lỗi không xem được bảng điện,True,1,NEGATIVE,True,YES,PERFORMANCE_RELIABILITY,,PRODUCT_DISCOVERY_MARKET_DATA,HIGH,HIGH,False,PROVISIONAL
Google Play,6bcf36b7-dd16-468c-b299-bdfbda20d341,2025-07-18T19:13:03+00:00,1,,cái app chán nhất. lúc đang giao dịch thì đơ. thế mà đòi ipo. mk,True,1,NEGATIVE,True,YES,TRADING_ORDER_EXECUTION,,TRADING_ORDER_MANAGEMENT,HIGH,HIGH,False,PROVISIONAL
App Store,12917524601,2025-07-21T07:50:24+00:00,1,Tồi. Thua cả vps,"Thua vps. Khó dùng, vớ vẩn. 
Quân ăn cướp",True,1,NEGATIVE,True,YES,UX_NAVIGATION_COMPLEXITY,,GENERAL_CROSS_JOURNEY,MEDIUM,MEDIUM,True,PROVISIONAL
Google Play,7bd8c236-a3ae-41d2-9378-90699fde22fc,2025-07-21T11:07:28+00:00,1,,"app giới thiệu siêu mượt, trải nghiệm siêu tệ. Liên kết ngân hàng không được, nộp tiền lỗi",True,1,NEGATIVE,True,YES,DEPOSIT_WITHDRAWAL_TRANSFER,,FUNDING_CASH_TRANSFER,HIGH,HIGH,False,PROVISIONAL
Google Play,9711f697-5d2f-4fcd-9813-75b1260ae8ce,2025-07-21T11:52:14+00:00,1,,"rất tệ, thông tin sai lệch, cskh không liên hệ được",True,2,NEGATIVE,True,YES,MARKET_DATA_STALENESS_ACCURACY,,PRODUCT_DISCOVERY_MARKET_DATA,MEDIUM,MEDIUM,True,PROVISIONAL
Google Play,b8566b33-1451-4fbc-8976-a687b982c667,2025-07-22T08:59:59+00:00,1,,Toàn lỗi,True,1,NEGATIVE,True,YES,PERFORMANCE_RELIABILITY,,GENERAL_CROSS_JOURNEY,MEDIUM,MEDIUM,True,PROVISIONAL
Google Play,d3aae568-9367-4dbf-b496-448046c228bc,2025-07-28T14:16:56+00:00,5,,Fix được lỗi rồi nên xin phép hủy cmt,False,0,POSITIVE,False,YES,,,,NONE,HIGH,False,PROVISIONAL
App Store,12949107259,2025-07-29T04:15:08+00:00,1,lag chậm,"từ ngày có krx tôi dùng lệnh đi không được, lỗ tiền rất nhiều, sàn đi xuống quá",True,1,NEGATIVE,True,YES,TRADING_ORDER_EXECUTION,,TRADING_ORDER_MANAGEMENT,HIGH,HIGH,False,PROVISIONAL
App Store,12949577008,2025-07-29T07:38:29+00:00,1,App lởm,"Thị trường giảm 70đ trên app vẫn cứ giảm 25đ, làm ăn như l",True,1,NEGATIVE,True,YES,MARKET_DATA_STALENESS_ACCURACY,,PRODUCT_DISCOVERY_MARKET_DATA,HIGH,HIGH,False,PROVISIONAL
Google Play,001ca837-4e45-43e9-8d71-2f75daf8c37d,2025-07-29T16:53:06+00:00,1,,sàn giảm 64₫ lỗi hiện giảm 25₫,True,1,NEGATIVE,True,YES,MARKET_DATA_STALENESS_ACCURACY,,PRODUCT_DISCOVERY_MARKET_DATA,HIGH,HIGH,False,PROVISIONAL
Google Play,cd1b84a1-3d05-4f5c-953e-a15f48882c84,2025-07-30T09:08:53+00:00,1,,thường xuyên lỗi nghiêm trọng,True,1,NEGATIVE,True,YES,PERFORMANCE_RELIABILITY,,GENERAL_CROSS_JOURNEY,MEDIUM,MEDIUM,True,PROVISIONAL
App Store,12956820659,2025-07-31T00:56:38+00:00,4,Cần thêm option điều chỉnh Font Size,Mọi thứ quá tốt. Nhưng tốt hơn nếu có option để tăng Font Size lên một chút. Hiện tại mọi thứ hơi nhỏ.,True,1,MIXED,False,YES,OTHER,,GENERAL_CROSS_JOURNEY,LOW,HIGH,False,PROVISIONAL
App Store,12957364236,2025-07-31T04:25:20+00:00,1,Tệ,App nhiều lỗi,True,1,NEGATIVE,True,YES,PERFORMANCE_RELIABILITY,,GENERAL_CROSS_JOURNEY,MEDIUM,MEDIUM,True,PROVISIONAL
Google Play,0c6855fe-2291-4f74-a323-1a16437e0ae8,2025-07-31T07:56:26+00:00,3,,"Giáo diện Mobile app không có chỗ nào nhập lệnh điều kiện. Trong phiên thì lệnh mua bán, cập nhật chậm.",True,2,MIXED,True,YES,MARKET_RESEARCH_RECOMMENDATION_UTILITY,,TRADING_ORDER_MANAGEMENT,MEDIUM,HIGH,False,PROVISIONAL
Google Play,d57d25da-c591-41ba-8bb7-404395dba2c6,2025-07-31T13:28:00+00:00,1,,"tcbs trước thì bị đơ điểm, hiển thị sai vnindex giờ đơ cả bảng điện. rất mong bên cty đọc được cmt để cải tiến",True,1,NEGATIVE,True,YES,PERFORMANCE_RELIABILITY,,PRODUCT_DISCOVERY_MARKET_DATA,HIGH,HIGH,False,PROVISIONAL
Google Play,8bbebc69-36a2-4b22-8b5c-ad1b33fca58a,2025-07-31T22:13:36+00:00,1,,"mình dùng Android mà tự nhiên không vào được app, vào cái là bật ra luôn",True,1,NEGATIVE,True,YES,MOBILE_TABLET_RESPONSIVENESS,,GENERAL_CROSS_JOURNEY,HIGH,HIGH,False,PROVISIONAL
App Store,12964759767,2025-08-01T22:41:55+00:00,1,App gì mà lag lộn lên,1 điểm,True,1,NEGATIVE,True,YES,PERFORMANCE_RELIABILITY,,GENERAL_CROSS_JOURNEY,MEDIUM,MEDIUM,True,PROVISIONAL
App Store,12967217625,2025-08-02T14:17:20+00:00,5,Chức năng đầu tư theo phong thủy,Mình và bạn hay dùng chức năng này nhưng các bản cập nhật mới mất rồi. App thêm lại được không?,True,1,NEUTRAL,False,YES,OTHER,,PRODUCT_DISCOVERY_MARKET_DATA,LOW,HIGH,False,PROVISIONAL
App Store,12970234816,2025-08-03T09:14:06+00:00,2,"Khó nhìn, app hay lỗi","Khó nhìn, khi xảy ra vẫn đề k liên hệ được chăm sóc khách hàng, xong giao dịch 1 cp vẫn ở quyền chờ",True,3,NEGATIVE,True,YES,UX_NAVIGATION_COMPLEXITY,,GENERAL_CROSS_JOURNEY,MEDIUM,HIGH,False,PROVISIONAL
App Store,12973916991,2025-08-04T07:41:35+00:00,1,k có quỹ dcds,số lượng quỹ giới hạn.,True,1,NEGATIVE,True,YES,MARKET_RESEARCH_RECOMMENDATION_UTILITY,,PRODUCT_DISCOVERY_MARKET_DATA,MEDIUM,HIGH,False,PROVISIONAL
Google Play,b77c30ef-cdf4-446c-8866-f4576b3aa4fb,2025-08-04T09:54:26+00:00,1,,"Quá thất vọng. App lỗi nặng, nhắn tin trên Zalo với tài khoản chính thức của TCBS thì chỉ có một câu trả lời duy nhất là ""bọn em sẽ gửi bộ phận kiểm tra ạ"", sau gần 1 tiếng đồng hồ chẳng thấy phản hồi gì khác. Vẫn câu nói cũ thôi, rất khó để có được một khách hàng nhưng rất dễ để đánh mất một khách hàng. Hôm nay TCBS đã mất một khách hàng là tôi.",True,2,NEGATIVE,True,YES,PERFORMANCE_RELIABILITY,,GENERAL_CROSS_JOURNEY,HIGH,HIGH,False,PROVISIONAL
App Store,12976923711,2025-08-05T00:42:38+00:00,5,"App dễ sử dụng, giao dịch nhanh","Qua 2 năm sử dụng mình cảm thấy app khá dễ dùng bảo mật tốt.
Mọi người khi tạo acc nhập mã giới thiệu để được nhận quà nhé: 105CB75562",False,0,POSITIVE,False,YES,,,,NONE,HIGH,False,PROVISIONAL
Google Play,83ed0e5c-2150-41dc-b3fd-c90abf0cb2b5,2025-08-05T15:11:11+00:00,1,,app quá tệ. ngân hàng làm lại app đi. mất khách,True,1,NEGATIVE,True,YES,OTHER,,GENERAL_CROSS_JOURNEY,MEDIUM,LOW,True,PROVISIONAL
Google Play,9d3c4757-e0dc-4a44-b2db-77d87963438c,2025-08-06T20:56:25+00:00,1,,"thêm quá nhiều chức năng nhìn rất dối mắt, khó sử dụng, khó đặt lệnh và tương tác với cổ phiếu về mặt biểu đồ. Nên đặt tối giản như SSI dễ sử dụng.",True,1,NEGATIVE,True,YES,UX_NAVIGATION_COMPLEXITY,,GENERAL_CROSS_JOURNEY,MEDIUM,HIGH,False,PROVISIONAL
Google Play,502a946d-047d-4a91-b6fb-bec5f1702d74,2025-08-07T14:53:56+00:00,5,,"Rất thiếu ổn định! Một số điểm rất tệ hại ở apps là: 1. Thiếu ổn định 2. Khả năng tương thích kém. 3. Giao diện rối rắm. Update: Không thể chấp nhận được tình trạng lỗi hệ thống trong những tình huống nhạy cảm. Quá nhiều lần rồi! Cập nhật 2025: Apps đã hoạt động ổn định, các tính năng và giao diện trực quan. Tuy nhiên, tính năng so sánh các cổ phiếu trong chart không chạy hoặc chạy chậm. có lẽ do nhiều băng thông nên hạ tầng chưa đủ mạnh. - Một tính năng rất hay của apps là lưu điểm mua, bán.",True,1,MIXED,True,YES,MARKET_DATA_STALENESS_ACCURACY,,PRODUCT_DISCOVERY_MARKET_DATA,MEDIUM,HIGH,False,PROVISIONAL
App Store,13001326203,2025-08-11T03:26:38+00:00,1,App quá ngu,Đặt mãi không khớp lệnh. Tính năng đặt lệnh cổ phiếu không chịu sửa. Lúc nào cũng lag. Load mãi không đc cái màn xác thực otp để mua với bán. Trải nghiệm quá tệ,True,1,NEGATIVE,True,YES,TRADING_ORDER_EXECUTION,,TRADING_ORDER_MANAGEMENT,HIGH,HIGH,False,PROVISIONAL
App Store,13014069107,2025-08-14T08:51:40+00:00,1,lỗi chuyển tiền,k rút tiền dc,True,1,NEGATIVE,True,YES,DEPOSIT_WITHDRAWAL_TRANSFER,,FUNDING_CASH_TRANSFER,HIGH,HIGH,False,PROVISIONAL
Google Play,50a1fcce-0d4d-4327-a298-5625037db0c6,2025-08-14T09:30:27+00:00,1,,"quá tệ, dao diện và cách làm việc của nhân viên k thể chấp nhận được",True,1,NEGATIVE,True,YES,UX_NAVIGATION_COMPLEXITY,,GENERAL_CROSS_JOURNEY,MEDIUM,MEDIUM,True,PROVISIONAL
App Store,13019034835,2025-08-15T12:49:36+00:00,3,UI UX,Giao diện và trải nghiệm chưa tốt,True,1,MIXED,True,YES,UX_NAVIGATION_COMPLEXITY,,GENERAL_CROSS_JOURNEY,MEDIUM,HIGH,False,PROVISIONAL
Google Play,cae11e9b-ac4d-45ab-b66c-d68ac491a2d9,2025-08-15T16:28:02+00:00,1,,"Quá tệ, cho tiền vào đầu tư đến lúc rút tiền không cho xác thực tài khoản ngân hàng, liên hệ support thì toàn chát tự động, ko có nhân viên nào hỗ trợ, xác định mất",True,2,NEGATIVE,True,YES,DEPOSIT_WITHDRAWAL_TRANSFER,,FUNDING_CASH_TRANSFER,HIGH,HIGH,False,PROVISIONAL
Google Play,155d3b62-41be-4179-a76e-8f742cbdb485,2025-08-16T20:07:34+00:00,1,,"Văng ứng dụng liên tục, quét khuôn mặt mãi không xong",True,2,NEGATIVE,True,YES,PERFORMANCE_RELIABILITY,,GENERAL_CROSS_JOURNEY,HIGH,HIGH,False,PROVISIONAL
App Store,13026595700,2025-08-17T09:40:27+00:00,2,Lỗi k xác thực được nhận diện mặt,Lỗi k xác thực được nhận diện mặt,True,1,NEGATIVE,True,YES,AUTHENTICATION_IOTP,,LOGIN_AUTHENTICATION,HIGH,HIGH,False,PROVISIONAL
App Store,13030216864,2025-08-18T07:03:31+00:00,1,Tắt cái cá mập thông thái đi hộ cái,Tắt cái cá mập thông thái đi hộ cái,True,1,NEGATIVE,True,YES,OTHER,,GENERAL_CROSS_JOURNEY,LOW,MEDIUM,True,PROVISIONAL
App Store,13031609527,2025-08-18T14:54:08+00:00,2,Chậm,Tổng kết cuối ngày với tiền có thể rút lỗi mãi không về,True,1,NEGATIVE,True,YES,PRODUCT_PORTFOLIO_INFORMATION,,PORTFOLIO_TRACKING,MEDIUM,HIGH,False,PROVISIONAL
Google Play,2b1536a4-de79-44b5-b2b4-a217dc6f2f58,2025-08-19T08:33:01+00:00,2,,"có cái mã qr quét quài k đc, trong khi dùng cam hay zalo cũng quét rất nhanh",True,1,NEGATIVE,True,YES,AUTHENTICATION_IOTP,,LOGIN_AUTHENTICATION,MEDIUM,HIGH,False,PROVISIONAL
Google Play,f995581a-ff5f-4e8b-9c1b-d4bdb6e4f358,2025-08-20T10:58:41+00:00,1,,ko xem được danh mục đúng thời điểm nhạy cảm,True,1,NEGATIVE,True,YES,PRODUCT_PORTFOLIO_INFORMATION,,PORTFOLIO_TRACKING,HIGH,HIGH,False,PROVISIONAL
Google Play,7d080e2e-d5a0-417d-b55b-4f9983564e1a,2025-08-20T11:18:28+00:00,1,,"hệ thống chậm lag, khuyến khích không nên sử dụng.",True,1,NEGATIVE,True,YES,PERFORMANCE_RELIABILITY,,GENERAL_CROSS_JOURNEY,MEDIUM,HIGH,False,PROVISIONAL
App Store,13042326473,2025-08-21T08:01:23+00:00,1,App bị đơ chậm,"App bị đơ, chậm, ko vào được, tính năng nào quay tít ko thực hiện được. Nói chung là ko ổn.",True,1,NEGATIVE,True,YES,PERFORMANCE_RELIABILITY,,GENERAL_CROSS_JOURNEY,HIGH,HIGH,False,PROVISIONAL
Google Play,b609fa25-6d85-46b4-8720-56643d279d58,2025-08-23T01:00:41+00:00,2,,báo thời hạn bảo trì hệ thống từ 4h chiều tới 9h tối nhưng sang tới hôm sau vẫn chưa rút được tiền,True,1,NEGATIVE,True,YES,DEPOSIT_WITHDRAWAL_TRANSFER,,FUNDING_CASH_TRANSFER,HIGH,HIGH,False,PROVISIONAL
Google Play,6596fcf6-7202-40da-88bf-269137261297,2025-08-26T11:09:21+00:00,1,,áp không có chức năng tự đăng xuất khi tắt ứng dụng . rất nguy hiểm lần đầu mới thấy,True,1,NEGATIVE,True,YES,SECURITY_ACCOUNT_PROTECTION,,LOGIN_AUTHENTICATION,HIGH,HIGH,False,PROVISIONAL
Google Play,07183d25-1b92-47d6-ab32-671c340e631d,2025-08-26T14:52:46+00:00,1,,"chưa thấy app nào tệ, cty nào dở như tcbs. Bắt khách hàng xác thực cccd, mà mất gần 2h chụp cccd mới, rồi chụp cmnd cũ, vẫn không thành công. Gọi tổng đài thì gặp AI không trả lời được gì, người bên tcbs chắc bị đuổi hết rồi. Thất vọng thật sự, chỉ muốn clear tài khoản, và chuyển sang cty chứng khoán khác",True,2,NEGATIVE,True,YES,ONBOARDING_KYC,,ACCOUNT_OPENING_KYC,HIGH,HIGH,False,PROVISIONAL
App Store,13068775356,2025-08-28T02:14:25+00:00,1,Còn cần cải thiện,"Đăng nhập trên XS Max lại hiện option vân tay, nghĩ nó chán",True,1,NEGATIVE,True,YES,AUTHENTICATION_IOTP,,LOGIN_AUTHENTICATION,MEDIUM,HIGH,False,PROVISIONAL
App Store,13070665657,2025-08-28T14:06:09+00:00,1,Hỗ trợ kém,"Hỗ trợ kém, nhân viên giải thích lung tung, tiền trừ linh tinh nhân viên không tính ra nổi.",True,1,NEGATIVE,True,YES,CUSTOMER_SUPPORT,,CUSTOMER_SUPPORT,HIGH,HIGH,False,PROVISIONAL
App Store,13090389353,2025-09-02T14:38:41+00:00,2,Mở sổ lệnh khó,Mỗi lần mở sổ lệnh tôi gặp khó khăn.,True,1,NEGATIVE,True,YES,UX_NAVIGATION_COMPLEXITY,,TRADING_ORDER_MANAGEMENT,MEDIUM,HIGH,False,PROVISIONAL
Google Play,0c72abc6-c487-4e1d-9bc8-9d341dfdd982,2025-09-03T12:16:42+00:00,1,,"Mình đã có trải nghiệm rất tệ, khi thay đổi mật khẩu và mất máy. quy trình thủ tục cấp lại quá rườm rà, phức tạp. Gọi tổng đài, ko giải quyết được, chỉ ra phòng giao dịch ngân hàng hỗ trợ, ra chi nhánh ngân hàng lại gọi lên tổng đài đề nghị hỗ trợ. 2-3 h đồng hồ ko cấp lại mật khẩu giao dịch cho khách được. thời đại internet, bắt điền form, rồi liên hệ nhiều lần, di chuyển. các bạn nên làm lại và hoàn thiện quy trình cho đơn giản cho khách hàng mà vẫn đảm bảo an toàn. mình sẽ ko sự dụng dv",True,1,NEGATIVE,True,YES,ACCOUNT_RECOVERY_PROFILE_CHANGE,,ACCOUNT_PROFILE_MAINTENANCE,HIGH,HIGH,False,PROVISIONAL
App Store,13096390346,2025-09-04T04:09:46+00:00,1,Bị lỗi,App bị lỗi mở ra khoảng 10s là app tự đóng,True,1,NEGATIVE,True,YES,PERFORMANCE_RELIABILITY,,GENERAL_CROSS_JOURNEY,HIGH,HIGH,False,PROVISIONAL
Google Play,28fbcc6b-2251-4028-bdb3-09111f7c0258,2025-09-04T19:33:26+00:00,1,,lỗi vào k hiện gì cả chán,True,1,NEGATIVE,True,YES,PERFORMANCE_RELIABILITY,,GENERAL_CROSS_JOURNEY,MEDIUM,MEDIUM,True,PROVISIONAL
App Store,13100499865,2025-09-05T06:10:38+00:00,3,Lỗi Mac air M1,"Mac Air M1 không mở được app, bị đứng ở splash screen",True,1,NEGATIVE,True,YES,MOBILE_TABLET_RESPONSIVENESS,,GENERAL_CROSS_JOURNEY,HIGH,HIGH,False,PROVISIONAL
Google Play,644c82c5-37af-489d-81a2-3ef8bb4c2281,2025-09-05T10:14:28+00:00,2,,"app có vấn đề thì phải. ở Trang Chủ, tiền nhảy không kịp với bên trong. Trước đây nhấp nháy theo liên tục, giờ thì đơ ra, rút tiền về rồi vẫn không thấy thay đổi.",True,1,NEGATIVE,True,YES,MARKET_DATA_STALENESS_ACCURACY,,PORTFOLIO_TRACKING,MEDIUM,HIGH,False,PROVISIONAL
App Store,13101805426,2025-09-05T14:05:26+00:00,3,Bảng giá CW,"Muốn thêm vài mã chứng quyền trong danh mục để theo dõi bảng giá mà không có, chỉ thêm được mã cổ phiếu mà ko thêm được mã CW. Mong đội ngũ cập nhật",True,1,MIXED,True,YES,MARKET_RESEARCH_RECOMMENDATION_UTILITY,,PRODUCT_DISCOVERY_MARKET_DATA,LOW,HIGH,False,PROVISIONAL
Google Play,a604cb52-b613-43b7-98e2-58a855dd280c,2025-09-05T16:08:32+00:00,5,,rất ok,False,0,POSITIVE,False,YES,,,,NONE,HIGH,False,PROVISIONAL
Google Play,f3f3993b-daf2-40fe-9dd2-1267f9eec14e,2025-09-07T18:36:29+00:00,3,,"App có thể làm lại giao diện không, giao dịch mà nó phế quá, nhìn rối như tơ vò, ssi dùng xong đây phí thấp mà chán thật",True,1,MIXED,True,YES,UX_NAVIGATION_COMPLEXITY,,GENERAL_CROSS_JOURNEY,MEDIUM,HIGH,False,PROVISIONAL
Google Play,d7ede0cd-d945-4a41-93ab-543f21a3177e,2025-09-07T20:42:09+00:00,2,,"cái app giao diện cùi nhất từng dùng, giao diện gì nhìn đau cả mắt vs rối mù. Nên qua bên mấy app chứng khoán khác học hỏi",True,1,NEGATIVE,True,YES,UX_NAVIGATION_COMPLEXITY,,GENERAL_CROSS_JOURNEY,MEDIUM,HIGH,False,PROVISIONAL
App Store,13112614932,2025-09-08T08:26:41+00:00,1,App tệ,Không thể hiểu dc cách sử dụng app này luôn,True,1,NEGATIVE,True,YES,UX_NAVIGATION_COMPLEXITY,,GENERAL_CROSS_JOURNEY,MEDIUM,MEDIUM,True,PROVISIONAL
Google Play,9a01a340-159c-426d-b9bd-b9ccd87b423d,2025-09-08T09:22:17+00:00,5,,quá oki ạ 🔥🪄✨,False,0,POSITIVE,False,YES,,,,NONE,HIGH,False,PROVISIONAL
Google Play,6876f8dc-735e-4f4e-a57d-c79023bddbc0,2025-09-08T11:01:28+00:00,2,,"Giao diện app quá tệ, khó sử dụng, quá nhiều thứ thừa thãi gây rối mắt, những cái cần thiết thì không có, cả phiên bản web cũng tệ. Quá bất tiện",True,1,NEGATIVE,True,YES,UX_NAVIGATION_COMPLEXITY,,GENERAL_CROSS_JOURNEY,MEDIUM,HIGH,False,PROVISIONAL
Google Play,92efdfc6-cc34-4c87-b6da-92cfcb0c08cf,2025-09-08T13:07:33+00:00,1,,cập nhật căn cước miết ko đc,True,1,NEGATIVE,True,YES,ACCOUNT_RECOVERY_PROFILE_CHANGE,,ACCOUNT_PROFILE_MAINTENANCE,HIGH,HIGH,False,PROVISIONAL
Google Play,abd0bdab-c53b-4138-adfa-4b4f95d9a19b,2025-09-10T18:04:23+00:00,1,,"làm cái xác thực khuôn mặt , dmm 🤬🤬🤬🤬",True,1,NEGATIVE,True,YES,AUTHENTICATION_IOTP,,LOGIN_AUTHENTICATION,HIGH,MEDIUM,True,PROVISIONAL
Google Play,cfaa3b16-cfa8-409b-a7bb-00088b9bb1e0,2025-09-11T11:07:20+00:00,1,,rất tệ thay đổi mật khẩu mà rất khó quên mất mật khẩu mà không làm được gì nó cứ bảo không tìm thấy profile,True,1,NEGATIVE,True,YES,ACCOUNT_RECOVERY_PROFILE_CHANGE,,ACCOUNT_PROFILE_MAINTENANCE,HIGH,HIGH,False,PROVISIONAL
Google Play,e17a1244-02e2-46a7-b4e8-ef5e21919c2c,2025-09-15T10:29:27+00:00,1,,ko vào dc,True,1,NEGATIVE,True,YES,PERFORMANCE_RELIABILITY,,GENERAL_CROSS_JOURNEY,MEDIUM,MEDIUM,True,PROVISIONAL
Google Play,acc7e061-b997-4518-87e5-8b1f6c77638a,2025-09-15T15:20:52+00:00,1,,"lag giật, đơ liên tục, dùng tikop finhay anfin chả app nào lag như này",True,1,NEGATIVE,True,YES,PERFORMANCE_RELIABILITY,,GENERAL_CROSS_JOURNEY,MEDIUM,HIGH,False,PROVISIONAL
Google Play,c83bd478-c994-4862-897c-24c7830933e1,2025-09-15T20:51:28+00:00,1,,hỏi chatbot chỉ thêm bực mình mà lại ko có nhân viên tư vấn,True,1,NEGATIVE,True,YES,AI_SUPPORT_CONTEXT_QUALITY,,CUSTOMER_SUPPORT,MEDIUM,HIGH,False,PROVISIONAL
App Store,13146645363,2025-09-17T01:43:24+00:00,2,Quá nhiều bugs,"Trời ơi đây là cái app nhiều bugs nhất mà tôi từng sử dụng, cảm giác như chạm vào đâu cũng có thể bugs vậy",True,1,NEGATIVE,True,YES,PERFORMANCE_RELIABILITY,,GENERAL_CROSS_JOURNEY,MEDIUM,HIGH,False,PROVISIONAL
App Store,13151606169,2025-09-18T07:14:31+00:00,3,App,App đơ đơ giao dịch rất khó chịu,True,1,MIXED,True,YES,PERFORMANCE_RELIABILITY,,TRADING_ORDER_MANAGEMENT,MEDIUM,HIGH,False,PROVISIONAL
Google Play,566474d5-d547-4245-a66f-048a69f2a45c,2025-09-19T09:37:35+00:00,1,,widget ko chạy hoặc ko cập nhật khi đưa ra màn hình chính,True,1,NEGATIVE,True,YES,MARKET_DATA_STALENESS_ACCURACY,,PRODUCT_DISCOVERY_MARKET_DATA,MEDIUM,HIGH,False,PROVISIONAL
Google Play,f1abd52a-0825-4c19-98ca-a772b551d34a,2025-09-19T18:34:19+00:00,1,,nhiều chức năng nhưng khó dùng,True,1,NEGATIVE,True,YES,UX_NAVIGATION_COMPLEXITY,,GENERAL_CROSS_JOURNEY,MEDIUM,MEDIUM,True,PROVISIONAL
Google Play,ae4b7932-0aa0-4495-9757-103a20a1c6a7,2025-09-20T10:30:14+00:00,5,,"Chạy rất ổn định, chính xác, tốc độ",False,0,POSITIVE,False,YES,,,,NONE,HIGH,False,PROVISIONAL
Google Play,296ce42b-807e-4283-b87e-38ee37ed117f,2025-09-22T05:24:56+00:00,1,,"Chờ xác thực tài khoản rất lâu, chờ suốt 1 ngày rồi báo cc chụp mờ trong khi rất rõ nét",True,1,NEGATIVE,True,YES,ONBOARDING_KYC,,ACCOUNT_OPENING_KYC,HIGH,HIGH,False,PROVISIONAL
Google Play,6913b500-e1af-4fa6-99be-e1f2fdaf457f,2025-09-22T18:55:37+00:00,1,,"mãi chẳng gửi otp từ fpt is, đúng số đt r mà hk gửi",True,1,NEGATIVE,True,YES,AUTHENTICATION_IOTP,,TRADING_ORDER_MANAGEMENT,HIGH,HIGH,False,PROVISIONAL
App Store,13172558353,2025-09-23T02:31:53+00:00,1,Công ty làm việc vô trách nhiệm,"Lãi magrin top cao nhất cty chứng khoán, có sự cố kg thể gọi cho nhân viên cskh mà chỉ qua con nhỏ Ai nói khùng điên, tính tiền qua đêm lừa đảo gian dối. Tư vấn vòng vo",True,2,NEGATIVE,True,YES,AI_SUPPORT_CONTEXT_QUALITY,,CUSTOMER_SUPPORT,HIGH,HIGH,True,PROVISIONAL
Google Play,d0280c39-1b13-4185-a404-945577140335,2025-09-25T10:23:38+00:00,1,,"Giao diện rườm rà. Nhìn rối mù, các mục cần quan sát thì nhỏ xíu, danh mục quản lý đặt lệnh không trực quan cụ thể. Các mục sắp xếp rối.",True,1,NEGATIVE,True,YES,UX_NAVIGATION_COMPLEXITY,,TRADING_ORDER_MANAGEMENT,MEDIUM,HIGH,False,PROVISIONAL
Google Play,7094986b-7428-4c44-b0bf-eb13f87c8776,2025-09-26T10:25:35+00:00,1,,"cskh rất tệ, app xấu kinh khủng lãnh đạo tcbs bị mù rồi",True,2,NEGATIVE,True,YES,CUSTOMER_SUPPORT,,CUSTOMER_SUPPORT,MEDIUM,HIGH,False,PROVISIONAL
Google Play,e770901a-c03f-45ee-a57d-c6a03958960b,2025-09-29T15:33:08+00:00,3,,"app này mình thấy dùng trên dt rất lag nhưng dùng trên laptop thì ổn áp, nhưng đa phần mình toàn dùng đt để giao dịch thôi ạ .",True,1,MIXED,True,YES,MOBILE_TABLET_RESPONSIVENESS,,GENERAL_CROSS_JOURNEY,MEDIUM,HIGH,False,PROVISIONAL
Google Play,4a46f453-d5ba-48e9-981d-f934c875aab4,2025-10-02T12:07:34+00:00,2,,"Quảng cáo quá nhiều, app đầu tư chứng khoán mà mất rất nhiều thời gian mới đặt lệnh được, đề nghị nhóm phát triển xem lại cách làm để không ảnh hưởng đến nhà đầu tư đã nộp tiền vào TCBS",True,1,NEGATIVE,True,YES,UX_NAVIGATION_COMPLEXITY,,TRADING_ORDER_MANAGEMENT,MEDIUM,HIGH,False,PROVISIONAL
Google Play,767df8de-ec05-43b8-b669-dad98e8cf886,2025-10-05T10:36:46+00:00,1,,"không mở được tài khoản, kêu gửi mail mà không thấy trả lời ngta",True,1,NEGATIVE,True,YES,ONBOARDING_KYC,,ACCOUNT_OPENING_KYC,HIGH,HIGH,False,PROVISIONAL
Google Play,8f924c68-ce05-49e6-866a-1dee63fcc932,2025-10-05T22:54:14+00:00,3,,"Giao diện xấu quá, nhìn là không muốn dùng rồi, sao không nâng cấp giao diện lên cùng một style như app techcombank ấy",True,1,MIXED,True,YES,UX_NAVIGATION_COMPLEXITY,,GENERAL_CROSS_JOURNEY,MEDIUM,HIGH,False,PROVISIONAL
App Store,13230058357,2025-10-06T06:04:14+00:00,1,Tư vấn rất kém,Có vấn đề cần tư vấn gọi tổng đài ko bao giờ có ai nhấc máy và tư vấn . Toàn máy bận,True,1,NEGATIVE,True,YES,CUSTOMER_SUPPORT,,CUSTOMER_SUPPORT,HIGH,HIGH,False,PROVISIONAL
Google Play,1b27da5e-f655-44d8-b692-dab5a410c5d5,2025-10-06T09:48:20+00:00,2,,Trải nghiệm app rất tệ. Widget cũng rất tệ. Không chỉnh được danh mục mã CP quan tâm.,True,1,NEGATIVE,True,YES,UX_NAVIGATION_COMPLEXITY,,PRODUCT_DISCOVERY_MARKET_DATA,MEDIUM,HIGH,False,PROVISIONAL
Google Play,7b5cc2e8-4b1c-400a-92d8-4d8b1af22dc1,2025-10-07T13:51:19+00:00,2,,"Tính năng thì ổn nhưng hỗ trợ khách hàng không ra gì. Gọi tổng đài thì toàn mấy con AI tiếp chuyện, nhắn tin thì nhân viên ko giải quyết được gì. Chuyển dần sang app của bên khác dù vừa mua IPO :)",True,1,NEGATIVE,True,YES,AI_SUPPORT_CONTEXT_QUALITY,,CUSTOMER_SUPPORT,MEDIUM,HIGH,False,PROVISIONAL
Google Play,c9f422d0-2417-41ae-bb5e-c108733cf939,2025-10-07T23:01:36+00:00,1,,"ứng dụng thay đổi phông đặt lệnh màu trắng thật tởm lợm, yêu cầu khôi phục như cũ, app để phông lệnh thế này xứng đáng 1 sao",True,1,NEGATIVE,True,YES,UX_NAVIGATION_COMPLEXITY,,TRADING_ORDER_MANAGEMENT,MEDIUM,HIGH,False,PROVISIONAL
App Store,13243002599,2025-10-09T07:17:22+00:00,1,"App rối nhất trong các app ck. Khó sử dụng k trực quan,  hiện thị nhiều thông tin k cần thiết","K có % tăng giảm các mã ở bảng giá, Khó sử dụng k trực quan, Hiển thị nhiều thông tin k cần thiết, khi mua bán cp k hiển thị 3 mức giá mua bán gần nhất rất khó mua bán được giá tốt",True,2,NEGATIVE,True,YES,MARKET_DATA_STALENESS_ACCURACY,,PRODUCT_DISCOVERY_MARKET_DATA,MEDIUM,HIGH,False,PROVISIONAL
Google Play,3e926cdf-ee8f-49c3-b9e1-994ed59b9965,2025-10-09T13:15:01+00:00,1,,"app dở nhất trong các app chứng khoán, nhồi nhét chức năng. load chậm xử lý chậm. rồi nhét AI vào làm gì trong khi load cái bảng không xong???",True,2,NEGATIVE,True,YES,PERFORMANCE_RELIABILITY,,GENERAL_CROSS_JOURNEY,MEDIUM,HIGH,False,PROVISIONAL
App Store,13247396302,2025-10-10T08:30:34+00:00,1,Cskh,Dịch vụ hỗ trợ khách hàng tệ,True,1,NEGATIVE,True,YES,CUSTOMER_SUPPORT,,CUSTOMER_SUPPORT,MEDIUM,HIGH,False,PROVISIONAL
App Store,13272131452,2025-10-16T03:02:59+00:00,1,Đen màn hình,"Đến giờ giao dịch, app lag ko xem được gì. Đen thui.",True,1,NEGATIVE,True,YES,PERFORMANCE_RELIABILITY,,TRADING_ORDER_MANAGEMENT,HIGH,HIGH,False,PROVISIONAL
Google Play,9f588cc7-247f-45c6-ab01-a1d11bb9616a,2025-10-16T09:48:06+00:00,1,,Sao ko tải đc nhể. Điện thoại đời cũ ko tải đc,True,1,NEGATIVE,True,YES,MOBILE_TABLET_RESPONSIVENESS,,GENERAL_CROSS_JOURNEY,HIGH,HIGH,False,PROVISIONAL
App Store,13276981462,2025-10-17T07:44:07+00:00,1,App thường xuyên treo lúc cần bán,Tệ,True,1,NEGATIVE,True,YES,TRADING_ORDER_EXECUTION,,TRADING_ORDER_MANAGEMENT,HIGH,HIGH,False,PROVISIONAL
Google Play,5e10e799-e923-496b-818d-fb89540ed690,2025-10-17T09:22:00+00:00,1,,"đăng nhập rồi lỗi, không dùng được",True,1,NEGATIVE,True,YES,AUTHENTICATION_IOTP,,LOGIN_AUTHENTICATION,HIGH,HIGH,False,PROVISIONAL
App Store,13280235898,2025-10-18T01:03:35+00:00,1,Load giá quá chậm,Load giá quá chậm đáng 1 sao. Mấy thằng làm app ngu hay sao,True,1,NEGATIVE,True,YES,MARKET_DATA_STALENESS_ACCURACY,,PRODUCT_DISCOVERY_MARKET_DATA,MEDIUM,HIGH,False,PROVISIONAL
Google Play,91e69385-a626-4090-8830-153d29d88107,2025-10-18T10:13:36+00:00,4,,"nhiều tính năng hay, nhưng nếu có lệnh mua định kì cổ phiếu lô lẻ hay mua hàng ngày số tiền xác định 50-100k thì tuyệt nhất. đỡ hàng ngày nhìn biểu đồ, đầu tư thụ động tối ưu.",True,1,MIXED,False,YES,MARKET_RESEARCH_RECOMMENDATION_UTILITY,,TRADING_ORDER_MANAGEMENT,LOW,HIGH,False,PROVISIONAL
App Store,13289538564,2025-10-20T04:46:23+00:00,1,Lỗi hệ thống,Ngày 20/10 hệ thống trễ quá lớn. Ảnh hưởng nghiêm trong trong giao dịch phái Sinh,True,1,NEGATIVE,True,YES,PERFORMANCE_RELIABILITY,,TRADING_ORDER_MANAGEMENT,HIGH,HIGH,False,PROVISIONAL
App Store,13290030950,2025-10-20T08:11:22+00:00,1,Chưa thấy cái app nào tệ như cái app này,Lần đầu có cái app tệ đến mức mình phải lên app store đánh giá 1 sao. Cứ khi nào thị trường có biến lớn là app bị ngu ko load đc. Mấy lần r chứ ko phải một lần. Mất tiền oan mất lần chỉ vì cái app.,True,1,NEGATIVE,True,YES,PERFORMANCE_RELIABILITY,,TRADING_ORDER_MANAGEMENT,HIGH,HIGH,False,PROVISIONAL
App Store,13290082792,2025-10-20T08:29:13+00:00,1,App quá lag,"App quá lagg, ko chấp nhận nổi, bày đặt đòi wealth tech nhưng app lag lòi mà bày đặt, xem lại căn bản đã",True,1,NEGATIVE,True,YES,PERFORMANCE_RELIABILITY,,GENERAL_CROSS_JOURNEY,MEDIUM,HIGH,False,PROVISIONAL
Google Play,353e3c17-d9a3-4543-be66-696313163b77,2025-10-20T09:55:09+00:00,1,,"up date xong tệ hơn, đồ thị 1 đường giá 1 kiểu, thông tin lệnh thì không có, yêu cầu về lại bản cũ",True,1,NEGATIVE,True,YES,MARKET_DATA_STALENESS_ACCURACY,,PRODUCT_DISCOVERY_MARKET_DATA,MEDIUM,HIGH,False,PROVISIONAL
App Store,13290348242,2025-10-20T10:02:17+00:00,1,Không mua bán được trên TC Invest,"Ngày 20/10/2025 thị trường có phiên giảm sâu kỷ lục hơn 94 điểm, nhưng tôi không thể mua bán cổ phiếu trên app làm danh mục của tôi lỗ nặng do không thể mua để DCA",True,1,NEGATIVE,True,YES,TRADING_ORDER_EXECUTION,,TRADING_ORDER_MANAGEMENT,HIGH,HIGH,False,PROVISIONAL
Google Play,87d4ca9a-c274-4324-9b5c-890fe0d01b82,2025-10-20T14:34:27+00:00,1,,Mai ipo TCX rồi mà nay lag app ko mua bán gì được. đề nghị admin xem lại hạ tầng của app.,True,1,NEGATIVE,True,YES,PERFORMANCE_RELIABILITY,,TRADING_ORDER_MANAGEMENT,HIGH,HIGH,False,PROVISIONAL
Google Play,71b9c261-395d-4f67-b3b2-dcdc357d8ea2,2025-10-20T15:10:47+00:00,1,,"app cực kém, lúc cần mua thì bị lagg nhất định không cho mua, mất nhiều cơ hội vàng. Hi vọng mọi người đừng tạo app của thằng này, ức chế lắm",True,1,NEGATIVE,True,YES,PERFORMANCE_RELIABILITY,,TRADING_ORDER_MANAGEMENT,HIGH,HIGH,False,PROVISIONAL
Google Play,6891cb2b-a3b4-4a98-97ee-37f8db6689d2,2025-10-20T15:13:00+00:00,1,,"Quá tệ, thị trường sập app đơ lag ko cho mua bán",True,1,NEGATIVE,True,YES,PERFORMANCE_RELIABILITY,,TRADING_ORDER_MANAGEMENT,HIGH,HIGH,False,PROVISIONAL
Google Play,604a520a-018e-40f2-aa15-078d7fec8eda,2025-10-20T15:28:34+00:00,1,,Đúng lúc thị trường biến động thì app đơ ko thể giao dịch được! Làm ăn như vậy khác nào lừa tiền của nhà đầu tư cá nhân?!,True,1,NEGATIVE,True,YES,PERFORMANCE_RELIABILITY,,TRADING_ORDER_MANAGEMENT,HIGH,HIGH,False,PROVISIONAL
Google Play,787e16ff-0622-4417-af39-14326011d974,2025-10-20T20:18:13+00:00,1,,"trải nghiệm quá tệ, không nên sử dụng tránh mất tiền, cskh không ai phản hồi. app NH lớn mà quá tệ",True,1,NEGATIVE,True,YES,CUSTOMER_SUPPORT,,CUSTOMER_SUPPORT,HIGH,HIGH,False,PROVISIONAL
Google Play,6611ff7b-7235-46ef-8c16-98055bfdf73c,2025-10-20T21:58:21+00:00,1,,Trải nghiệm quá chán nạp 500k vào thì mau còn rút ra thì ko đc giống lừa đảo ghê rút thì nó bảo dịch vụ chuyển tiền tạm ngưng chán thật chứ dù gì cũng là ngân hàng lớn mà cái app tệ quá lỗi thời nữa chán chả muốn nói nên quá mấy ngân hàng khác mà học hỏi đi như vp bank chạn hạng ứng dụng chạy mượt chuyển hay rút cái là qua liền trong 1 nút nhạc hazz app quá tệ giờ ko biết cách nào rút tiền ra nữa,True,1,NEGATIVE,True,YES,DEPOSIT_WITHDRAWAL_TRANSFER,,FUNDING_CASH_TRANSFER,HIGH,HIGH,False,PROVISIONAL
Google Play,9559d520-4c18-439a-a87c-c604836aa0e5,2025-10-21T13:40:36+00:00,1,,Nhân ngày lên sàn app lag như koz,True,1,NEGATIVE,True,YES,PERFORMANCE_RELIABILITY,,TRADING_ORDER_MANAGEMENT,HIGH,HIGH,False,PROVISIONAL
App Store,13295667287,2025-10-21T15:06:08+00:00,3,"Quá phức tạp một cách không cần thiết, rối","App nhiều tính năng, tốt, nhưng sắp xếp quá phức tạp một cách không cần thiết, rối. Cần làm cho đơn giản bớt. Một chức năng không cần phải xuất hiện ở nhiều nơi khác nhau.",True,1,MIXED,True,YES,UX_NAVIGATION_COMPLEXITY,,GENERAL_CROSS_JOURNEY,MEDIUM,HIGH,False,PROVISIONAL
Google Play,c0f59e03-37c1-419f-98bf-f58d4d03b89f,2025-10-22T21:13:59+00:00,1,,"App lác lòi ra, đặt lệnh trên web mà mãi ko có otp gửi điện thoại. đặt lệnh app thì số lượng với giá cổ phiếu nhảy loạn xạ, bảng giá thì load chậm. Vừa vào đã hiện cái banner quảng cáo, bộ nghĩ nđt người ta xem cái đấy à.",True,2,NEGATIVE,True,YES,AUTHENTICATION_IOTP,,TRADING_ORDER_MANAGEMENT,HIGH,HIGH,False,PROVISIONAL
App Store,13301878527,2025-10-23T02:17:58+00:00,5,Mac !!!!!!!!!!!!!!!!,Máy mac app vào không được nhé !,True,1,NEGATIVE,True,YES,MOBILE_TABLET_RESPONSIVENESS,,GENERAL_CROSS_JOURNEY,HIGH,HIGH,False,PROVISIONAL
Google Play,6d68116a-74e9-4e8e-be7c-43b6078415c3,2025-10-23T20:38:57+00:00,1,,Làm app với web như này đòi người ta đầu tư. Này chắc biết mỗi marketing để ng khác mua cổ phiếu quá!,True,1,NEGATIVE,True,YES,OTHER,,GENERAL_CROSS_JOURNEY,MEDIUM,LOW,True,PROVISIONAL
App Store,13306623450,2025-10-24T06:33:56+00:00,1,càng ngày càng rối,"rối rắm khó khăn, tạo cái lệnh định kỳ quỹ cũng không cho",True,2,NEGATIVE,True,YES,UX_NAVIGATION_COMPLEXITY,,GENERAL_CROSS_JOURNEY,MEDIUM,HIGH,False,PROVISIONAL
Google Play,16952e31-0146-4d80-bae8-0d1304a0d6ea,2025-10-26T11:25:37+00:00,1,,sao rút tiền không được vậy,True,1,NEGATIVE,True,YES,DEPOSIT_WITHDRAWAL_TRANSFER,,FUNDING_CASH_TRANSFER,HIGH,HIGH,False,PROVISIONAL
Google Play,2d332b92-4e4e-4c12-9526-daf360cd5d1e,2025-10-27T14:59:55+00:00,1,,"khách hàng Diamond mà không có các quyền lợi đầy đủ như trong mục ghi, phí vay margin quá cao, dvcskh quá tệ",True,2,NEGATIVE,True,YES,FEE_PRICING,,FUNDING_CASH_TRANSFER,HIGH,HIGH,False,PROVISIONAL
Google Play,0ffd0f52-46ad-4c3b-a711-c3eea379055e,2025-10-28T09:01:28+00:00,1,,"Bật tính năng đăng nhập bằng vân tay mà bắt phải hủy iotp ở thiết bị cũ? không hiểu kiểu gì. Giờ có 2 đt mà chỉ 1 chiếc phải đăng nhập = mật khẩu rất phiền. Giao diện quá nhiều thứ phức tạp, khó sử dụng.",True,2,NEGATIVE,True,YES,AUTHENTICATION_IOTP,,LOGIN_AUTHENTICATION,MEDIUM,HIGH,False,PROVISIONAL
Google Play,8c23f05e-9945-4cd9-b130-b91b7b0eaef2,2025-10-28T14:40:59+00:00,2,,gửi mã cả ngày mà không thấy về vậy,True,1,NEGATIVE,True,YES,AUTHENTICATION_IOTP,,LOGIN_AUTHENTICATION,HIGH,HIGH,False,PROVISIONAL
Google Play,1f919269-cdd5-413a-a84b-73f1b44a2b11,2025-10-29T11:58:33+00:00,2,,"ko vào dc app, bực kinh khủng. Nhắn vào page thì chỉ thấy để nội dung chi tiết cho Mập, ko thấy chuyên viên đâu.",True,2,NEGATIVE,True,YES,PERFORMANCE_RELIABILITY,,GENERAL_CROSS_JOURNEY,HIGH,HIGH,False,PROVISIONAL
App Store,13332105950,2025-10-30T04:11:36+00:00,1,Lỗi bị xoá chart,Nhắn hỗ trợ r mà chưa dc. Vẽ 1 2 hôm là bị xoá.,True,2,NEGATIVE,True,YES,MARKET_DATA_STALENESS_ACCURACY,,PRODUCT_DISCOVERY_MARKET_DATA,MEDIUM,HIGH,False,PROVISIONAL
Google Play,7a5988b3-cc5f-4f88-b009-631bee990259,2025-10-31T10:11:36+00:00,3,,hôm nay bị lỗi à,True,1,UNCLEAR,True,YES,PERFORMANCE_RELIABILITY,,GENERAL_CROSS_JOURNEY,MEDIUM,LOW,True,PROVISIONAL
Google Play,73f6154c-9e9f-4c5e-8df2-5f3c1cccf794,2025-10-31T19:15:03+00:00,1,,"crash liên tục, cty 3-4 tỷ đô làm cái app éo xong",True,1,NEGATIVE,True,YES,PERFORMANCE_RELIABILITY,,GENERAL_CROSS_JOURNEY,HIGH,HIGH,False,PROVISIONAL
Google Play,8b23d558-1a64-4037-9d25-b39ed5540df3,2025-11-01T11:42:41+00:00,3,,Widget không dùng cài được trên màn hình :(,True,1,NEGATIVE,True,YES,MOBILE_TABLET_RESPONSIVENESS,,PRODUCT_DISCOVERY_MARKET_DATA,MEDIUM,HIGH,False,PROVISIONAL
Google Play,6ab18151-d19b-4dc0-a392-e336feb03958,2025-11-04T15:29:09+00:00,2,,"giao diện không thân thiện, quá nhiều thứ rắc rối không cần thiết",True,1,NEGATIVE,True,YES,UX_NAVIGATION_COMPLEXITY,,GENERAL_CROSS_JOURNEY,MEDIUM,HIGH,False,PROVISIONAL
App Store,13358137009,2025-11-05T03:39:52+00:00,1,Lỗi chuyển tiền,Chuyển tiền nhìu lần không được,True,1,NEGATIVE,True,YES,DEPOSIT_WITHDRAWAL_TRANSFER,,FUNDING_CASH_TRANSFER,HIGH,HIGH,False,PROVISIONAL
App Store,13358337331,2025-11-05T05:11:12+00:00,5,Tốt,Trải nghiệm đầu tư tuyệt vời,False,0,POSITIVE,False,YES,,,,NONE,HIGH,False,PROVISIONAL
App Store,13362364103,2025-11-06T04:33:40+00:00,5,Best Investment app in Vietnam,"Very easy to use, tons of features and rewards all the time. This App helps me manage my investment like no other.",False,0,POSITIVE,False,YES,,,,NONE,HIGH,False,PROVISIONAL
Google Play,a85de5db-c6e5-46c7-aa43-4e5a2044648c,2025-11-07T12:38:45+00:00,1,,"App quá dở, muốn mua cổ phiếu cần bật máy tính xem đang khớp giá nào. Thua các app khác như FPTS, DNSE vài con phố.",True,1,NEGATIVE,True,YES,MARKET_DATA_STALENESS_ACCURACY,,TRADING_ORDER_MANAGEMENT,MEDIUM,HIGH,False,PROVISIONAL
Google Play,f08b2a0d-fcab-499b-bc86-431d3fa06e91,2025-11-07T14:33:48+00:00,1,,"Áp hay đơ, lặng. Đặt lệnh rất khó. Lệnh mua lại chuyển sang bán. 🤔",True,1,NEGATIVE,True,YES,TRADING_ORDER_EXECUTION,,TRADING_ORDER_MANAGEMENT,HIGH,HIGH,False,PROVISIONAL
App Store,13379249960,2025-11-10T04:02:44+00:00,1,UI/UX tệ,"Giao diện rất khó sử dụng, đặt lệnh mất nhiều bước hơn các app khác. Nên học theo giao diện tối giản như ssi",True,1,NEGATIVE,True,YES,UX_NAVIGATION_COMPLEXITY,,TRADING_ORDER_MANAGEMENT,MEDIUM,HIGH,False,PROVISIONAL
App Store,13379715404,2025-11-10T07:32:13+00:00,5,Trải nghiệm tính năng,"App đỉnh cao thật sự. Giao diện đẹp, chuyển tiền nhanh, đầu tư chứng khoáng chỉ 3s là xong",False,0,POSITIVE,False,YES,,,,NONE,HIGH,False,PROVISIONAL
App Store,13387339116,2025-11-12T03:35:25+00:00,5,Review về App tcbs,"Các tính năng trên App rất đa dạng phong phú và giúp ích rất nhiều cho người dùng, đặc biệt áp dụng AI để cung cấp những insights giúp nhà đầu tư có đủ thông tin để đưa ra quyết định đầu tư hợp lý",False,0,POSITIVE,False,YES,,,,NONE,HIGH,False,PROVISIONAL
App Store,13388783260,2025-11-12T12:53:27+00:00,5,Trải nghiệm người dùng,"Giao diện rất dễ hiểu, dễ dùng. Có các tính năng chatbot rất tiện lợi 😍",False,0,POSITIVE,False,YES,,,,NONE,HIGH,False,PROVISIONAL
Google Play,4281fc08-f004-4bae-a092-6956ed9eb624,2025-11-14T13:48:44+00:00,2,,"cập nhật giá chậm so với thị trường, app đúng chán giao dịch rất khó nhìn, tệ nhất là cập nhật giá đúng chậm hơn rùa.",True,1,NEGATIVE,True,YES,MARKET_DATA_STALENESS_ACCURACY,,TRADING_ORDER_MANAGEMENT,MEDIUM,HIGH,False,PROVISIONAL
Google Play,400da6fc-3a5f-4c8d-83a4-1acd8a8c4888,2025-11-14T18:22:58+00:00,5,,"Thật sự, từ khi chuyển sang TCBS, mình thấy an tâm hẳn. ​Điều mình thích nhất là hệ thống bảo mật rất xịn; không còn phải lăn tăn chuyện rủi ro thông tin nữa. ​Các sản phẩm quản lý gia sản (như iBond hay các Quỹ) cũng được chọn lọc kỹ, giúp mình dễ dàng tích lũy tài sản theo kế hoạch. Giao diện lại dễ dùng, xem tài sản tổng thể rất minh bạch. ​TCBS đúng là người đồng hành đáng tin cậy giúp mình vừa đầu tư hiệu quả, vừa ngủ ngon. Ai đang tìm chỗ đầu tư uy tín thì nên thử ngay nhé!",False,0,POSITIVE,False,YES,,,,NONE,HIGH,False,PROVISIONAL
Google Play,3805ef77-5c86-4bf9-b253-8970db98ba67,2025-11-14T18:39:42+00:00,5,,"Một trong những ứng dụng chứng khoán nên dùng, chạy mượt mà, nhiều tính năng ưu việt cho người dùng, giúp trải nghiệm tốt khi giao dịch",False,0,POSITIVE,False,YES,,,,NONE,HIGH,False,PROVISIONAL
App Store,13411715829,2025-11-18T05:22:54+00:00,1,App,App tài chính mà văng miết,True,1,NEGATIVE,True,YES,PERFORMANCE_RELIABILITY,,GENERAL_CROSS_JOURNEY,HIGH,HIGH,False,PROVISIONAL
Google Play,7a4db707-140f-4bb4-b0fe-78ae4d28947d,2025-11-19T06:51:07+00:00,1,,"Rồi xong. Ứng dụng không tương thích với điện thoại. Trong khi ứng dụng của các công ty khác thì cài đặt bình thường. Giờ muốn dùng phải đăng nhập vào web, vậy là cải tiến à?",True,1,NEGATIVE,True,YES,MOBILE_TABLET_RESPONSIVENESS,,GENERAL_CROSS_JOURNEY,HIGH,HIGH,False,PROVISIONAL
Google Play,ba264218-c50e-4782-8d78-0f45dfcdb703,2025-11-19T08:22:24+00:00,1,,"App quá nhiều thứ không cần thiết, nên làm đơn giản lại, nếu muốn ôm đòm thì tách ra từng mô đun ai cần thì tải thêm về không cần thì thôi, làm cho gọn nhẹ lại. làm cho chạy nhanh hơn được k. cứ lag lag sao đó.",True,1,NEGATIVE,True,YES,UX_NAVIGATION_COMPLEXITY,,GENERAL_CROSS_JOURNEY,MEDIUM,HIGH,False,PROVISIONAL
App Store,13416185136,2025-11-19T10:42:48+00:00,1,Lừa đảo,Cẩn thận mất tiền nhé mn,True,1,NEGATIVE,True,UNCLEAR,OTHER,,UNKNOWN,MEDIUM,LOW,True,PROVISIONAL
Google Play,c4dd35a4-3571-4934-ac95-83360c34caad,2025-11-19T13:05:27+00:00,1,,App tệ hại vô cùng. Load chậm. UI/UX phức tạp.,True,2,NEGATIVE,True,YES,PERFORMANCE_RELIABILITY,,GENERAL_CROSS_JOURNEY,MEDIUM,HIGH,False,PROVISIONAL
App Store,13445903889,2025-11-27T06:07:30+00:00,1,"Hỗ trợ AI quá kém, không giải quyết được vấn đề",Bộ phận hỗ trợ là AI hoạt động không hiệu quả. Chỉ dẫn theo các link có sẵn nhưng vẫn không giải quyết được vấn đề.,True,1,NEGATIVE,True,YES,AI_SUPPORT_CONTEXT_QUALITY,,CUSTOMER_SUPPORT,HIGH,HIGH,False,PROVISIONAL
Google Play,2515d2e9-0d05-4861-9ad3-f5421f64e9af,2025-11-27T09:47:50+00:00,1,,"Tiền bán cổ phiếu trong tài khoản ký quỹ bị trừ về 0 mà không có bất kỳ thông báo nào. Không biết tiền bị hạch toán vào đâu? Liên hệ thì tổng đài toàn tự động trả lời, không giải quyết được vấn đề, kêu tổng đài viên đều bận qua Zalo, FB chat toàn gặp AI cũng không giải quyết được vấn đề KH gặp phải. Quá thất vọng",True,2,NEGATIVE,True,YES,NOTIFICATION_COMMUNICATION,,FUNDING_CASH_TRANSFER,HIGH,HIGH,False,PROVISIONAL
Google Play,a335448b-6d67-4c3f-a486-5443d514c972,2025-11-30T13:13:42+00:00,1,,"chụp ảnh xác minh danh tính hoài mà không được, hoàn thành rồi xong lại báo lỗi",True,1,NEGATIVE,True,YES,ONBOARDING_KYC,,ACCOUNT_OPENING_KYC,HIGH,HIGH,False,PROVISIONAL
Google Play,52ce58b5-e1df-4171-8943-832ed805219a,2025-12-03T10:39:36+00:00,1,,lag k vào dc app để giao dịch,True,1,NEGATIVE,True,YES,PERFORMANCE_RELIABILITY,,TRADING_ORDER_MANAGEMENT,HIGH,HIGH,False,PROVISIONAL
App Store,13476352525,2025-12-05T02:47:55+00:00,2,khi nào cần bán là nó đơ và k vào đc app,"app đơ, trừ tiền ko minh bạch gọi tổng đài thì toàn Ai nói chuyện, đẩy sang chát zalo face cũng dí AI trả lời",True,3,NEGATIVE,True,YES,TRADING_ORDER_EXECUTION,,TRADING_ORDER_MANAGEMENT,HIGH,HIGH,True,PROVISIONAL
Google Play,e1c2a515-9df2-4f7e-acc6-3ae5e2f83ffa,2025-12-08T13:47:34+00:00,1,,app toàn bị đơ,True,1,NEGATIVE,True,YES,PERFORMANCE_RELIABILITY,,GENERAL_CROSS_JOURNEY,HIGH,HIGH,False,PROVISIONAL
App Store,13500073382,2025-12-11T05:23:18+00:00,2,Biểu đồ kỹ thuật,Biểu đồ kỹ thuật chỉ cho xem theo hình dọc hoặc quay ngang thì không được full màn xem rất khó chịu. TCBS khắc phục thêm quả này nữa thì ngon,True,1,MIXED,True,YES,MOBILE_TABLET_RESPONSIVENESS,,PRODUCT_DISCOVERY_MARKET_DATA,MEDIUM,HIGH,False,PROVISIONAL
App Store,13503906778,2025-12-12T07:00:27+00:00,1,"App rối mắt, phức tạp, lag, khó sử dụng, ngu","App rối mắt, phức tạp, lag, khó sử dụng, ngu",True,1,NEGATIVE,True,YES,UX_NAVIGATION_COMPLEXITY,,GENERAL_CROSS_JOURNEY,MEDIUM,HIGH,False,PROVISIONAL
Google Play,19c34675-e704-4e7f-8680-1de52c8c668a,2025-12-14T19:05:20+00:00,5,,"App Hỗ trợ chi tiết các kênh thông tin rất hữu ích, chi tiết hơn so với các app khác...ủn hộ app đều đều...",False,0,POSITIVE,False,YES,,,,NONE,HIGH,False,PROVISIONAL
Google Play,dc63badd-1778-4fcf-b23d-17caddbd2e1b,2025-12-17T22:40:08+00:00,1,,"dữ liệu cuối ngày lúc nào cũng trễ, ảnh hưởng công việc của nhà đầu tư..bực lắm luôn!!😤😤",True,1,NEGATIVE,True,YES,MARKET_DATA_STALENESS_ACCURACY,,PORTFOLIO_TRACKING,HIGH,HIGH,False,PROVISIONAL
App Store,13534569635,2025-12-20T11:10:48+00:00,5,Miễn phí giao dịch,Quá đã khi đc miễn phí gd ko mất đồng nào trong khi các cty khác thu của kh từ 0.1% đến 0.3% phí gd quá cao. App cực kì hiện đại công nghệ trang bị tận răng. Wowww ko thể tin đc xứng đáng 1 cty ck đầu ngành,False,0,POSITIVE,False,YES,,,,NONE,HIGH,False,PROVISIONAL
App Store,13541334311,2025-12-22T05:37:14+00:00,2,Khó dùng,App siêu khó dùng so với các app chứng khoán khác. Giao diện chán không thuận tiện. Lúc đặt lệnh mua cổ phiếu không nhìn được giá trần và giá sàn ở đâu!!!,True,1,NEGATIVE,True,YES,UX_NAVIGATION_COMPLEXITY,,TRADING_ORDER_MANAGEMENT,MEDIUM,HIGH,False,PROVISIONAL
App Store,13549003693,2025-12-24T07:45:54+00:00,3,Chất lượng tạm ổn,"App kiểu all in one, giao dịch cổ phiếu, trái phiếu, chứng chỉ quỹ.. đầy đủ nhưng khá là lag, khiến người dùng đôi lúc khá bực mình",True,1,MIXED,True,YES,PERFORMANCE_RELIABILITY,,GENERAL_CROSS_JOURNEY,MEDIUM,HIGH,False,PROVISIONAL
App Store,13572114993,2025-12-30T07:57:23+00:00,1,Tư duy có vấn đề,"Phần nộp tiền vào mà khắt khe việc xác minh, ko hiểu lí do để làm gì",True,1,NEGATIVE,True,YES,DEPOSIT_WITHDRAWAL_TRANSFER,,FUNDING_CASH_TRANSFER,MEDIUM,MEDIUM,True,PROVISIONAL
App Store,13572173414,2025-12-30T08:22:52+00:00,1,Thái độ nhân viên,Thái độ nhân viên chăm sóc khách hàng quá tệ,True,1,NEGATIVE,True,YES,CUSTOMER_SUPPORT,,CUSTOMER_SUPPORT,HIGH,HIGH,False,PROVISIONAL
App Store,13593563203,2026-01-04T12:21:03+00:00,1,Zero fee but low quality,"2025 rồi mà còn để performance issue xảy ra ngay trên production khiến bao nhiêu khách ko đặt lệnh mua hay bán gì được
Quá là thảm hại!!",True,1,NEGATIVE,True,YES,PERFORMANCE_RELIABILITY,,TRADING_ORDER_MANAGEMENT,HIGH,HIGH,False,PROVISIONAL
Google Play,76d860a2-c516-4fa6-94b3-ef2c7a2daed5,2026-01-08T10:37:20+00:00,1,,"thật là 1 ứng dụng kinh tởm. Ba bữa lại lỗi, hỗ trợ thì dùng AI giao dịch, xử lý chậm chạp. Giao dịch CK mà chờ sửa lỗi vài ngày. Sẽ chuyển sang cty khác sau khi xử lý hết số dư",True,1,NEGATIVE,True,YES,PERFORMANCE_RELIABILITY,,GENERAL_CROSS_JOURNEY,HIGH,HIGH,False,PROVISIONAL
App Store,13612239839,2026-01-09T07:25:49+00:00,1,"Lỗi , đơ giật khi sử dụng rất nhiều",Toàn lỗi không giao dịch được ... Thiệt hại lại là nhà đầu từ chịu,True,1,NEGATIVE,True,YES,TRADING_ORDER_EXECUTION,,TRADING_ORDER_MANAGEMENT,HIGH,HIGH,False,PROVISIONAL
App Store,13628373156,2026-01-13T10:50:01+00:00,1,Giao diện xấu,"App giao diện xấu, rất khó hiểu, quy trình đăng nhập rườm rà gây  trải nghiệm người dùng ko tốt. Nên thuê UX designer xây lại app giống app Techcombank",True,1,NEGATIVE,True,YES,UX_NAVIGATION_COMPLEXITY,,LOGIN_AUTHENTICATION,MEDIUM,HIGH,False,PROVISIONAL
Google Play,ae9cebc0-a50c-4564-9ac3-44f281f31e39,2026-01-13T19:29:31+00:00,1,,"giao diện, chức năng loạn cào cào",True,1,NEGATIVE,True,YES,UX_NAVIGATION_COMPLEXITY,,GENERAL_CROSS_JOURNEY,MEDIUM,HIGH,False,PROVISIONAL
App Store,13630861870,2026-01-14T01:32:26+00:00,3,Trung bình,"App hay đơ lag
Nhiều lúc đặt lệnh xong k huỷ được",True,2,MIXED,True,YES,PERFORMANCE_RELIABILITY,,TRADING_ORDER_MANAGEMENT,HIGH,HIGH,False,PROVISIONAL
App Store,13630882706,2026-01-14T01:40:48+00:00,1,App lỗi trong phiên giao dịch quan trọng,"Mọi người cân nhắc đừng dùng của bọn này, lúc quan trọng hay có biến là nó lỗi đúng lúc, làm thiệt hại bao nhiêu tiền của khách",True,1,NEGATIVE,True,YES,PERFORMANCE_RELIABILITY,,TRADING_ORDER_MANAGEMENT,HIGH,HIGH,False,PROVISIONAL
App Store,13630917569,2026-01-14T01:54:58+00:00,1,Tệ hại,"Ứng dụng tệ hại, cứ treo lệnh không bán được gây thiệt hại lớn cho nđt",True,1,NEGATIVE,True,YES,TRADING_ORDER_EXECUTION,,TRADING_ORDER_MANAGEMENT,HIGH,HIGH,False,PROVISIONAL
App Store,13630935825,2026-01-14T02:02:31+00:00,1,Đơ lag,"9h30 ngày 14/1 đơ lag đặt lệnh ko mua ko được, huỷ ko được.",True,1,NEGATIVE,True,YES,TRADING_ORDER_EXECUTION,,TRADING_ORDER_MANAGEMENT,HIGH,HIGH,False,PROVISIONAL
App Store,13630942957,2026-01-14T02:05:27+00:00,1,App lỗi,"App lỗi, từ sáng tới giờ đặt xong không khớp cũng không sửa được lệnh",True,1,NEGATIVE,True,YES,TRADING_ORDER_EXECUTION,,TRADING_ORDER_MANAGEMENT,HIGH,HIGH,False,PROVISIONAL
App Store,13630943735,2026-01-14T02:05:46+00:00,1,Cập nhật hệ thống trong phiên giao dịch dẫn đến lỗi không giao dịch được?!?,"Đặt lệnh mua bán trong phiên nhưng trạng thái giao dịch chỉ là ""đã đặt"", không chuyển qua ""chờ khớp""? Không sửa, huỷ lệnh được!?! Quá tệ",True,1,NEGATIVE,True,YES,TRADING_ORDER_EXECUTION,,TRADING_ORDER_MANAGEMENT,HIGH,HIGH,False,PROVISIONAL
App Store,13630945627,2026-01-14T02:06:35+00:00,2,Update giờ tào lao,Đến giờ giao dịch thì lỗi ko đặt lệnh hay xoá sửa được. Hệ thống thì nói cập nhật dữ liệu nên bị lỗi. Có thằng nào làm Tech mà giờ đang chạy đi update dữ liệu ko,True,1,NEGATIVE,True,YES,TRADING_ORDER_EXECUTION,,TRADING_ORDER_MANAGEMENT,HIGH,HIGH,False,PROVISIONAL
App Store,13630947432,2026-01-14T02:07:18+00:00,1,App lỗi,"App lỗi sửa lệnh cả buổi sáng mãi không xong, ảnh hưởng tới giao dịch của khách hàng",True,1,NEGATIVE,True,YES,TRADING_ORDER_EXECUTION,,TRADING_ORDER_MANAGEMENT,HIGH,HIGH,False,PROVISIONAL
App Store,13630948771,2026-01-14T02:07:52+00:00,1,Lỗi ai chịu,"Đang lỗi không giao dịch được, hãy sử lý và có lời giải thích thoả đáng. Lỗi hơn 1 tiếng chưa có trả lời khách hàng",True,1,NEGATIVE,True,YES,TRADING_ORDER_EXECUTION,,TRADING_ORDER_MANAGEMENT,HIGH,HIGH,False,PROVISIONAL
App Store,13630951162,2026-01-14T02:08:50+00:00,1,Lỗi,App rất hay lỗi nhé. Lúc cần huỷ lệnh sửa giá là không làm được. Hỏi nhân viên báo là hệ thống đang cập nhật gì đó. Lỡ giờ để mua bán khi giá tăng hay tụt đột ngột. Ndt cân nhắc khi dùng :))),True,1,NEGATIVE,True,YES,TRADING_ORDER_EXECUTION,,TRADING_ORDER_MANAGEMENT,HIGH,HIGH,False,PROVISIONAL
App Store,13630959017,2026-01-14T02:12:06+00:00,1,App lỗi ko giao dịch dc,Nghĩ sao 10h sáng đặt lệnh ko cho khớp ko cho sửa ko cho huỷ? App lớn mà lỗi vậy? Đừng dùng app này mn ơi,True,1,NEGATIVE,True,YES,TRADING_ORDER_EXECUTION,,TRADING_ORDER_MANAGEMENT,HIGH,HIGH,False,PROVISIONAL
App Store,13630959308,2026-01-14T02:12:13+00:00,1,Orders not reaching the Exchange,"Please inspect, fix, and upgrade the App immediately",True,1,NEGATIVE,True,YES,TRADING_ORDER_EXECUTION,,TRADING_ORDER_MANAGEMENT,HIGH,HIGH,False,PROVISIONAL
App Store,13630970402,2026-01-14T02:16:49+00:00,1,Hệ thống đặt lệnh hay bị đơ,Hệ thống đặt lệnh hay bị đơ,True,1,NEGATIVE,True,YES,TRADING_ORDER_EXECUTION,,TRADING_ORDER_MANAGEMENT,HIGH,HIGH,False,PROVISIONAL
App Store,13631009444,2026-01-14T02:33:24+00:00,1,Rủi ro cao,"Rating app cao thì chắc là do mua, lỗi app thì liên tục mà xử lí lỗi thì lâu, gọi điện AI trả lời, hậu quả thì ndt chịu",True,2,NEGATIVE,True,YES,PERFORMANCE_RELIABILITY,,GENERAL_CROSS_JOURNEY,HIGH,HIGH,False,PROVISIONAL
App Store,13631386662,2026-01-14T05:26:43+00:00,3,cần nâng cấp hơn nữa,"trong những ngày biến động thường treo lệnh, biểu đồ load không nổi",True,1,MIXED,True,YES,PERFORMANCE_RELIABILITY,,TRADING_ORDER_MANAGEMENT,HIGH,HIGH,False,PROVISIONAL
Google Play,9860f804-3c41-4833-8e96-6b2549b7a919,2026-01-14T09:38:04+00:00,1,,Lúc cp tăng thì đặt lệnh mua ko đc. Không cho hủy.,True,1,NEGATIVE,True,YES,TRADING_ORDER_EXECUTION,,TRADING_ORDER_MANAGEMENT,HIGH,HIGH,False,PROVISIONAL
Google Play,3d2ccb13-239e-46a6-9f78-90021bbeeeed,2026-01-14T09:39:21+00:00,1,,app chuyên lỗi k đặt đc lệnh k nên dùng công ty này,True,1,NEGATIVE,True,YES,TRADING_ORDER_EXECUTION,,TRADING_ORDER_MANAGEMENT,HIGH,HIGH,False,PROVISIONAL
Google Play,6ea0461e-6beb-4da6-b23b-5e93231b3c15,2026-01-14T09:40:33+00:00,1,,"App thường xuyên lỗi không giao dịch được, không bao giờ dùng app này nữa",True,1,NEGATIVE,True,YES,TRADING_ORDER_EXECUTION,,TRADING_ORDER_MANAGEMENT,HIGH,HIGH,False,PROVISIONAL
Google Play,cd546886-d870-42ac-b667-23f16adc7038,2026-01-14T09:45:31+00:00,1,,"Apps chuyên đơ và lỗi. Hỏi thì được trả lời là cập nhật hệ thống, mà toàn canh lúc đang giao dịch thì cập nhật.",True,1,NEGATIVE,True,YES,TRADING_ORDER_EXECUTION,,TRADING_ORDER_MANAGEMENT,HIGH,HIGH,False,PROVISIONAL
Google Play,547f969e-0676-4e7d-a158-d1c32569d075,2026-01-14T09:59:21+00:00,1,,quá tệ mất rất nhiều tiền của khách hàng,True,1,NEGATIVE,True,YES,TRADING_ORDER_EXECUTION,,TRADING_ORDER_MANAGEMENT,HIGH,MEDIUM,True,PROVISIONAL
Google Play,29e01899-efa2-4546-8421-6b2abf4bf775,2026-01-14T10:02:08+00:00,1,,"không đặt lệnh hủy lệnh dc. Không có cshk xử lý lỗi, không thông báo coi thường kh. Mg cao ngất, thích call là call, phí có rẻ cũng tẩy chay",True,3,NEGATIVE,True,YES,TRADING_ORDER_EXECUTION,,TRADING_ORDER_MANAGEMENT,HIGH,HIGH,True,PROVISIONAL
Google Play,50c59532-84b0-4a83-ae32-6b8b631fa0a0,2026-01-14T10:03:55+00:00,1,,"Lệnh đặt xong, không thể sửa/hủy.",True,1,NEGATIVE,True,YES,TRADING_ORDER_EXECUTION,,TRADING_ORDER_MANAGEMENT,HIGH,HIGH,False,PROVISIONAL
Google Play,91221ee6-f61c-4e82-8ec2-7ed2075267f6,2026-01-14T10:07:26+00:00,1,,"đặt lệnh k khớp, hủy sửa cũng k được. hỗ trợ thì AI trả lời lung tung. k có ng hỗ trợ bỏ mặc khách hàng",True,2,NEGATIVE,True,YES,TRADING_ORDER_EXECUTION,,TRADING_ORDER_MANAGEMENT,HIGH,HIGH,False,PROVISIONAL
Google Play,7994ad3a-fbe8-4921-a0e9-8fd062219660,2026-01-14T10:09:13+00:00,1,,Lỗi không giao dịch được gì cả,True,1,NEGATIVE,True,YES,TRADING_ORDER_EXECUTION,,TRADING_ORDER_MANAGEMENT,HIGH,HIGH,False,PROVISIONAL
Google Play,10715b55-e2ae-4183-9526-13ee6745d20a,2026-01-14T10:11:00+00:00,1,,"thường xuyên treo lỗi làm mất tiền, làm thiệt hại khách hàng",True,1,NEGATIVE,True,YES,TRADING_ORDER_EXECUTION,,TRADING_ORDER_MANAGEMENT,HIGH,HIGH,False,PROVISIONAL
Google Play,e278b975-7183-4b48-b291-1aae830dc27c,2026-01-14T10:19:05+00:00,1,,App trên điện thoại OK. App desktop không xài đc chứng năng quét QR để đăng nhập. HỆ THỐNG CHĂM SÓC KHÁCH HÀNG CỰC TỆ. Công ty quảng cáo làm ăn tốt lắm và hệ thống chăm sóc khách hàng không thể chấp nhận được. Dịch vụ tệ nhất mà tôi từng trải qua.,True,2,NEGATIVE,True,YES,AUTHENTICATION_IOTP,,LOGIN_AUTHENTICATION,HIGH,HIGH,False,PROVISIONAL
Google Play,5da43298-166d-490c-b83b-8c5c144606e5,2026-01-14T10:32:45+00:00,1,,"14.01.2026, từ 9h sáng, hệ thống lỗi không đặt đc lệnh. Với 1 công ty chứng khoán, TCBS đã rất không ổn",True,1,NEGATIVE,True,YES,TRADING_ORDER_EXECUTION,,TRADING_ORDER_MANAGEMENT,HIGH,HIGH,False,PROVISIONAL
Google Play,fd2c190b-db45-422b-8174-630c33973175,2026-01-14T10:46:34+00:00,1,,Lúc cần thì lỗi. Không gửi thông báo kịp thời khi hệ thống bị lỗi hay sử dụng được trở lại. Ít nhất khi sử dụng được lại thì thông báo khách có nhu cầu sửa hay hủy lệnh không.,True,1,NEGATIVE,True,YES,TRADING_ORDER_EXECUTION,,TRADING_ORDER_MANAGEMENT,HIGH,HIGH,False,PROVISIONAL
Google Play,6e30c2fa-02e6-43ad-818c-1dae839ff8d8,2026-01-14T12:20:39+00:00,1,,Tệ,True,1,NEGATIVE,True,UNCLEAR,OTHER,,UNKNOWN,LOW,LOW,True,PROVISIONAL
Google Play,afb2af61-25eb-4b6c-b38c-cf8fa5771bee,2026-01-14T12:28:23+00:00,1,,"một ứng dụng, lỗi thì nhiều mà tận tâm thì ít , khuyên không nên sử dụng, lỗi rất nhiều tôi mất 179 triệu vì lỗi của nó",True,1,NEGATIVE,True,YES,TRADING_ORDER_EXECUTION,,TRADING_ORDER_MANAGEMENT,HIGH,HIGH,False,PROVISIONAL
Google Play,bc8d4d54-f2c0-49a0-b6e7-55fac5b11c5f,2026-01-14T16:17:21+00:00,3,,"tốc độ load app cần cải thiện nhanh tối đa, hiện tại quá chậm",True,1,MIXED,True,YES,PERFORMANCE_RELIABILITY,,GENERAL_CROSS_JOURNEY,MEDIUM,HIGH,False,PROVISIONAL
App Store,13634622324,2026-01-15T01:36:41+00:00,1,App siêu tệ,"App thường xuyên treo, lag đặc biệt khi thị trường biến động. Anh em xài sẽ thấy cảnh muốn mua ko được, muốn bán không xong. Khi hết lag thì mọi chuyện đã qua, thiệt hại lớn lắm.",True,1,NEGATIVE,True,YES,PERFORMANCE_RELIABILITY,,TRADING_ORDER_MANAGEMENT,HIGH,HIGH,False,PROVISIONAL
Google Play,2e5b19b6-95a6-4096-a902-97b2962bf652,2026-01-24T23:13:13+00:00,1,,đăng nhập gì mà lỗi riết à,True,1,NEGATIVE,True,YES,AUTHENTICATION_IOTP,,LOGIN_AUTHENTICATION,HIGH,HIGH,False,PROVISIONAL
App Store,13681511706,2026-01-27T12:51:01+00:00,1,K xác nhận được khuôn mặt,"Cả buổi tối k xác nhận được khuôn mặt bực cả mình
Người ta canh góc nhìn thẳng vào cam rồi. Chỉnh rất nhiều lần vẫn k xác nhận đc",True,1,NEGATIVE,True,YES,AUTHENTICATION_IOTP,,LOGIN_AUTHENTICATION,HIGH,HIGH,False,PROVISIONAL
Google Play,0eeeb54d-31ef-476a-8384-c82d9b67a24d,2026-01-27T14:05:42+00:00,3,,sử dụng rất tốt nhưng 2 hôm nay ở mục chỉ số mình không kéo xem được là sao ... các mục chỉ số phái sinh ở phía dưới không kéo xuống xem được,True,1,MIXED,True,YES,UX_NAVIGATION_COMPLEXITY,,PRODUCT_DISCOVERY_MARKET_DATA,MEDIUM,HIGH,False,PROVISIONAL
App Store,13683768965,2026-01-28T02:17:40+00:00,1,Chất lượng dịch vụ rất tệ và máy móc,"Chất lượng dịch vụ rất tệ và máy móc (cập nhật CCCD 3 lần không được và không hề có nhân sự hỗ trợ, sử dụng chức năng Hỗ trợ trong App cũng không được)",True,1,NEGATIVE,True,YES,ACCOUNT_RECOVERY_PROFILE_CHANGE,,ACCOUNT_PROFILE_MAINTENANCE,HIGH,HIGH,False,PROVISIONAL
App Store,13684259604,2026-01-28T06:01:09+00:00,2,App crash,App bị crash trên ios 15.8.5,True,1,NEGATIVE,True,YES,MOBILE_TABLET_RESPONSIVENESS,,GENERAL_CROSS_JOURNEY,HIGH,HIGH,False,PROVISIONAL
Google Play,4969ce69-82b9-43de-833a-e3fb4173cb95,2026-01-28T09:21:50+00:00,1,,"App hay crash một cách vô cớ, bật không lên, dù đã gỡ đi và cài lại. Làm cái app không ra hồn!!!",True,1,NEGATIVE,True,YES,PERFORMANCE_RELIABILITY,,GENERAL_CROSS_JOURNEY,HIGH,HIGH,False,PROVISIONAL
Google Play,a8c833fb-d991-4ed4-8ec3-eac4602bb61f,2026-01-28T14:05:58+00:00,1,,tôi thắc mắc nhân viên tcbs có biết đọc không 😄,True,1,NEGATIVE,True,UNCLEAR,OTHER,,UNKNOWN,LOW,LOW,True,PROVISIONAL
App Store,13692057749,2026-01-30T07:14:51+00:00,1,Không giao dịch lô lẻ được,"Tôi đã từng sử dụng VPS và VND giao dịch lô lẻ rất đơn giản, còn bên công ty này giao dịch lô lẻ phải lên máy tính. Mà đặt lệnh xong vẫn không giao dịch được, công nghệ kém",True,1,NEGATIVE,True,YES,MARKET_RESEARCH_RECOMMENDATION_UTILITY,,TRADING_ORDER_MANAGEMENT,MEDIUM,HIGH,False,PROVISIONAL
Google Play,bd4b1420-3cb0-4f0f-90c0-9c91f9b63898,2026-01-30T20:57:43+00:00,2,,"lag, lệnh đặt không được có độ trễ khớp lệnh trên bảng điện. phần chỉ số không kéo xuống coi tổng quan được.",True,2,NEGATIVE,True,YES,TRADING_ORDER_EXECUTION,,TRADING_ORDER_MANAGEMENT,MEDIUM,HIGH,False,PROVISIONAL
App Store,13703439891,2026-02-02T03:51:19+00:00,1,Thời gian xác thực lâu,Thời gian xác thực lâu,True,1,NEGATIVE,True,YES,ONBOARDING_KYC,,ACCOUNT_OPENING_KYC,MEDIUM,MEDIUM,True,PROVISIONAL
Google Play,905e75f6-8a68-4b8a-8766-a64ee3e0b043,2026-02-02T15:17:42+00:00,1,,"phí giao dịch 0.03, nhưng app tệ, giao diện khó sử dụng. giao dịch trên TCBS mà phải xem bảng giá bằng SSI, theo dõi danh mục bằng Excel thủ công. thực sự TCBS ngoài phí rẻ ra thì app quá tệ luôn.",True,1,NEGATIVE,True,YES,UX_NAVIGATION_COMPLEXITY,,GENERAL_CROSS_JOURNEY,MEDIUM,HIGH,False,PROVISIONAL
App Store,13709946802,2026-02-03T22:20:30+00:00,2,Tệ,Cskh AI quá tệ,True,1,NEGATIVE,True,YES,AI_SUPPORT_CONTEXT_QUALITY,,CUSTOMER_SUPPORT,MEDIUM,HIGH,False,PROVISIONAL
Google Play,9e7a5f33-408c-4d29-8a47-600164f61346,2026-02-04T00:22:03+00:00,1,,"Làm cái biểu đồ ""Tài sản"" hiện được mỗi Tổng quan. còn Tab Tiền, IPower,Cổ phiếu, Trái phiếu... lại không hiển thì dc biểu đồ tỷ lệ % danh mục. Đang ngon giờ đổi lại chả ra cái hệ thống cống rãnh gì.",True,1,NEGATIVE,True,YES,PRODUCT_PORTFOLIO_INFORMATION,,PORTFOLIO_TRACKING,MEDIUM,HIGH,False,PROVISIONAL
App Store,13710503150,2026-02-04T02:11:48+00:00,1,Thiết kế UX app rất ngu,"Cái cần thiết là thao tác trên app nhanh, tiện, chính xác chứ không phải nhét cả đống thứ vô làm rối rắm và thao tác chậm, không chính xác.",True,1,NEGATIVE,True,YES,UX_NAVIGATION_COMPLEXITY,,GENERAL_CROSS_JOURNEY,MEDIUM,HIGH,False,PROVISIONAL
App Store,13711043247,2026-02-04T06:30:34+00:00,1,cộng đồng không lành mạnh,"ứng dụng này tôi có thể đánh giá 5 sao nhưng cộng đồng trên ứng dụng TCBS này thì 1 sao vì đầu tư dưới 3 triệu,mà những người đó chửi những lời thô tục và kinh bỉ,sỉ nhục và lăng mạ tôi.",True,1,NEGATIVE,True,YES,OTHER,,GENERAL_CROSS_JOURNEY,MEDIUM,HIGH,False,PROVISIONAL
Google Play,21087ebd-11dc-4cb5-932b-a6f23c675263,2026-02-04T14:38:16+00:00,1,,"lúc nào cũng đòi đăng nhập lại. mà thoát ra thoát vào cái bảng giá đứng im luôn ko có cập nhật. lúc mua cp thì ko có hiển thị dữ liệu để kiểm tra lại, nếu bấm lỡ tay là đi luôn. lúc mà thiếu tiền thi ko báo tự động rút tài khoản ngân hàng.",True,3,NEGATIVE,True,YES,AUTHENTICATION_IOTP,,LOGIN_AUTHENTICATION,MEDIUM,HIGH,False,PROVISIONAL
App Store,13714566655,2026-02-05T05:19:24+00:00,1,Cá con,"App chán toàn đơ lag lúc cao điểm giờ thêm bảo trì vào thời gian gd. Giam chân nđt.
Mua điện thoại mới đăng nhập không được mặc dù có số tk và mật khẩu và Sdt chính chủ rồi. Bắt xác nhận điện thoại cũ (đã cho và đã cài lại máy và người nhận cũng đã đi xa) rất bất tiện. Vậy trường hợp mất máy thì làm sao xác nhận được. Cần cải cách lại có số tk, mk, sdt để xác nhận otp là đc rồi. Bảo mật là rất tốt nhưng bảo mật như này là quá cứng nhắc gây phiền hà mất thời gian của nđt",True,1,NEGATIVE,True,YES,AUTHENTICATION_IOTP,,LOGIN_AUTHENTICATION,HIGH,HIGH,False,PROVISIONAL
Google Play,5e88b23d-0167-4f32-ae50-15e89a350a98,2026-02-06T09:41:41+00:00,1,,"trải nghiệm ui/ux quá tệ , thay đổi thông tin thì lâu , hộ trợ cũng lơ Nga lơ ngơ",True,1,NEGATIVE,True,YES,UX_NAVIGATION_COMPLEXITY,,GENERAL_CROSS_JOURNEY,MEDIUM,HIGH,False,PROVISIONAL
App Store,13729429377,2026-02-09T04:49:57+00:00,4,Diss app,"mình vào bằng iPad không vào được toàn bị văng ra. 
Bộ phận ít xử lý sớm để có thể sử dụng được ở trên iPad",True,1,NEGATIVE,True,YES,MOBILE_TABLET_RESPONSIVENESS,,GENERAL_CROSS_JOURNEY,HIGH,HIGH,False,PROVISIONAL
App Store,13729660566,2026-02-09T06:48:31+00:00,1,"Trải nghiệm rất tệ, xử lý lâu",Khuyên ko nên dùng,True,1,NEGATIVE,True,YES,OTHER,,GENERAL_CROSS_JOURNEY,MEDIUM,LOW,True,PROVISIONAL
Google Play,9515fe76-2a00-494d-aa0a-79d882d1665b,2026-02-09T11:11:46+00:00,1,,Bắt khách cài lại mk đến chục lần chưa xong,True,1,NEGATIVE,True,YES,ACCOUNT_RECOVERY_PROFILE_CHANGE,,ACCOUNT_PROFILE_MAINTENANCE,HIGH,HIGH,False,PROVISIONAL
App Store,13732547803,2026-02-10T01:29:15+00:00,1,thiết kế mua bán ngu,Công ty lớn mà thiết kế chức năng mua bán ngu k thể tả nôi,True,1,NEGATIVE,True,YES,UX_NAVIGATION_COMPLEXITY,,TRADING_ORDER_MANAGEMENT,MEDIUM,MEDIUM,True,PROVISIONAL
App Store,13733141742,2026-02-10T06:10:54+00:00,1,Nộp tiền cả ngày mới nổi,Nộp tiền vào tài khoản chứng khoán từ ngân hàng khác cả ngày mới nổi tiền. Rất bất tiện khi viết sai nội dung chuyển khoản. Dùng app khác thích hơn.,True,1,NEGATIVE,True,YES,DEPOSIT_WITHDRAWAL_TRANSFER,,FUNDING_CASH_TRANSFER,HIGH,HIGH,False,PROVISIONAL
Google Play,62c0e271-0108-42d1-b984-d8d269e8da8c,2026-02-10T18:57:05+00:00,1,,"app siêu tệ ,phí thời gian ,tiền bạc ,...",True,1,NEGATIVE,True,YES,OTHER,,GENERAL_CROSS_JOURNEY,MEDIUM,LOW,True,PROVISIONAL
Google Play,e848fbee-1472-45b5-a050-7ebe95952516,2026-02-11T06:22:22+00:00,1,,ngày 10.02.2026 lỗi không đăng nhập được,True,1,NEGATIVE,True,YES,AUTHENTICATION_IOTP,,LOGIN_AUTHENTICATION,HIGH,HIGH,False,PROVISIONAL
Google Play,119065d9-99bc-49a2-a9c7-60b5364fa4ea,2026-02-12T16:03:49+00:00,5,,ok Tôi ưu lợi nhuận,False,0,POSITIVE,False,YES,,,,NONE,HIGH,False,PROVISIONAL
App Store,13757354364,2026-02-16T23:57:51+00:00,5,Tốt,App rất tuyệt vời chuyên nghiệp,False,0,POSITIVE,False,YES,,,,NONE,HIGH,False,PROVISIONAL
Google Play,729f405c-971f-47b7-803d-ed285f1e2299,2026-02-22T01:15:19+00:00,5,,ok,False,0,POSITIVE,False,YES,,,,NONE,HIGH,False,PROVISIONAL
App Store,13779252669,2026-02-23T03:18:07+00:00,1,.,"App lỗi, khi đang xem bảng giá rất hay bị tải lại",True,1,NEGATIVE,True,YES,MARKET_DATA_STALENESS_ACCURACY,,PRODUCT_DISCOVERY_MARKET_DATA,MEDIUM,HIGH,False,PROVISIONAL
App Store,13781072372,2026-02-23T15:53:23+00:00,1,Tệ,Không nhận diện được mặt. Giao diện tệ,True,2,NEGATIVE,True,YES,AUTHENTICATION_IOTP,,LOGIN_AUTHENTICATION,HIGH,HIGH,False,PROVISIONAL
App Store,13782975799,2026-02-24T04:58:13+00:00,5,Tiên phong đi đầu,"Nhanh chóng, chính xác, dễ xử dụng. Nói ngắn gọn dị thui :3",False,0,POSITIVE,False,YES,,,,NONE,HIGH,False,PROVISIONAL
Google Play,bd9c1fa8-0b6c-4eca-a793-693a8fe25c9a,2026-02-24T22:37:40+00:00,1,,ứng dụng tồi. từ tết đến giờ k đăng nhập nổi,True,1,NEGATIVE,True,YES,AUTHENTICATION_IOTP,,LOGIN_AUTHENTICATION,HIGH,HIGH,False,PROVISIONAL
App Store,13785895204,2026-02-25T00:43:08+00:00,1,CKS RẤT TỆ,"Khi gặp vấn đề cần hỗ trợ, gọi điện toàn gặp mấy con bot tự động rất mất thời gian và không giải quyết được vấn đề.",True,1,NEGATIVE,True,YES,AI_SUPPORT_CONTEXT_QUALITY,,CUSTOMER_SUPPORT,HIGH,HIGH,False,PROVISIONAL
App Store,13785950483,2026-02-25T01:05:42+00:00,1,App ép người dùng,Mới khai thông tin đã bắt gán ghép người dùng có số tài khoản.,True,1,NEGATIVE,True,YES,OTHER,,ACCOUNT_OPENING_KYC,MEDIUM,MEDIUM,True,PROVISIONAL
Google Play,13e0c0e6-6e6c-4bdb-b12e-8fedf3068801,2026-02-25T12:21:00+00:00,2,,Dăng ký ol mà lâu vl,True,1,NEGATIVE,True,YES,ONBOARDING_KYC,,ACCOUNT_OPENING_KYC,MEDIUM,MEDIUM,True,PROVISIONAL
App Store,13790529670,2026-02-26T07:46:59+00:00,1,Chương trình khuyến mãi lừa đảo,"Làm gami mà mở hết 26 bao toàn lời chúc, thà không làm còn hơn",True,1,NEGATIVE,True,YES,OTHER,,CUSTOMER_SUPPORT,MEDIUM,MEDIUM,True,PROVISIONAL
Google Play,ee6e4be6-1988-40be-881d-d7ea9b5bab8d,2026-02-27T12:31:05+00:00,1,,phần nhận diện khuôn mặt mãi không nhận diện đc.,True,1,NEGATIVE,True,YES,AUTHENTICATION_IOTP,,LOGIN_AUTHENTICATION,HIGH,HIGH,False,PROVISIONAL
App Store,13800783800,2026-03-01T01:58:26+00:00,1,Không mở được trên ipad pro M4,"Ứng dụng không thể mở được trên ipad pro m4, mỗi lần muốn mở thì phải cài đặt lại, nhưng các lần tiếp theo lại không mở được",True,1,NEGATIVE,True,YES,MOBILE_TABLET_RESPONSIVENESS,,GENERAL_CROSS_JOURNEY,HIGH,HIGH,False,PROVISIONAL
Google Play,eddf39d9-bd84-4593-8b55-0d8756ca835e,2026-03-01T19:01:57+00:00,1,,ap lỏ vl,True,1,NEGATIVE,True,UNCLEAR,OTHER,,UNKNOWN,LOW,LOW,True,PROVISIONAL
App Store,13804511641,2026-03-02T01:52:36+00:00,1,Đăng ký tài khoản mới,"App ko cần người dùng hả ta, đăng ký mấy hôm rồi mà đang xác thực cứ bị văng ra ngoài là thế nào nhỉ",True,1,NEGATIVE,True,YES,ONBOARDING_KYC,,ACCOUNT_OPENING_KYC,HIGH,HIGH,False,PROVISIONAL
App Store,13805123311,2026-03-02T06:56:54+00:00,1,App Lỗi,"Cập nhật căn cước bị từ chối, không xử lí cho nhà đầu tư, duyệt căn cước phải mất 2 ngày giao dịch. Lúc tải app thì bình thường, nạp tiền vào mới bắt cập nhật. Là sao vậy?",True,1,NEGATIVE,True,YES,ACCOUNT_RECOVERY_PROFILE_CHANGE,,ACCOUNT_PROFILE_MAINTENANCE,HIGH,HIGH,False,PROVISIONAL
App Store,13807938938,2026-03-03T01:24:10+00:00,3,Chán,Cập nhật cũng ko thông báo với user làm app lag lag,True,1,MIXED,True,YES,NOTIFICATION_COMMUNICATION,,GENERAL_CROSS_JOURNEY,MEDIUM,HIGH,False,PROVISIONAL
App Store,13807943183,2026-03-03T01:25:56+00:00,1,App có vấn đề,Lúc cần vào giao dịch đặt lệnh thì không vào được. Quá chán,True,1,NEGATIVE,True,YES,TRADING_ORDER_EXECUTION,,TRADING_ORDER_MANAGEMENT,HIGH,HIGH,False,PROVISIONAL
App Store,13807955502,2026-03-03T01:30:56+00:00,1,lỗi,"nhập mk không vào được, app cũng không thông báo do sai mk hay lỗi app",True,1,NEGATIVE,True,YES,AUTHENTICATION_IOTP,,LOGIN_AUTHENTICATION,HIGH,HIGH,False,PROVISIONAL
App Store,13807964744,2026-03-03T01:34:43+00:00,1,"105CA24866 ứng dụng mượt, phí thấp",Lúc cần vào bán thì lỗi. Thiệt hại lớn,True,1,NEGATIVE,True,YES,TRADING_ORDER_EXECUTION,,TRADING_ORDER_MANAGEMENT,HIGH,HIGH,False,PROVISIONAL
Google Play,d04467b7-c165-407c-842a-05c55fccf017,2026-03-03T08:07:42+00:00,1,,"sau trải nghiệm dki 3 ngày vẫn chưa dc duyệt, ban đầu thích bao nhiêu thì bây giờ thất vọng bấy nhiêu. chưa dùng đã ức chế như này rồi. TCBS mất uy tín",True,1,NEGATIVE,True,YES,ONBOARDING_KYC,,ACCOUNT_OPENING_KYC,HIGH,HIGH,False,PROVISIONAL
Google Play,14df952c-2772-4273-b198-3e86db37e3ad,2026-03-04T11:00:49+00:00,1,,"App chậm, load lâu, 11h mà chạy ko nổi chứ nói gì thời điểm 14h15 trở đi. Mn cân nhắc khi đăng kí.",True,1,NEGATIVE,True,YES,PERFORMANCE_RELIABILITY,,GENERAL_CROSS_JOURNEY,HIGH,HIGH,False,PROVISIONAL
Google Play,b18d976a-6d3f-4198-b4cd-5820f3c8abee,2026-03-04T16:34:31+00:00,1,,Rút ký quỹ phái sinh mà hơn cả gần 2 tiếng tiền chưa về. Sợ hãi thật,True,1,NEGATIVE,True,YES,DEPOSIT_WITHDRAWAL_TRANSFER,,FUNDING_CASH_TRANSFER,HIGH,HIGH,False,PROVISIONAL
Google Play,6641bc0e-8cf4-4608-ad69-285df0b314be,2026-03-05T13:22:10+00:00,1,,"App này lỗi nhiều kinh khủng nha quý vị. Cùng cổ phiếu phát hành thêm, FPTS, VCI đã cho giao dịch thì TBCS vẫn khóa. Chậm hơn vài tiếng mới giao dịch dc. Cổ phiếu mua 5.300 cổ đến T+2 chỉ được giao dịch 100 cổ, phần còn lại ko thấy hiển thị ở đâu luôn. Liên hệ trợ giúp thì cực kỳ lâu mới phản hồi và phản hồi cũng chẳng giúp dc gì. Chỉ đổ cho lý do này kia bla bla bla. Mọi người tham khảo thêm khi sử dụng app này nhé.",True,2,NEGATIVE,True,YES,TRADING_ORDER_EXECUTION,,TRADING_ORDER_MANAGEMENT,HIGH,HIGH,False,PROVISIONAL
App Store,13818840202,2026-03-06T06:47:39+00:00,1,Lỗi,Không sửa và huỷ lệnh được,True,1,NEGATIVE,True,YES,TRADING_ORDER_EXECUTION,,TRADING_ORDER_MANAGEMENT,HIGH,HIGH,False,PROVISIONAL
Google Play,d8a64903-58c4-4159-884f-be5a0131e94f,2026-03-07T18:52:25+00:00,1,,dịch vụ bố mẹ khách hàng,True,1,NEGATIVE,True,UNCLEAR,OTHER,,UNKNOWN,LOW,LOW,True,PROVISIONAL
Google Play,59a17ffa-0cab-481a-8e5c-46a6c7f81924,2026-03-07T21:31:05+00:00,1,,đăng ký cả buổi chả được. quá tệ,True,1,NEGATIVE,True,YES,ONBOARDING_KYC,,ACCOUNT_OPENING_KYC,HIGH,HIGH,False,PROVISIONAL
Google Play,e4d92484-359e-4a4c-a6d6-a3dacbde2a76,2026-03-10T13:14:01+00:00,1,,không mua được mã,True,1,NEGATIVE,True,YES,TRADING_ORDER_EXECUTION,,TRADING_ORDER_MANAGEMENT,HIGH,HIGH,False,PROVISIONAL
App Store,13836082606,2026-03-11T07:57:39+00:00,1,Có đổi số điện thoại không mà support lâu bắt đợi 1 tuần,"Khuyên thật mn không nên giao dịch sàn này, thay đổi số điện thoại thôi mà bắt đợi 1 tuần, support nhắn tin tiếng rep 1 lần",True,1,NEGATIVE,True,YES,ACCOUNT_RECOVERY_PROFILE_CHANGE,,ACCOUNT_PROFILE_MAINTENANCE,HIGH,HIGH,False,PROVISIONAL
Google Play,0a5262e3-0527-40a6-9611-44eb3b1d1c7f,2026-03-11T09:41:28+00:00,1,,"Rút có 1đ để test mà còn rườm rà bảo đổi iTOP gì đó rồi thì sau 24h mới cho rút, vãi thật",True,1,NEGATIVE,True,YES,DEPOSIT_WITHDRAWAL_TRANSFER,,FUNDING_CASH_TRANSFER,HIGH,HIGH,False,PROVISIONAL
Google Play,19822191-5066-4695-b3cb-6420cd103f97,2026-03-11T23:22:23+00:00,1,,Cập nhật khuôn mặt không được. Bắt làm trong 30s rất dốt,True,1,NEGATIVE,True,YES,AUTHENTICATION_IOTP,,LOGIN_AUTHENTICATION,HIGH,HIGH,False,PROVISIONAL
App Store,13838846691,2026-03-12T02:21:41+00:00,1,K thể quét QR ở Cccd khi ekyc,App bắt ekyc nhưng đến bước quét qr ở cccd thì k thể quét được. Team dev check lại vì nó block luồng,True,1,NEGATIVE,True,YES,ONBOARDING_KYC,,ACCOUNT_OPENING_KYC,HIGH,HIGH,False,PROVISIONAL
Google Play,26405e29-6e00-44eb-8547-08c38fa7beca,2026-03-12T12:17:15+00:00,4,,phần tài khoản cho con nên thêm vào mua quỹ thay vì chứng khoán vì an toàn và ổn định hơn.,True,1,MIXED,False,YES,OTHER,,PRODUCT_DISCOVERY_MARKET_DATA,LOW,HIGH,False,PROVISIONAL
App Store,13846427918,2026-03-14T08:27:26+00:00,5,ap ok mà .còn được hay không thì do kiến thức và kinh nghiệm của bản thân,lúc đầu cũng tải nhiều app coi sao sau nhưng sau 1 thời gian lấy app này ổn định dùng luôn đc 5năm rồi,False,0,POSITIVE,False,YES,,,,NONE,HIGH,False,PROVISIONAL
App Store,13852640366,2026-03-16T00:50:32+00:00,1,Ap chán,"Nạp tiền thì nhanh, rút tiền thì 3 ngày chưa về lần đầu cũng là lần cuối sd ap",True,1,NEGATIVE,True,YES,DEPOSIT_WITHDRAWAL_TRANSFER,,FUNDING_CASH_TRANSFER,HIGH,HIGH,False,PROVISIONAL
App Store,13853301981,2026-03-16T06:23:47+00:00,1,Tệ,Người dùng đã cố ý tắt thông báo rồi cứ bật popup bảo mở thông báo. Quá phiền,True,1,NEGATIVE,True,YES,NOTIFICATION_COMMUNICATION,,GENERAL_CROSS_JOURNEY,MEDIUM,HIGH,False,PROVISIONAL
Google Play,15b38521-f61d-4553-8c4f-b5b50af77862,2026-03-17T08:01:44+00:00,1,,App cc gì nửa năm rồi ko thèm cập nhật. báo lỗi kết lỗi mạng cứ bắt tải lại trong khi đt vẫn vào mạng bình thường,True,1,NEGATIVE,True,YES,PERFORMANCE_RELIABILITY,,GENERAL_CROSS_JOURNEY,HIGH,HIGH,False,PROVISIONAL
App Store,13857042814,2026-03-17T09:30:42+00:00,4,Lack of english notes and support in app and app notes,"App notes are all in Vietnamese and updates only in Vietnamese even though app is multilingual.
Many app notifications and critical password and login screens are in Vietnamese even in the english version",True,1,MIXED,True,YES,OTHER,,GENERAL_CROSS_JOURNEY,MEDIUM,HIGH,False,PROVISIONAL
Google Play,93b32545-25cd-443c-8eca-c05809363539,2026-03-17T19:08:37+00:00,1,,Chức năng cơ bản (đặt lệnh định kỳ) còn lỗi. Báo customer support thì bảo ghi nhận rồi ghost.,True,2,NEGATIVE,True,YES,TRADING_ORDER_EXECUTION,,TRADING_ORDER_MANAGEMENT,HIGH,HIGH,False,PROVISIONAL
Google Play,93bd1c81-35e4-4c3a-8a28-17d936daca9c,2026-03-18T10:29:26+00:00,1,,"app thường xuyên đứng, giật lag",True,1,NEGATIVE,True,YES,PERFORMANCE_RELIABILITY,,GENERAL_CROSS_JOURNEY,MEDIUM,HIGH,False,PROVISIONAL
App Store,13867043839,2026-03-20T06:43:55+00:00,1,Tệ hại,Xử lý chậm chạm thời bao cấp,True,1,NEGATIVE,True,YES,OTHER,,GENERAL_CROSS_JOURNEY,MEDIUM,LOW,True,PROVISIONAL
App Store,13867670560,2026-03-20T11:43:47+00:00,1,Bật thông báo,Tôi tắt thông báo trong cài đặt nhưng App luôn yêu cầu bật thông báo.,True,1,NEGATIVE,True,YES,NOTIFICATION_COMMUNICATION,,GENERAL_CROSS_JOURNEY,MEDIUM,HIGH,False,PROVISIONAL
Google Play,ba7b917f-dc3a-47e8-9671-2590c822472b,2026-03-23T10:50:55+00:00,1,,"trải nghiệm quá tệ, chờ mòn mỏi không gửi OTP để đặt lệnh mua. Muốn rút tiền ra cũng không biết làm cách nào. Gọi tổng đài hỗ trợ thì không liên hệ được, mọi người nên gỡ app không nên dùng.",True,2,NEGATIVE,True,YES,AUTHENTICATION_IOTP,,TRADING_ORDER_MANAGEMENT,HIGH,HIGH,False,PROVISIONAL
Google Play,bc3089a0-7e6a-4841-b345-f751fd12f23d,2026-03-25T02:54:24+00:00,3,,"- Nạp tiền thì trừ trong ngân hàng liền, mà tiền thì vô chậm, mấy tiếng sau mới vào - Mỗi lần vô app đều vô thẳng ko có bảo mật gì, hình như 1 ngày thì mới tái khởi động lại vân tay. - Bảng tab các chỉ số thì ko kéo đc, chỉ hiện có vài chỉ số rồi đứng ngang - giao diện khó hiểu, ko trực quan",True,4,MIXED,True,YES,DEPOSIT_WITHDRAWAL_TRANSFER,,FUNDING_CASH_TRANSFER,MEDIUM,HIGH,False,PROVISIONAL
App Store,13884487026,2026-03-25T06:45:50+00:00,1,Lỗi,Widget bị lỗi phiên đăng nhập đã hết hạn dù đã đăng nhập rồi. Thường xuyên bị lỗi vừa mở app đã bị dừng đột ngột,True,2,NEGATIVE,True,YES,MARKET_DATA_STALENESS_ACCURACY,,PRODUCT_DISCOVERY_MARKET_DATA,HIGH,HIGH,False,PROVISIONAL
App Store,13898550807,2026-03-29T03:44:39+00:00,5,Nhiều tính năng,App xịn bảo mật tốt quá nhiều tính năng luôn giao diện đẹp mắt,False,0,POSITIVE,False,YES,,,,NONE,HIGH,False,PROVISIONAL
App Store,13902315721,2026-03-30T05:12:35+00:00,1,Xử lý cho khách hàng chậm,Mình không hiểu sao xử lý thay đổi thông tin khách hàng kiểu gì mà 2 tuần rồi mà không được. Hỗ trợ khách hàng thì trả lời rất mượt mà xử lý giải quyết cho khác hàng thì rất kém. Sau lần này mình sẽ chuyển hết sang sàn khác dùng. Có thay đổi mỗi thông tin khách hàng mà chính chủ khách hàng đi thay đổi mà còn xử lý hết lần này lần khác. Nhiều quan chức để xét duyệt quá…,True,1,NEGATIVE,True,YES,ACCOUNT_RECOVERY_PROFILE_CHANGE,,ACCOUNT_PROFILE_MAINTENANCE,HIGH,HIGH,False,PROVISIONAL
Google Play,04d4c814-7047-419f-9f32-0b9a404a62ae,2026-03-31T12:35:40+00:00,2,,"nay mở app không được, bấm vào sau 1 lát bị màn hình đen, đã xóa và tải lại nhưng vẫn không được",True,1,NEGATIVE,True,YES,PERFORMANCE_RELIABILITY,,GENERAL_CROSS_JOURNEY,HIGH,HIGH,False,PROVISIONAL
App Store,13910455012,2026-04-01T12:29:59+00:00,1,Trừ tiền hãm,Bị trừ tiền nghĩa vụ chứng khoáng gần 600k trong khi mới mua được 500k thử chơi ????? Bớt bào .,True,1,NEGATIVE,True,YES,FEE_PRICING,,FUNDING_CASH_TRANSFER,HIGH,HIGH,False,PROVISIONAL
App Store,13912796083,2026-04-02T02:43:06+00:00,1,Hệ thống hỗ trợ rất tệ,"Tôi có trải nghiệm rất tệ TCBS, giao dịch bên này thông báo dao dịch trừ tiền không rõ ràng, trừ tiền mà không thấy thông báo trong mail hay mục thông báo. Khi liên hệ hỗ trợ thì cho robot nói chuyện hỏi một hồi cảm thấy tức điên vì robot không hiểu vấn đề mình cần hỗ trợ, toàn lặp đi lặp lại cái gì đâu không. Liên hệ qua Zalo thì chờ nhắn tin trả lời rất lâu, rất mất thời gian. Bên này không có chuyên viên hỗ trợ. Một trải nghiệm rất tệ.",True,2,NEGATIVE,True,YES,NOTIFICATION_COMMUNICATION,,FUNDING_CASH_TRANSFER,HIGH,HIGH,False,PROVISIONAL
Google Play,35551fc6-f964-4261-93a1-b06b1d12f38a,2026-04-06T06:25:23+00:00,5,,"đang dùng bt, chưa thấy lỗi",False,0,POSITIVE,False,YES,,,,NONE,HIGH,False,PROVISIONAL
Google Play,7e63a66f-18e9-445a-8348-dbcf097c4fc9,2026-04-07T16:24:17+00:00,1,,"Cũng của techcombank mà app này giao diện dở tệ quá, lỗi tính năng nữa",True,1,NEGATIVE,True,YES,UX_NAVIGATION_COMPLEXITY,,GENERAL_CROSS_JOURNEY,MEDIUM,HIGH,False,PROVISIONAL
App Store,13934417294,2026-04-08T03:52:30+00:00,1,Dịch vụ quá kém.,"Gọi tổng đài báo bận đá sang chát zalo, face... ko giải quyết đc vấn đề",True,1,NEGATIVE,True,YES,CUSTOMER_SUPPORT,,CUSTOMER_SUPPORT,HIGH,HIGH,False,PROVISIONAL
Google Play,419c55b8-4ad2-4635-86f5-ae0c0f00c000,2026-04-08T12:51:16+00:00,1,,"app lỗi quá nhiều, quá tệ, khả năng quý 2 quý 3 thị phần đi xuống",True,1,NEGATIVE,True,YES,PERFORMANCE_RELIABILITY,,GENERAL_CROSS_JOURNEY,MEDIUM,MEDIUM,True,PROVISIONAL
App Store,13952806460,2026-04-13T07:57:39+00:00,1,App lỗi,Dùng Ai nhiều quá mà không kiểm tra xem ai có chạy được hay không. Tuy áp nhiều tính năng hay nhưng nhân viên hoạt động rất lười làm việc. Đăng ký không gửi được otp. Delay lâu rồi gửi 1 đống. Nhận xác thực chậm. Kyc không hoạt động được. Áp không cho gửi góp ý. Như bịp,True,2,NEGATIVE,True,YES,AI_SUPPORT_CONTEXT_QUALITY,,CUSTOMER_SUPPORT,HIGH,HIGH,False,PROVISIONAL
App Store,13953085318,2026-04-13T10:16:19+00:00,4,App dùng ổn nhưng còn một số lỗi,"Phần đặt lệnh định kỳ đang có khá nhiều lỗi, giá trị ước tính vượt xa giá trị hiện tại của cổ phiếu, 1000 E1VFVN30 mà ước tính trên 200 triệu??. Khi đặt lệnh xong và xem chi tiết lệnh thì hiển thị “Ngày undefined hàng tháng”.",True,1,MIXED,True,YES,TRADING_ORDER_EXECUTION,,TRADING_ORDER_MANAGEMENT,MEDIUM,HIGH,False,PROVISIONAL
App Store,13953572832,2026-04-13T13:21:12+00:00,2,Chất lượng app kém,"UX của app không thân thiện UI cũng không hiện đại, FE code chưa tốt app lag hoạt ảnh giữa màn hình không mượt. Chưa dùng nhiều nên chưa đánh giá được hệ thống BE.",True,1,NEGATIVE,True,YES,UX_NAVIGATION_COMPLEXITY,,GENERAL_CROSS_JOURNEY,MEDIUM,HIGH,False,PROVISIONAL
Google Play,6e6df48f-c089-4136-aba5-3b9c5dce6ae6,2026-04-14T09:25:40+00:00,1,,tính thuế bán cao vcl,True,1,NEGATIVE,True,YES,FEE_PRICING,,FUNDING_CASH_TRANSFER,HIGH,HIGH,False,PROVISIONAL
Google Play,424f7be0-92d0-4639-b484-7a74e7874cce,2026-04-15T14:24:45+00:00,4,,cập nhật giá nav chậm,True,1,MIXED,True,YES,MARKET_DATA_STALENESS_ACCURACY,,PRODUCT_DISCOVERY_MARKET_DATA,MEDIUM,HIGH,False,PROVISIONAL
Google Play,12a15533-34a5-4b70-8535-3bee8c3a3f30,2026-04-15T15:39:08+00:00,5,,ok,False,0,POSITIVE,False,YES,,,,NONE,HIGH,False,PROVISIONAL
Google Play,4f426382-5cd0-4c4f-8ec6-7b3912930e9a,2026-04-16T08:57:43+00:00,2,,"từ 15/4/2026 đến nay tôi không mở được ứng dụng này trên điện thoại để xác nhận giao dịch, đang cảm thấy lo lắng và bực mình đây",True,1,NEGATIVE,True,YES,PERFORMANCE_RELIABILITY,,GENERAL_CROSS_JOURNEY,HIGH,HIGH,False,PROVISIONAL
Google Play,c5d09130-930e-454b-9af7-fda1b6a1da19,2026-04-16T10:11:05+00:00,2,,lỗi ko đăng nhập dc.,True,1,NEGATIVE,True,YES,AUTHENTICATION_IOTP,,LOGIN_AUTHENTICATION,HIGH,HIGH,False,PROVISIONAL
Google Play,8601f3eb-e66c-468b-a6cc-f536335533e3,2026-04-16T12:13:29+00:00,1,,16.04.2026 đăng nhập liên tục mà không vào được gọi điện thoạ gần 10 cuộc cũng không được nhắn tin thì cho con AI ngoo ngốc trả lời. khó hiểu thật sự,True,2,NEGATIVE,True,YES,AUTHENTICATION_IOTP,,LOGIN_AUTHENTICATION,HIGH,HIGH,False,PROVISIONAL
Google Play,8c8bebe4-06ea-4546-9533-66d3e4d79109,2026-04-16T12:55:30+00:00,5,,"nếu có bản tối ưu cho table màn hình ngang thì tốt quá, dễ theo dõi biểu đồ hơn",True,1,NEUTRAL,False,YES,OTHER,,PRODUCT_DISCOVERY_MARKET_DATA,LOW,HIGH,False,PROVISIONAL
Google Play,a709540e-8ccf-43a1-9967-bd19a5bf834b,2026-04-16T14:19:44+00:00,1,,phần mềm quá tệ không vào được lỗi tùm lum. liên hệ thì cho con robot trả lời có âm sao chắc cho luôn âm.,True,2,NEGATIVE,True,YES,PERFORMANCE_RELIABILITY,,GENERAL_CROSS_JOURNEY,HIGH,HIGH,False,PROVISIONAL
Google Play,aed07819-1561-4bc9-8bc2-d91999923cd1,2026-04-16T14:24:53+00:00,1,,App vô bị đá ra liên tục s24ultra chứ phải đt dỏm đâu mà vậy,True,1,NEGATIVE,True,YES,MOBILE_TABLET_RESPONSIVENESS,,GENERAL_CROSS_JOURNEY,HIGH,HIGH,False,PROVISIONAL
Google Play,0396520b-fad4-4f75-b547-c52217fa760a,2026-04-16T21:05:19+00:00,1,,App cùi bắp văng app lỗi liên tục cả ngày ko ai fix,True,1,NEGATIVE,True,YES,PERFORMANCE_RELIABILITY,,GENERAL_CROSS_JOURNEY,HIGH,HIGH,False,PROVISIONAL
Google Play,03428347-9975-4510-a132-6bdefbeee40f,2026-04-16T22:15:02+00:00,1,,"Đội ngũ IT quản trị app quá kém, nếu sử dụng thường xuyên thì sẽ có ngày mất tiền oan",True,1,NEGATIVE,True,YES,PERFORMANCE_RELIABILITY,,GENERAL_CROSS_JOURNEY,MEDIUM,MEDIUM,True,PROVISIONAL
Google Play,ffb1654a-5c14-4fd1-adc2-fd6153767ac3,2026-04-17T09:16:26+00:00,1,,app crash liên tục hơn 1 ngày trời. xóa đi cài lại vẫn crash không vào được. mong sớm khắc phục,True,1,NEGATIVE,True,YES,PERFORMANCE_RELIABILITY,,GENERAL_CROSS_JOURNEY,HIGH,HIGH,False,PROVISIONAL
Google Play,9affbb8e-9af2-4acd-945b-ddcac4ea8907,2026-04-17T10:07:15+00:00,1,,"2 hôm nay ko thể vào đc, cứ bị văng ra ko cho đăng nhập, quá tệ",True,1,NEGATIVE,True,YES,AUTHENTICATION_IOTP,,LOGIN_AUTHENTICATION,HIGH,HIGH,False,PROVISIONAL
Google Play,5b3cf01d-5edb-4091-b0b1-76781aed1b30,2026-04-17T11:21:43+00:00,1,,"App quá tệ vừa vào là văng ra, mấy ngày liền ko làm được gì, tổng đài AI như đấm vào mõm khách hàng",True,2,NEGATIVE,True,YES,PERFORMANCE_RELIABILITY,,GENERAL_CROSS_JOURNEY,HIGH,HIGH,False,PROVISIONAL
Google Play,8832565b-75c1-45d2-8fc2-a846e4f983be,2026-04-17T11:21:53+00:00,5,,dễ dùng đó,False,0,POSITIVE,False,YES,,,,NONE,HIGH,False,PROVISIONAL
Google Play,52a1c486-e460-4653-804b-f0536d6c44b9,2026-04-17T13:17:19+00:00,1,,"17/4/2026 Là ngày thứ 2 app văng liên tục, không thể truy cập để giao dịch. Truy cập vào web cũng không được, vì cần xác thực Otp bằng app. Gọi tổng đài thì không có nhân viên, chỉ có AI trả lời. Gọi tổng đài Techcombank thì nhân viên báo không liên quan. Nếu có rủi ro không rút được tiền thì tự chịu. Tài sản của khách hàng, không thể tiếp cận, không thể giao dịch, chẳng khác nào bị đánh cắp mà trả lời trơn tuột như vậy thì uy tín ở đâu???",True,2,NEGATIVE,True,YES,PERFORMANCE_RELIABILITY,,GENERAL_CROSS_JOURNEY,HIGH,HIGH,False,PROVISIONAL
Google Play,769d1499-6547-4aec-a09c-b7618009c23b,2026-04-17T23:22:31+00:00,5,,"app tốt, nhiều chức năng, đặt lệnh nhanh và tiện dụng",False,0,POSITIVE,False,YES,,,,NONE,HIGH,False,PROVISIONAL
Google Play,1e1b223f-d11d-444b-a45b-43d096278d3a,2026-04-17T23:32:43+00:00,5,,Hỗ trợ quản lý gia sản tốt,False,0,POSITIVE,False,YES,,,,NONE,HIGH,False,PROVISIONAL
Google Play,81dc8f57-6659-4387-85ae-e2e77d05cb26,2026-04-21T10:44:40+00:00,1,,"không thể vào đc app, thế tiền của t định giải quyết như thế nào đấy",True,1,NEGATIVE,True,YES,PERFORMANCE_RELIABILITY,,GENERAL_CROSS_JOURNEY,HIGH,HIGH,False,PROVISIONAL
App Store,13987803897,2026-04-23T08:17:00+00:00,1,Đăng nhập lỗi,Đăng nhập toàn quay. Không vào được app,True,1,NEGATIVE,True,YES,AUTHENTICATION_IOTP,,LOGIN_AUTHENTICATION,HIGH,HIGH,False,PROVISIONAL
App Store,13991870835,2026-04-24T13:13:28+00:00,1,App gì mà ux khó dùng kinh khủng,"T dùng ssi 2 năm mở thêm tcbs dùng mà ux tệ kinh khủng, những flow cơ bản rất loàng ngoằng ko hiểu sd kiểu gì, thông tin qtrong cứ dấu đi đâu á. Rất tệ, nào bán cp xong chắc ko bh dùng lại app này, cũng hệ sinh thái Tech mà ux app tệ quá",True,1,NEGATIVE,True,YES,UX_NAVIGATION_COMPLEXITY,,GENERAL_CROSS_JOURNEY,MEDIUM,HIGH,False,PROVISIONAL
App Store,13994219702,2026-04-25T04:49:11+00:00,1,Tệ,"App lol, tư vấn và hợp đồng về vấn đề chuyển tiền ngân hàng và chuyển tiền bên app chứng khoán rất mập mờ nước đôi. Đến lúc khách hàng xảy ra vấn đề cần liên hệ thì nhân viên chỉ làm việc trong giờ hành chính, ngoài giờ hành chính thì ko xử lý",True,2,NEGATIVE,True,YES,CUSTOMER_SUPPORT,,CUSTOMER_SUPPORT,MEDIUM,MEDIUM,True,PROVISIONAL
Google Play,ee06b54b-4a02-491e-aa9d-e8d0e432e0b6,2026-04-25T17:46:51+00:00,1,,"cái hệ thống quét khuôn mặt nguuu lôl, ko có báo động là quét dc hay chưa, quét thì 60s 4 bức",True,1,NEGATIVE,True,YES,AUTHENTICATION_IOTP,,LOGIN_AUTHENTICATION,MEDIUM,HIGH,False,PROVISIONAL
App Store,14005255766,2026-04-28T09:55:55+00:00,5,Tải app không được,Phải chuyển vùng trên App Store mới tìm đc app này. Trong khi thấy những app khác của các ngân hàng hay SSI thì có. Ngộ vậy?,True,1,NEGATIVE,True,YES,OTHER,APP_STORE_REGION_AVAILABILITY,OTHER,LOW,MEDIUM,True,PROVISIONAL
App Store,14007792218,2026-04-29T02:25:11+00:00,1,Rác,Áp rác hay lỗi đơ ko mua bán được,True,1,NEGATIVE,True,YES,PERFORMANCE_RELIABILITY,,TRADING_ORDER_MANAGEMENT,HIGH,HIGH,False,PROVISIONAL
App Store,14007797037,2026-04-29T02:27:19+00:00,1,Không nên dùng,"App cập nhật dữ liệu lúc thị trường mở cửa, không giao dịch được, xứng đáng 1 sao",True,1,NEGATIVE,True,YES,PERFORMANCE_RELIABILITY,,TRADING_ORDER_MANAGEMENT,HIGH,HIGH,False,PROVISIONAL
App Store,14007807831,2026-04-29T02:32:14+00:00,1,App quá tệ,App lỗi thường xuyên. Gần nhất là sáng 29/4/2026,True,1,NEGATIVE,True,YES,PERFORMANCE_RELIABILITY,,GENERAL_CROSS_JOURNEY,HIGH,HIGH,False,PROVISIONAL
App Store,14007814276,2026-04-29T02:35:12+00:00,1,"App hay bị lỗi không giao dịch được. 29/4/2026 là một ví dụ. Công ty không xin lỗi, không phản hồi",App lỗi không gd được 29/4/2026,True,2,NEGATIVE,True,YES,PERFORMANCE_RELIABILITY,,TRADING_ORDER_MANAGEMENT,HIGH,HIGH,False,PROVISIONAL
App Store,14007817541,2026-04-29T02:36:39+00:00,1,Bực mình,"Vào ngày giao dịch lại đi cập nhật, đơ ra, làm người ta không giao dịch gì được. Thiệt hại tính bằng tiền đó!",True,1,NEGATIVE,True,YES,PERFORMANCE_RELIABILITY,,TRADING_ORDER_MANAGEMENT,HIGH,HIGH,False,PROVISIONAL
App Store,14007818169,2026-04-29T02:36:56+00:00,1,Không nên dùng,"Sàn gì mà 29/4/26 k cập nhập, k làm việc. App hay out ra load lại. Không muốn nặng lời nhưng phải dùng từ Ngu. Đã trải nghiệm 1 time",True,1,NEGATIVE,True,YES,PERFORMANCE_RELIABILITY,,GENERAL_CROSS_JOURNEY,HIGH,HIGH,False,PROVISIONAL
App Store,14007819853,2026-04-29T02:37:42+00:00,1,App lỗi liên tục,App lỗi nhất trong các công ty ck,True,1,NEGATIVE,True,YES,PERFORMANCE_RELIABILITY,,GENERAL_CROSS_JOURNEY,HIGH,HIGH,False,PROVISIONAL
App Store,14007820003,2026-04-29T02:37:46+00:00,1,Đơ,App suốt ngày lỗi,True,1,NEGATIVE,True,YES,PERFORMANCE_RELIABILITY,,GENERAL_CROSS_JOURNEY,HIGH,HIGH,False,PROVISIONAL
App Store,14007820033,2026-04-29T02:37:47+00:00,1,app lởm,lởm vl,False,0,NEGATIVE,False,UNCLEAR,UNCLEAR,,UNKNOWN,NONE,LOW,True,PROVISIONAL
App Store,14007823992,2026-04-29T02:39:35+00:00,1,Ff,"App tệ, lỗi ko có hướng xử ly",True,1,NEGATIVE,True,YES,PERFORMANCE_RELIABILITY,,GENERAL_CROSS_JOURNEY,HIGH,HIGH,False,PROVISIONAL
App Store,14007825034,2026-04-29T02:40:04+00:00,1,App lỗi,App lỗi bảng điện suốt ngày,True,1,NEGATIVE,True,YES,PERFORMANCE_RELIABILITY,,PRODUCT_DISCOVERY_MARKET_DATA,HIGH,HIGH,False,PROVISIONAL
App Store,14007825045,2026-04-29T02:40:04+00:00,2,Chất lượng App,Lỗi khá nhiều nhiều khi làm trễ giao dịch không đáng có,True,1,NEGATIVE,True,YES,PERFORMANCE_RELIABILITY,,TRADING_ORDER_MANAGEMENT,HIGH,HIGH,False,PROVISIONAL
App Store,14007830108,2026-04-29T02:42:27+00:00,1,Đánh giá TCBS,"App lag , hay bị lỗi làm ảnh hưởng đến nhà đầu tư",True,1,NEGATIVE,True,YES,PERFORMANCE_RELIABILITY,,GENERAL_CROSS_JOURNEY,HIGH,HIGH,False,PROVISIONAL
App Store,14007834537,2026-04-29T02:44:28+00:00,1,App như loz,App như loz,False,0,NEGATIVE,False,UNCLEAR,UNCLEAR,,UNKNOWN,NONE,LOW,True,PROVISIONAL
App Store,14007840671,2026-04-29T02:47:21+00:00,1,Lỗi liên tục,"App như hạch Giờ giao dịch đi bảo trì Bị nhốt sàn mấy hôm, nay thoát sàn được thì app ko hoạt động. Mn tẩy chay đi nếu không muốn mất tiền cháy tài khoản",True,1,NEGATIVE,True,YES,PERFORMANCE_RELIABILITY,,TRADING_ORDER_MANAGEMENT,HIGH,HIGH,False,PROVISIONAL
App Store,14007842869,2026-04-29T02:48:22+00:00,1,Bi đơ  cả phiên,Mất tiền nhiều quá ko bán dc giá đỉnh,True,1,NEGATIVE,True,YES,TRADING_ORDER_EXECUTION,,TRADING_ORDER_MANAGEMENT,HIGH,MEDIUM,True,PROVISIONAL
App Store,14007846536,2026-04-29T02:50:03+00:00,1,Lỗi app 29/04/2026,Bảng điện đứng im app hiện toàn bộ dữ liệu của 28/04. NĐT nhìn tài khoản mà khóc ròng. Liệu TCBS sẽ có bồi hoàn gì hay chỉ là Xin Lỗi khi tiền NĐT bay theo lỗi app,True,2,NEGATIVE,True,YES,MARKET_DATA_STALENESS_ACCURACY,,PRODUCT_DISCOVERY_MARKET_DATA,HIGH,HIGH,False,PROVISIONAL
App Store,14007848369,2026-04-29T02:50:53+00:00,1,"App đơ, web đơ, rất rất tệ","App đơ, web đơ, rất rất tệ",True,1,NEGATIVE,True,YES,PERFORMANCE_RELIABILITY,,GENERAL_CROSS_JOURNEY,HIGH,HIGH,False,PROVISIONAL
App Store,14007849446,2026-04-29T02:51:24+00:00,1,Tệ,Quá tệ. Cập nhật gì vào lúc 9h15. Chốt lời k được luôn. Thiệt hại vậy ai chịu. Bực bội,True,1,NEGATIVE,True,YES,PERFORMANCE_RELIABILITY,,TRADING_ORDER_MANAGEMENT,HIGH,HIGH,False,PROVISIONAL
App Store,14007852344,2026-04-29T02:52:45+00:00,1,App lỏ xứng đáng 1 sao,"App sập, đơ, k giao dịch đc. TCBS phải đền bù cho khách đi!!!",True,1,NEGATIVE,True,YES,PERFORMANCE_RELIABILITY,,TRADING_ORDER_MANAGEMENT,HIGH,HIGH,False,PROVISIONAL
App Store,14008131020,2026-04-29T05:12:10+00:00,1,App lỗi không giao dịch được.,"App lỗi tê liệt ngay đầu phiên giao dịch. Bảng điện không cập nhật, không mua bán được. Làm mất tiền và cơ hội của nhà đầu tư. Không nên dùng app này.",True,1,NEGATIVE,True,YES,PERFORMANCE_RELIABILITY,,TRADING_ORDER_MANAGEMENT,HIGH,HIGH,False,PROVISIONAL
Google Play,c1af46c5-504f-442f-8e2c-4f62e309903d,2026-04-29T09:21:35+00:00,2,,"9h20 rồi mà app đơ, ko làm được gì",True,1,NEGATIVE,True,YES,PERFORMANCE_RELIABILITY,,GENERAL_CROSS_JOURNEY,HIGH,HIGH,False,PROVISIONAL
Google Play,8a0f1c49-39c8-4c33-ab1f-4df63b71e08d,2026-04-29T09:36:50+00:00,1,,app lởm. lỗi quá nhiều. Thậm chí ko giao dịch được,True,1,NEGATIVE,True,YES,PERFORMANCE_RELIABILITY,,TRADING_ORDER_MANAGEMENT,HIGH,HIGH,False,PROVISIONAL
Google Play,2317f654-d45b-4ffc-ae69-596d9a42b82a,2026-04-29T09:36:51+00:00,2,,"app lỗi, làm thiệt hại cho nhà đầu tư, chỉ biết xin lỗi , quá chán",True,1,NEGATIVE,True,YES,PERFORMANCE_RELIABILITY,,GENERAL_CROSS_JOURNEY,HIGH,HIGH,False,PROVISIONAL
Google Play,1bf3d4bf-56fc-4ad5-970f-221bb689be89,2026-04-29T09:38:11+00:00,1,,lỗi không chạy không khắc phục làm mất tiền nhà đầu tư,True,1,NEGATIVE,True,YES,PERFORMANCE_RELIABILITY,,GENERAL_CROSS_JOURNEY,HIGH,HIGH,False,PROVISIONAL
Google Play,1c1c432b-7a3e-453e-ace3-ac2044b26b70,2026-04-29T09:42:06+00:00,1,,"App tệ hại không giao dịch được, nhốt NĐT. Lừa đảo!",True,1,NEGATIVE,True,YES,PERFORMANCE_RELIABILITY,,TRADING_ORDER_MANAGEMENT,HIGH,HIGH,False,PROVISIONAL
Google Play,eb3e3875-2bc9-4ce9-9808-9f937dd15a69,2026-04-29T09:44:59+00:00,1,,app hãy lỗi,True,1,NEGATIVE,True,YES,PERFORMANCE_RELIABILITY,,GENERAL_CROSS_JOURNEY,HIGH,MEDIUM,True,PROVISIONAL
Google Play,81783439-6012-4996-b8a6-98c18b6ab261,2026-04-29T09:46:42+00:00,2,,"29/4 đơ luôn. tcb nên làm lại app cho nó thân thiện, hiện đại mới mẻ chút. tiền nhiều để làm gì.",True,2,NEGATIVE,True,YES,PERFORMANCE_RELIABILITY,,GENERAL_CROSS_JOURNEY,HIGH,HIGH,False,PROVISIONAL
Google Play,560dd4ae-f20b-4e06-9737-d980c73e5885,2026-04-29T09:53:04+00:00,1,,Không load được data khi thị trường mở cửa giao dịch,True,1,NEGATIVE,True,YES,PERFORMANCE_RELIABILITY,,PRODUCT_DISCOVERY_MARKET_DATA,HIGH,HIGH,False,PROVISIONAL
App Store,14009628721,2026-04-29T15:34:18+00:00,1,Lỗi hiển thị sai giá ko thể mua bán,App lỗi tệ,True,1,NEGATIVE,True,YES,MARKET_DATA_STALENESS_ACCURACY,,TRADING_ORDER_MANAGEMENT,HIGH,HIGH,False,PROVISIONAL
Google Play,92b45d0c-73a1-46bf-9bb5-6218ab82e507,2026-05-04T20:22:29+00:00,1,,"quả app k thể thẩm đc, khó dùng, dịch vụ delay quá lâu",True,2,NEGATIVE,True,YES,UX_NAVIGATION_COMPLEXITY,,GENERAL_CROSS_JOURNEY,MEDIUM,MEDIUM,True,PROVISIONAL
App Store,14033216115,2026-05-06T04:15:56+00:00,1,App ngày càng tệ!,"App bị đơ, hiển thị thông tin sai, không có ai thấy bug để fix hết hay sao ấy",True,1,NEGATIVE,True,YES,PERFORMANCE_RELIABILITY,,GENERAL_CROSS_JOURNEY,HIGH,HIGH,False,PROVISIONAL
App Store,14034900836,2026-05-06T15:43:12+00:00,5,Tuyệt vời,"Phí giao dịch khi mua bán chỉ 0,03% thì quá ok rồi, ssi phí tận 0,15%, thôi cho 5* ko có gì phải bàn cãi thêm. Tuyệt vời",True,1,POSITIVE,False,YES,FEE_PRICING,,TRADING_ORDER_MANAGEMENT,NONE,HIGH,False,PROVISIONAL
App Store,14040031598,2026-05-08T02:14:26+00:00,1,1 vấn đề gặp hoài mà ko xử lý,"Dạo gần đây nđt bán cp ko ứng tiền được và lỗi chuyển tiền ra ngoài ko vào tk kh, khách hàng phải chat với tư vấn viên nhưng chả giải quyết đc vấn đề, tiền với nđt rất quan trọng nhưng tcbs muốn đuổi khách rồi",True,2,NEGATIVE,True,YES,DEPOSIT_WITHDRAWAL_TRANSFER,,FUNDING_CASH_TRANSFER,HIGH,HIGH,False,PROVISIONAL
App Store,14045600270,2026-05-09T15:32:29+00:00,5,lỗi rồi,lỗi 2 ngày rồi,True,1,NEGATIVE,True,YES,PERFORMANCE_RELIABILITY,,GENERAL_CROSS_JOURNEY,HIGH,MEDIUM,True,PROVISIONAL
Google Play,1dbfd40c-06ac-4217-a552-6b7b70e93f14,2026-05-09T17:24:45+00:00,5,,nhiều dịch vụ tiện ích cho nhà đầu tư,True,1,POSITIVE,False,YES,OTHER,,GENERAL_CROSS_JOURNEY,NONE,MEDIUM,True,PROVISIONAL
App Store,14051715882,2026-05-11T07:18:29+00:00,1,Quá tệ cho 1 sàn do ngân hàng đầu ngành vận hành,Tiền phong tỏa khi hủy lệnh rất chậm trong khi lệnh hủy từ 3 4 tiếng trước. Quá tệ cho 1 sàn chứng khoán được vận hành bởi ngân hàng lớn.,True,1,NEGATIVE,True,YES,DEPOSIT_WITHDRAWAL_TRANSFER,,TRADING_ORDER_MANAGEMENT,HIGH,HIGH,False,PROVISIONAL
Google Play,f012fc92-838e-4a15-88a0-ad3ea45fe72c,2026-05-17T08:01:37+00:00,1,,tính năng chuyển tiền ra ngoài bị lỗi,True,1,NEGATIVE,True,YES,DEPOSIT_WITHDRAWAL_TRANSFER,,FUNDING_CASH_TRANSFER,HIGH,HIGH,False,PROVISIONAL
Google Play,8d63919e-1d1f-4fec-bd8b-be215087e6b5,2026-05-19T18:23:45+00:00,1,,không thể tin được 1 tập đoàn như techcom mà làm ra cái app Ux cực kì tệ,True,1,NEGATIVE,True,YES,UX_NAVIGATION_COMPLEXITY,,GENERAL_CROSS_JOURNEY,MEDIUM,MEDIUM,True,PROVISIONAL
App Store,14141897416,2026-06-04T06:40:04+00:00,5,Good,"App tốt, cskh tuyệt vời và kịp thời",True,1,POSITIVE,False,YES,CUSTOMER_SUPPORT,,CUSTOMER_SUPPORT,NONE,HIGH,False,PROVISIONAL
Google Play,54304acd-204a-4e82-a3f2-99700570633a,2026-06-04T09:31:25+00:00,2,,"UI/UX kém quá khó dùng, rất nhiều lần server lag không cập nhật đúng thông tin, thêm cái thông báo thiết bị không có internet không ẩn được, cả chục giây không đổi tab được? switch ứng dụng về sẽ có thông báo không có internet?",True,3,NEGATIVE,True,YES,UX_NAVIGATION_COMPLEXITY,,GENERAL_CROSS_JOURNEY,HIGH,HIGH,False,PROVISIONAL
App Store,14142865973,2026-06-04T13:07:36+00:00,1,Ai như tôi không nạo tiền vào không lâu tiền bay hết sạch,Chắn,False,0,UNCLEAR,False,UNCLEAR,UNCLEAR,,UNKNOWN,NONE,LOW,True,PROVISIONAL
App Store,14147186413,2026-06-05T15:28:37+00:00,1,Ứng dụng hệ thống như một tên bịp bợm.,"Chức năng “ứng tiền trước” giờ có giới hạn dù mình không dùng chức năng này đã lâu.
Và nợ phí lưu ký thì không tự động trừ tiền dù có liên kết tài khoản hay đã nạp tiền. Nợ đó cứ bị tính lãi cao lên như ăn cướp vậy. Dịch vụ chỉ muốn cướp đoạt tài sản của người khác. Không nên dùng.",True,2,NEGATIVE,True,YES,FEE_PRICING,,FUNDING_CASH_TRANSFER,HIGH,HIGH,False,PROVISIONAL
App Store,14149839961,2026-06-06T08:12:27+00:00,1,Cái ipower lúc ẩn lúc hiện như ma,Lúc cần rút tiền thì tính năng ipower bị biến mất không rút tiền được,True,1,NEGATIVE,True,YES,DEPOSIT_WITHDRAWAL_TRANSFER,,FUNDING_CASH_TRANSFER,HIGH,HIGH,False,PROVISIONAL
App Store,14162695649,2026-06-09T15:53:51+00:00,2,Số liệu sai,"App tài chính mà số liệu không chuẩn gì hết. Sáng nạp 10tr, chưa mua bán gì mà tối vào không thấy tiền đâu nữa. F5 thì thấy nháy 10tr rồi biến mất. 

Đến tổng số vốn cũng nhảy loạn lên, không track được lỗ lãi gì hết.",True,2,NEGATIVE,True,YES,MARKET_DATA_STALENESS_ACCURACY,,PORTFOLIO_TRACKING,HIGH,HIGH,False,PROVISIONAL
App Store,14223394760,2026-06-25T05:43:41+00:00,1,App tệ,"App rắc rối. Rất khó dùng. Nhiều mục không cần thiết cho nđt mà cũng chưng hết ra, rối rắm.
Cực kỳ khó dùng so với các app chứng khoán khác như của Ssi, vnd, vps.
Tôi đã dùng nhiều app khác rồi mà dùng app Tcbs này thực sự rất bực mình luôn.",True,1,NEGATIVE,True,YES,UX_NAVIGATION_COMPLEXITY,,GENERAL_CROSS_JOURNEY,MEDIUM,HIGH,False,PROVISIONAL
Google Play,57315b59-768e-4a86-bb54-4dca2ff232e6,2026-07-06T20:41:28+00:00,1,,"Nhận diện khuôn mặt quá tệ, thấy app Tech đội dev cũng đc mà sao đôi này tệ quá.",True,1,NEGATIVE,True,YES,AUTHENTICATION_IOTP,,LOGIN_AUTHENTICATION,MEDIUM,HIGH,False,PROVISIONAL
App Store,14280577109,2026-07-09T04:08:14+00:00,3,Ok,"có một số bitcoin nhưng app hk có tính năng nạp trực tiếp , mong là sẽ có thêm tính năng này sớm",True,1,NEUTRAL,False,YES,MARKET_RESEARCH_RECOMMENDATION_UTILITY,CRYPTO_DEPOSIT,FUNDING_CASH_TRANSFER,LOW,MEDIUM,True,PROVISIONAL
App Store,14296658625,2026-07-13T04:19:17+00:00,1,App rất thường bị lỗi,Rất thường gặp lỗi đăng nhập,True,1,NEGATIVE,True,YES,AUTHENTICATION_IOTP,,LOGIN_AUTHENTICATION,HIGH,HIGH,False,PROVISIONAL
Google Play,ecc8fa90-86b6-40a9-9c90-a7385d972c5b,2026-07-13T11:06:20+00:00,4,,"bảng giá mất tính năng tự xoay ngược khi chuyển sang dạng ngang, bất tiện khi cắm sạc, vì phải vòng dây, phiên bản trước thì được, kiểm tra lại nha, đa tạ",True,1,NEGATIVE,True,YES,MOBILE_TABLET_RESPONSIVENESS,,PRODUCT_DISCOVERY_MARKET_DATA,LOW,HIGH,False,PROVISIONAL
App Store,14313162800,2026-07-17T06:45:43+00:00,1,Giam Tiền cổ tức,App này chuyên giam Tiền cổ tức đợi cuối ngày hết giao dịch mới nhả Tiền ra trong khi công ty chứng khoán khác Tiền đã về để cho giao dịch trong phiên.,True,1,NEGATIVE,True,YES,DEPOSIT_WITHDRAWAL_TRANSFER,,FUNDING_CASH_TRANSFER,HIGH,HIGH,False,PROVISIONAL
App Store,14341132155,2026-07-24T04:57:36+00:00,5,Dùng thích,"Tuy giao diện không đẹp nhưng rất tuyệt vời rồi, đầu tiên thì phí giao dịch ổn không quá đắt, lại thêm cái widget nữa tiện quá muốn xem giá không cần vào app",True,2,POSITIVE,False,YES,FEE_PRICING,,TRADING_ORDER_MANAGEMENT,NONE,HIGH,False,PROVISIONAL
App Store,14352633073,2026-07-27T02:34:31+00:00,1,Không có nhân viên hỗ trợ,Dịch vụ kém,True,1,NEGATIVE,True,UNCLEAR,CUSTOMER_SUPPORT,,CUSTOMER_SUPPORT,MEDIUM,LOW,True,PROVISIONAL
App Store,14352635121,2026-07-27T02:35:18+00:00,1,App lỗi rất nhiều lần,"App hay bị lỗi quay vòng vòng chờ dữ liệu, rồi lâu lâu đặt lệnh thì không được rất bực mình, tỷ lệ lỗi rất nhiều",True,1,NEGATIVE,True,YES,PERFORMANCE_RELIABILITY,,TRADING_ORDER_MANAGEMENT,HIGH,HIGH,False,PROVISIONAL
App Store,14354074084,2026-07-27T12:11:15+00:00,1,Bảo mật ngou như con bò,Dcmm xoá đi tải lại thì bắt xác nhận đăng nhập iotp trên máy đã đăng kí trc đó trong khi dùng đúng máy đó nhưng lại k cho đăng nhập vào dcm code ngoulol,True,1,NEGATIVE,True,YES,AUTHENTICATION_IOTP,,LOGIN_AUTHENTICATION,HIGH,HIGH,False,PROVISIONAL
Google Play,d372596f-4533-497c-9bb3-f0c9a37ae542,2026-07-29T11:14:05+00:00,2,,"Tcbs đang bị lỗi, k vào dc bảng giá và hiển thị sai màu trong mục tài sản, bị từ đầu tuần rồi mà sắp cuối tuần rồi cũng chưa fix xong",True,2,NEGATIVE,True,YES,PERFORMANCE_RELIABILITY,,PRODUCT_DISCOVERY_MARKET_DATA,HIGH,HIGH,False,PROVISIONAL
App Store,14381104681,2026-08-03T03:15:17+00:00,1,"Ko rút tiền được, bị giam tiền","Ko đăng nhập được để rút tiền, lúc cần thì ko rút tiền được phải đi vay tiền nóng.",True,1,NEGATIVE,True,YES,AUTHENTICATION_IOTP,,LOGIN_AUTHENTICATION,HIGH,HIGH,False,PROVISIONAL
App Store,14409630266,2026-08-10T07:58:38+00:00,1,"Tại sao lại giam tiền 2 hợp đồng, trong khi đã đóng vị thế trong cùng 1 ngày","10/08/2026 Tại sao lại giam tiền 2 hợp đồng, trong khi đã đóng vị thế trong cùng 1 ngày, các ngày khác không giam vẫn rút được bình thường chỉ trừ thuế phí, và vị thế đóng bị lỗ, rất thất vọng về TCBS",True,1,NEGATIVE,True,YES,DEPOSIT_WITHDRAWAL_TRANSFER,,FUNDING_CASH_TRANSFER,HIGH,HIGH,False,PROVISIONAL
App Store,14414751396,2026-08-11T14:10:45+00:00,1,App như cặc,App như lol mỗi vào để điền thông tin xác thực thôi mà đen xì ko hiện ra 1 cái gì . Ngân hàng lớn mà thuê team IT trình độ kém quá,True,1,NEGATIVE,True,YES,AUTHENTICATION_IOTP,,LOGIN_AUTHENTICATION,HIGH,HIGH,False,PROVISIONAL
App Store,14418152911,2026-08-12T10:46:04+00:00,1,Quá phiền hà,"Phục vụ quá cứng nhắc thay số điện thoại, cccd bắt yêu cầu mở thẻ ngân hàng để xác minh thông tin.",True,1,NEGATIVE,True,YES,ACCOUNT_RECOVERY_PROFILE_CHANGE,,ACCOUNT_PROFILE_MAINTENANCE,HIGH,HIGH,False,PROVISIONAL
App Store,14420925724,2026-08-13T02:12:57+00:00,2,Giao diện kém,"Nhiều tính năng mà đặt lệnh cổ phiếu rối quá, cần xem danh mục thì phải bấm tab khác",True,1,NEGATIVE,True,YES,UX_NAVIGATION_COMPLEXITY,,TRADING_ORDER_MANAGEMENT,MEDIUM,HIGH,False,PROVISIONAL
App Store,14425846977,2026-08-14T08:14:42+00:00,1,"Làm ăn ko kỹ càng, cẩu thả","Các công ty đã rời sàn như HLG thì bị tcinvest loại luôn khỏi list, làm nhà đầu tư mất luôn thông tin số lượng cổ phiếu đang sở hữu. Ko thể nào biết để gặp cty HLG làm giấy xác nhận. Nhiều mã rời sàn như hiện nay thì mất rất nhiều. List tôi gồm 100 loại cổ phiếu nên ko nhớ được",True,1,NEGATIVE,True,YES,PRODUCT_PORTFOLIO_INFORMATION,,PORTFOLIO_TRACKING,HIGH,HIGH,False,PROVISIONAL
App Store,14439296592,2026-08-17T15:52:20+00:00,1,Cách xác thực sự quá ngu,Lần đầu tiên tôi thấy việc xác thực để mở connection nhận data từ websocket nó ngớ ngẩn như vậy. Cứ 24 tiếng lại phải chạy vô app lấy cái OTP bằng tay xong đi cập nhật biến môi trường trước giờ giao dịch để k bị miss data. Đều đặn hằng ngày. Dev bên này nên thử mở cái docs của DNSE với SSi họ làm như nào mà cải thiện chứ cái kiểu xác thực lăng quăng như này chả hiểu s viết ra được. Lại còn quả tài liệu ghi cho nhận OTP qua email bằng gaia/v1/oauth2/openapi/request-otp nhưng luôn trả ra lỗi 500. Chả hiểu code kiểu j. Quá yếu kém.,True,2,NEGATIVE,True,YES,AUTHENTICATION_IOTP,,LOGIN_AUTHENTICATION,HIGH,HIGH,False,PROVISIONAL
Google Play,ef99efd2-9f92-42ab-8b4c-3c4e41370ef3,2026-08-18T15:10:00+00:00,1,,"Very bad exp. It required users to input a certain message in each transfer (your full name and account in TCBS (aka Techcombank Securities, this app). Even if you transfer money from your Techcombank app, but forgot to input that abovementioned info, your money goes to vague. It doesn't return to your bank account immediately, but they hold it for up to 7 working days. No live support, only chat (with bots), I got issue, the support in this app told me to call the bank. Me being ping-pong.",True,2,NEGATIVE,True,YES,DEPOSIT_WITHDRAWAL_TRANSFER,,FUNDING_CASH_TRANSFER,HIGH,HIGH,False,PROVISIONAL
App Store,14445501649,2026-08-19T05:09:21+00:00,1,UI UX lởm quá,"UI UX này hoàn toàn ko phù hợp với iPad, chắc dev lười nên bê nguyên web sang. App chạy rất bất tiện, thao tác hoàn toàn lệch, ko hề chính xác. Dùng app thế này mà giao dịch thì lỗ nặng.",True,1,NEGATIVE,True,YES,MOBILE_TABLET_RESPONSIVENESS,,GENERAL_CROSS_JOURNEY,HIGH,HIGH,False,PROVISIONAL
App Store,14465018475,2026-08-24T03:57:52+00:00,1,App lỗi quá nhiều,Nói chung quá tệ,False,0,NEGATIVE,False,UNCLEAR,UNCLEAR,,UNKNOWN,NONE,LOW,True,PROVISIONAL
App Store,14465859621,2026-08-24T10:08:22+00:00,1,"Giao diện rối khó sử dụng, CSKH kém, không thể gọi được NV CSKH","- UI UX kém, dễ bị bấm nhầm mua và bán
- hotline chỉ để làm cảnh, AI trả lời tự động không giải quyết được vấn đề
- không gọi được nv cskh, email không trả lời",True,3,NEGATIVE,True,YES,CUSTOMER_SUPPORT,,CUSTOMER_SUPPORT,HIGH,HIGH,False,PROVISIONAL
App Store,14468902446,2026-08-25T04:00:51+00:00,1,Nghi vấn bán dữ liệu cho lái,"Tôi cầm cổ phiếu DBC 4 tháng, ngay khoảnh khắc khớp lệnh mua, cổ phiếu không một lần giá xanh, liên tiếp giảm 4 tháng liền. Tôi chấp nhận nạp tiền giữ vị thế margin, tuy nhiên sau 4 tháng, tôi muốn đổi cổ phiếu để có vị thế khác, ngay khoảnh khắc bán thì cổ phiếu DBC khớp lệnh và bay liên tiếp. Không thể có sự trùng hợp như vậy được.",True,1,NEGATIVE,True,YES,SECURITY_ACCOUNT_PROTECTION,DATA_SELLING_SUSPICION,TRADING_ORDER_MANAGEMENT,HIGH,MEDIUM,True,PROVISIONAL
App Store,14504211053,2026-09-03T03:32:43+00:00,3,Quá chậm,"Áp giao dịch gì mà chậm như rùa,mong bqt cải tiến",True,1,NEGATIVE,True,YES,PERFORMANCE_RELIABILITY,,TRADING_ORDER_MANAGEMENT,MEDIUM,MEDIUM,True,PROVISIONAL
Google Play,7fd64ff8-fbd4-4520-a656-c439f9e4443d,2026-09-05T11:12:28+00:00,1,,"Đội ngũ hỗ trợ xử lý chậm chạp, lề mề. Tài khoản khách hàng cần mở khóa, phải chạy lên chi nhánh TCB kí giấy. Rùi phải đợi 2-3 ngày vận chuyển giấy tờ từ TCB ra TCBS chi nhánh HN. Sau đó phải đợi xử lý tờ giấy, rùi đợi 24 giờ để mở khóa. Loằng ngoằng như thời cổ đại.",True,2,NEGATIVE,True,YES,ACCOUNT_RECOVERY_PROFILE_CHANGE,,ACCOUNT_PROFILE_MAINTENANCE,HIGH,HIGH,False,PROVISIONAL
App Store,14520054584,2026-09-07T04:07:12+00:00,2,Khá tệ,"App rất lag, đôi khi còn không vào được",True,1,NEGATIVE,True,YES,PERFORMANCE_RELIABILITY,,GENERAL_CROSS_JOURNEY,HIGH,HIGH,False,PROVISIONAL
App Store,14520064997,2026-09-07T04:11:54+00:00,1,Tần suất bị lỗi mục tài sản quá nhiều,Rất hay bị lỗi báo k có tiền k có cổ phiếu nào trong tài khoản,True,1,NEGATIVE,True,YES,PRODUCT_PORTFOLIO_INFORMATION,,PORTFOLIO_TRACKING,HIGH,HIGH,False,PROVISIONAL
App Store,14548034358,2026-09-14T07:44:28+00:00,1,Liên tục lỗi không thể truy cập,"Là một người dùng lâu năm của tech, ban đầu rất hài lòng về chất lượng và giao diện của app, dễ giao dịch. Nhưng vài tháng trở lại đây app lỗi rất nhiều, chỉ đăng nhập có lúc đợi cả 5p vẫn chưa đăng nhập vào trang chủ được, thứ 2 là quảng cáo nhiều, truy cập vào được tài khoản thì phải tắt 7749 cái quảng cáo IPO của một vài doanh nghiệp. Mong team sẽ khắc phục sớm chứ trải nghiệp người dùng càng ngày càng đi xuống như thế này thực sự không ổn",True,3,NEGATIVE,True,YES,AUTHENTICATION_IOTP,,LOGIN_AUTHENTICATION,HIGH,HIGH,False,PROVISIONAL
