incident_id,source,review_id,incident_type,pain_point_family,pain_point_subtype,journey,severity,evidence_span,confidence,new_theme_flag,needs_human_review,classification_status
Google_Play-2148bf5a-1fa3-4f4d-875b-ce838bed08ee-01,Google Play,2148bf5a-1fa3-4f4d-875b-ce838bed08ee,failure,PERFORMANCE_RELIABILITY,,PRODUCT_DISCOVERY_MARKET_DATA,NONE,Thường xuyên đơ bảng điện,HIGH,False,False,PROVISIONAL
Google_Play-2148bf5a-1fa3-4f4d-875b-ce838bed08ee-02,Google Play,2148bf5a-1fa3-4f4d-875b-ce838bed08ee,failure,UX_NAVIGATION_COMPLEXITY,,ACCOUNT_PROFILE_MAINTENANCE,NONE,không lưu được cài đặt Widget,HIGH,False,False,PROVISIONAL
Google_Play-f2029ffc-cc34-493c-b9fc-7032b5104830-01,Google Play,f2029ffc-cc34-493c-b9fc-7032b5104830,failure,DEPOSIT_WITHDRAWAL_TRANSFER,,FUNDING_CASH_TRANSFER,NONE,IPower không tự động rút ra lúc 8h sáng,HIGH,False,False,PROVISIONAL
Google_Play-646b0a5b-3f6c-4f89-9ce4-9f174e440c38-01,Google Play,646b0a5b-3f6c-4f89-9ce4-9f174e440c38,praise,PERFORMANCE_RELIABILITY,,GENERAL_CROSS_JOURNEY,NONE,Ứng dụng bắt đầu cải thiện độ ổn định.,HIGH,False,False,PROVISIONAL
Google_Play-646b0a5b-3f6c-4f89-9ce4-9f174e440c38-02,Google Play,646b0a5b-3f6c-4f89-9ce4-9f174e440c38,unmet_need,FEE_PRICING,,FUNDING_CASH_TRANSFER,NONE,Giảm thêm lãi suất vay thì tốt hơn nữa,HIGH,False,False,PROVISIONAL
App_Store-12725515761-01,App Store,12725515761,praise,,,GENERAL_CROSS_JOURNEY,NONE,App rất tuyệt. Cảm ơn TCBS nhiều,HIGH,False,False,PROVISIONAL
Google_Play-e24f9216-51cf-4eb1-86b7-ed37ea9d208d-01,Google Play,e24f9216-51cf-4eb1-86b7-ed37ea9d208d,failure,PERFORMANCE_RELIABILITY,,GENERAL_CROSS_JOURNEY,NONE,"đang dùng bt tự nhiên bị out ra, h xóa đi cài lại vẫn vậy. bó tay",HIGH,False,False,PROVISIONAL
Google_Play-e1b338d0-d84b-45ab-9f51-ec35cd76d2af-01,Google Play,e1b338d0-d84b-45ab-9f51-ec35cd76d2af,friction,PERFORMANCE_RELIABILITY,,GENERAL_CROSS_JOURNEY,NONE,ứng dụng hơi tù,MEDIUM,False,False,PROVISIONAL
Google_Play-2d0a8c38-c9a5-4339-ae6c-a5bdad354b60-01,Google Play,2d0a8c38-c9a5-4339-ae6c-a5bdad354b60,failure,PERFORMANCE_RELIABILITY,,GENERAL_CROSS_JOURNEY,NONE,treo đơ liên tục,HIGH,False,False,PROVISIONAL
App_Store-13383696543-01,App Store,13383696543,praise,,,GENERAL_CROSS_JOURNEY,NONE,"Tới nay vẫn tin tưởng và đồng hành cùng công ty bởi chính sách cập nhật, tính năng cải tiến liên tục và đi đầu ứng dụng công nghệ mới.",HIGH,False,False,PROVISIONAL
App_Store-13383696543-02,App Store,13383696543,feature_request,OTHER,,TRADING_ORDER_MANAGEMENT,NONE,Hi vọng sau khi lên nền tảng giao dịch tiền số công ty sẽ khẳng định thế mạnh hơn nữa! 💖,HIGH,False,False,PROVISIONAL
Google_Play-e09cba4a-7859-4091-be6a-0dd51d5c54d3-01,Google Play,e09cba4a-7859-4091-be6a-0dd51d5c54d3,feature_request,UX_NAVIGATION_COMPLEXITY,,GENERAL_CROSS_JOURNEY,NONE,I have to use the web version when working on my tablet because the Android app keep forcing the layout to be rendered in the portrait mode even when I rotate the device to be landscape.,HIGH,False,False,PROVISIONAL
Google_Play-5b6c2184-1efb-4c90-942d-9113dc9e3909-01,Google Play,5b6c2184-1efb-4c90-942d-9113dc9e3909,friction,UX_NAVIGATION_COMPLEXITY,,GENERAL_CROSS_JOURNEY,NONE,UI is so complicated and clearly is leading users at certain financial product over basic stock trading.,HIGH,False,False,PROVISIONAL
Google_Play-5b6c2184-1efb-4c90-942d-9113dc9e3909-02,Google Play,5b6c2184-1efb-4c90-942d-9113dc9e3909,failure,UX_NAVIGATION_COMPLEXITY,,PRODUCT_DISCOVERY_MARKET_DATA,NONE,Even the search function on home page doesnt work properly.,HIGH,False,False,PROVISIONAL
Google_Play-5b6c2184-1efb-4c90-942d-9113dc9e3909-03,Google Play,5b6c2184-1efb-4c90-942d-9113dc9e3909,friction,DEPOSIT_WITHDRAWAL_TRANSFER,,FUNDING_CASH_TRANSFER,NONE,deposit and bank account link takes forever to validate fund for trading.,HIGH,False,False,PROVISIONAL
Google_Play-5b6c2184-1efb-4c90-942d-9113dc9e3909-04,Google Play,5b6c2184-1efb-4c90-942d-9113dc9e3909,friction,FEE_PRICING,,GENERAL_CROSS_JOURNEY,NONE,the lower fees does not justify using this app at all.,HIGH,False,False,PROVISIONAL
Google_Play-5b6c2184-1efb-4c90-942d-9113dc9e3909-05,Google Play,5b6c2184-1efb-4c90-942d-9113dc9e3909,praise,PORTFOLIO_ACCOUNT_INFORMATION,,PORTFOLIO_TRACKING,NONE,This app have the best UI to analyze your portfolio.,HIGH,False,False,PROVISIONAL
Google_Play-914d31b8-1b32-42b1-9356-2cb08c26aba3-01,Google Play,914d31b8-1b32-42b1-9356-2cb08c26aba3,failure,UX_NAVIGATION_COMPLEXITY,,TRADING_ORDER_MANAGEMENT,NONE,xem lịch sử giao dịch của các mã cổ phiếu trong thời gian giao dịch luôn bị reset về vị trí ban đầu và không thể kéo xuống xem.,HIGH,False,False,PROVISIONAL
Google_Play-ab61f02f-ef5c-4420-988e-1df2def70c5f-01,Google Play,ab61f02f-ef5c-4420-988e-1df2def70c5f,failure,PERFORMANCE_RELIABILITY,,GENERAL_CROSS_JOURNEY,NONE,app như kiểu là trình duyệt web vậy lag điên máy cấu hình yếu bị treo liên tục,HIGH,False,False,PROVISIONAL
Google_Play-ade96f2c-c95d-4486-8c9b-17394d3bd7e7-01,Google Play,ade96f2c-c95d-4486-8c9b-17394d3bd7e7,failure,AUTHENTICATION_IOTP,,LOGIN_AUTHENTICATION,NONE,bị lỗi out khi đăng nhập samsung note s23 ultra,HIGH,False,False,PROVISIONAL
Google_Play-44d2d1dd-47b3-4af1-89c4-476dd62e4079-01,Google Play,44d2d1dd-47b3-4af1-89c4-476dd62e4079,failure,MARKET_DATA_INFORMATION,,PRODUCT_DISCOVERY_MARKET_DATA,NONE,số liệu trên bảng điện không dịch chuyển thoát ra vào lại mấy lần cũng vẫn vậy,HIGH,False,False,PROVISIONAL
Google_Play-028fcd26-9ed7-4edb-a256-5d54363dfa43-01,Google Play,028fcd26-9ed7-4edb-a256-5d54363dfa43,failure,CUSTOMER_SUPPORT,,CUSTOMER_SUPPORT,NONE,DV CSKH tệ,HIGH,False,False,PROVISIONAL
Google_Play-ffc75f9c-aa45-4b1c-93d3-23ed5eb22db1-01,Google Play,ffc75f9c-aa45-4b1c-93d3-23ed5eb22db1,failure,DEPOSIT_WITHDRAWAL_TRANSFER,,FUNDING_CASH_TRANSFER,NONE,"quá tệ delay dịch vụ quá, ko tải được tiền để đặt lệnh mua bán",HIGH,False,False,PROVISIONAL
Google_Play-60a8d5dd-9c2f-46a0-aa57-129f1ffc940f-01,Google Play,60a8d5dd-9c2f-46a0-aa57-129f1ffc940f,praise,,,GENERAL_CROSS_JOURNEY,NONE,app mượt ổn,HIGH,False,False,PROVISIONAL
Google_Play-bf7e5cd3-039f-4a62-9317-b74e11987ad3-01,Google Play,bf7e5cd3-039f-4a62-9317-b74e11987ad3,failure,CUSTOMER_SUPPORT,,CUSTOMER_SUPPORT,NONE,"lạm dụng AI tự động, cskh ngày càng tệ, dù là khách hàng lâu năm, tôi đang xem xét việc chọn bên khác thay thế",HIGH,False,False,PROVISIONAL
Google_Play-c06ce68c-7cf1-42e5-b2f7-5deb78d724b4-01,Google Play,c06ce68c-7cf1-42e5-b2f7-5deb78d724b4,failure,DEPOSIT_WITHDRAWAL_TRANSFER,,FUNDING_CASH_TRANSFER,NONE,giờ thì ko rút tiền được luôn,HIGH,False,False,PROVISIONAL
Google_Play-c94d9d46-d3f6-4d2b-a423-99fd466da2bf-01,Google Play,c94d9d46-d3f6-4d2b-a423-99fd466da2bf,friction,PERFORMANCE_RELIABILITY,,GENERAL_CROSS_JOURNEY,NONE,ứng dụng lag lỏ,HIGH,False,False,PROVISIONAL
Google_Play-c94d9d46-d3f6-4d2b-a423-99fd466da2bf-02,Google Play,c94d9d46-d3f6-4d2b-a423-99fd466da2bf,failure,AUTHENTICATION_IOTP,,LOGIN_AUTHENTICATION,NONE,lỗi vân tay đen màn hình,HIGH,False,False,PROVISIONAL
Google_Play-8771ba42-a4ea-4598-b9a8-36490bfeb79d-01,Google Play,8771ba42-a4ea-4598-b9a8-36490bfeb79d,praise,,,GENERAL_CROSS_JOURNEY,NONE,Rất tiện lợi,HIGH,False,False,PROVISIONAL
Google_Play-4c428c82-6ec9-4e1e-b37f-4e6ef8b5f482-01,Google Play,4c428c82-6ec9-4e1e-b37f-4e6ef8b5f482,failure,TRADING_ORDER_EXECUTION,,TRADING_ORDER_MANAGEMENT,NONE,me nó bán kiểu gì deo được vậy,MEDIUM,False,False,PROVISIONAL
Google_Play-b431f770-1878-4782-99ba-23a4eadeb8a8-01,Google Play,b431f770-1878-4782-99ba-23a4eadeb8a8,failure,AUTHENTICATION_IOTP,,LOGIN_AUTHENTICATION,NONE,có mỗi iotp mà nửa ngày không thấy gửi. tốn thời gian,HIGH,False,False,PROVISIONAL
Google_Play-1b8d554a-8ac2-466c-9a62-48d2ceb8f9dc-01,Google Play,1b8d554a-8ac2-466c-9a62-48d2ceb8f9dc,failure,ACCOUNT_RECOVERY_PROFILE_CHANGE,,ACCOUNT_PROFILE_MAINTENANCE,NONE,"Có mỗi chuyện đổi sdt thông tin khách hàng thôi mà 3 tuần không xong, trong khi là nội bộ xử lý xử lý sai quy trình bắt khách hàng chịu",HIGH,False,False,PROVISIONAL
Google_Play-03c56544-f2d8-4975-9303-476198a71e3f-01,Google Play,03c56544-f2d8-4975-9303-476198a71e3f,failure,PERFORMANCE_RELIABILITY,,GENERAL_CROSS_JOURNEY,NONE,Tính năng đôi lúc thấy lỗi,MEDIUM,False,False,PROVISIONAL
Google_Play-2e57ca2a-a55a-4673-aaf5-c000e60ed58f-01,Google Play,2e57ca2a-a55a-4673-aaf5-c000e60ed58f,failure,CUSTOMER_SUPPORT,,CUSTOMER_SUPPORT,NONE,"app tệ hại. chất lượng dịch vụ kém. tổng đài trả lời rất chậm, vô trách nhiệm.",HIGH,False,False,PROVISIONAL
Google_Play-8d1d5943-3d4b-4a95-a77d-f76b6a3c15de-01,Google Play,8d1d5943-3d4b-4a95-a77d-f76b6a3c15de,friction,UX_NAVIGATION_COMPLEXITY,,GENERAL_CROSS_JOURNEY,NONE,giao diện phức tạp,HIGH,False,False,PROVISIONAL
Google_Play-1f670647-e23a-481e-8c92-2ef749caec4d-01,Google Play,1f670647-e23a-481e-8c92-2ef749caec4d,failure,AUTHENTICATION_IOTP,,LOGIN_AUTHENTICATION,NONE,có cái mã iotpmaf mãi k đăng kí được,HIGH,False,False,PROVISIONAL
Google_Play-eb419b10-baf3-404a-b6ec-828b0eee758c-01,Google Play,eb419b10-baf3-404a-b6ec-828b0eee758c,failure,AUTHENTICATION_IOTP,,LOGIN_AUTHENTICATION,NONE,"không thể cài vân tay, vấn đề ở đâu vậy?",HIGH,False,False,PROVISIONAL
Google_Play-e3383658-6e3a-42cd-9016-5563a4a31347-01,Google Play,e3383658-6e3a-42cd-9016-5563a4a31347,friction,PERFORMANCE_RELIABILITY,,GENERAL_CROSS_JOURNEY,NONE,cực kỳ đơ lag giật,HIGH,False,False,PROVISIONAL
Google_Play-e3383658-6e3a-42cd-9016-5563a4a31347-02,Google Play,e3383658-6e3a-42cd-9016-5563a4a31347,friction,UX_NAVIGATION_COMPLEXITY,,GENERAL_CROSS_JOURNEY,NONE,giao diện không thân thiện. UI Ux tệ,HIGH,False,False,PROVISIONAL
Google_Play-e3383658-6e3a-42cd-9016-5563a4a31347-03,Google Play,e3383658-6e3a-42cd-9016-5563a4a31347,failure,TRADING_ORDER_EXECUTION,,TRADING_ORDER_MANAGEMENT,NONE,bấm vào phần đặt giá thì bàn phím ảo hiện lên che hết giá dẫn đến vào giá sai,HIGH,False,False,PROVISIONAL
Google_Play-e3383658-6e3a-42cd-9016-5563a4a31347-04,Google Play,e3383658-6e3a-42cd-9016-5563a4a31347,failure,PORTFOLIO_ACCOUNT_INFORMATION,,PRODUCT_DISCOVERY_MARKET_DATA,NONE,k lưu đc indicator,HIGH,False,False,PROVISIONAL
Google_Play-1cd27e9e-b4ac-454f-af92-bedcc0050342-01,Google Play,1cd27e9e-b4ac-454f-af92-bedcc0050342,praise,,,CUSTOMER_SUPPORT,NONE,Hỗ trợ khách hàng rất chuyên nghiệp.,HIGH,False,False,PROVISIONAL
Google_Play-9e0c556c-b2cf-4748-b15d-39495f996bf3-01,Google Play,9e0c556c-b2cf-4748-b15d-39495f996bf3,failure,PERFORMANCE_RELIABILITY,,GENERAL_CROSS_JOURNEY,NONE,không chạy nổi,HIGH,False,False,PROVISIONAL
Google_Play-83d82a5a-a7ff-4496-8ce4-6e2b34d70397-01,Google Play,83d82a5a-a7ff-4496-8ce4-6e2b34d70397,failure,PERFORMANCE_RELIABILITY,,GENERAL_CROSS_JOURNEY,NONE,"Rác vãi, lỗi lên lỗi xuống thế thì làm sao có người dùng",MEDIUM,False,False,PROVISIONAL
Google_Play-af8a59ca-c7f4-42e5-8334-271f9748bc89-01,Google Play,af8a59ca-c7f4-42e5-8334-271f9748bc89,unmet_need,OTHER,,GENERAL_CROSS_JOURNEY,NONE,Cải thiện UX/UI đơn giản nhưng nhiều chức năng sẽ tốt hơn.,HIGH,False,False,PROVISIONAL
Google_Play-237cc17c-8b8a-4adf-9882-de55eb411a19-01,Google Play,237cc17c-8b8a-4adf-9882-de55eb411a19,unmet_need,UX_NAVIGATION_COMPLEXITY,,GENERAL_CROSS_JOURNEY,NONE,áp nhìn rối mắt khó xài quá nên đổi cho dể nhìn dể thao tác,HIGH,False,False,PROVISIONAL
Google_Play-89c58827-2128-479a-bdfa-12cb8375f846-01,Google Play,89c58827-2128-479a-bdfa-12cb8375f846,failure,DEPOSIT_WITHDRAWAL_TRANSFER,,FUNDING_CASH_TRANSFER,NONE,chuyển tiền buổi tối khi cần thiết không cho chuyển,HIGH,False,False,PROVISIONAL
Google_Play-80e560a0-ba66-4116-9e4a-6140ea9cbe79-01,Google Play,80e560a0-ba66-4116-9e4a-6140ea9cbe79,failure,DEPOSIT_WITHDRAWAL_TRANSFER,,FUNDING_CASH_TRANSFER,NONE,"App rất tệ, không thể chuyển tiền từ TCBS ra ngân hàng",HIGH,False,False,PROVISIONAL
Google_Play-acf31f80-cf4c-44e3-b70e-0245cf368521-01,Google Play,acf31f80-cf4c-44e3-b70e-0245cf368521,failure,AUTHENTICATION_IOTP,,LOGIN_AUTHENTICATION,NONE,không cài đặt được vân tay,HIGH,False,False,PROVISIONAL
Google_Play-0965c4ed-df13-48d6-b0f0-8f5c739800da-01,Google Play,0965c4ed-df13-48d6-b0f0-8f5c739800da,failure,ONBOARDING_KYC,,ACCOUNT_OPENING_KYC,NONE,"không xác nhận được sinh trắc học, lúc nộp video nó load gần 1h không xong phần submitting the vertification, không đăng ký được",HIGH,False,False,PROVISIONAL
Google_Play-8a6e6c41-9bfb-4a15-bbae-c2f83ead1bda-01,Google Play,8a6e6c41-9bfb-4a15-bbae-c2f83ead1bda,praise,,,GENERAL_CROSS_JOURNEY,NONE,phí rẻ nên xài,HIGH,False,False,PROVISIONAL
Google_Play-8a6e6c41-9bfb-4a15-bbae-c2f83ead1bda-02,Google Play,8a6e6c41-9bfb-4a15-bbae-c2f83ead1bda,friction,PORTFOLIO_ACCOUNT_INFORMATION,,PORTFOLIO_TRACKING,NONE,quản lý lời lỗ phải nhờ excel,HIGH,False,False,PROVISIONAL
Google_Play-8a6e6c41-9bfb-4a15-bbae-c2f83ead1bda-03,Google Play,8a6e6c41-9bfb-4a15-bbae-c2f83ead1bda,friction,PORTFOLIO_ACCOUNT_INFORMATION,,PRODUCT_DISCOVERY_MARKET_DATA,NONE,xem bảng giá phải nhờ SSI,HIGH,False,False,PROVISIONAL
Google_Play-1eb01879-8d2e-41ce-a4b4-1dfd9c6ffd53-01,Google Play,1eb01879-8d2e-41ce-a4b4-1dfd9c6ffd53,friction,PERFORMANCE_RELIABILITY,,GENERAL_CROSS_JOURNEY,NONE,"App lag, lỗi lurg tung",HIGH,False,False,PROVISIONAL
Google_Play-1eb01879-8d2e-41ce-a4b4-1dfd9c6ffd53-02,Google Play,1eb01879-8d2e-41ce-a4b4-1dfd9c6ffd53,failure,DEPOSIT_WITHDRAWAL_TRANSFER,,FUNDING_CASH_TRANSFER,NONE,liên kết TCB gì mãi chả được,HIGH,False,False,PROVISIONAL
Google_Play-1eb01879-8d2e-41ce-a4b4-1dfd9c6ffd53-03,Google Play,1eb01879-8d2e-41ce-a4b4-1dfd9c6ffd53,failure,PORTFOLIO_ACCOUNT_INFORMATION,,PORTFOLIO_TRACKING,NONE,số dư thì hiện chập chờn,HIGH,False,False,PROVISIONAL
Google_Play-e7a9cf27-0878-42f7-8972-3a2542c2af3f-01,Google Play,e7a9cf27-0878-42f7-8972-3a2542c2af3f,failure,ONBOARDING_KYC,,ACCOUNT_OPENING_KYC,NONE,"phần mềm tồi tệ, xác minh khuôn mặt cả nghìn lần không được.",HIGH,False,False,PROVISIONAL
Google_Play-56f40fd1-9968-4020-a53d-7faa5f81b4ba-01,Google Play,56f40fd1-9968-4020-a53d-7faa5f81b4ba,praise,,,GENERAL_CROSS_JOURNEY,NONE,good,HIGH,False,False,PROVISIONAL
Google_Play-ab2dfff3-3256-4426-bcff-90608588dd94-01,Google Play,ab2dfff3-3256-4426-bcff-90608588dd94,failure,TRADING_ORDER_EXECUTION,,TRADING_ORDER_MANAGEMENT,NONE,"không khớp được lệnh mặc dù lệnh LO , giá mua cao hơn giá rao bán vẫn không khớp",HIGH,False,False,PROVISIONAL
Google_Play-02cf4533-f984-4fee-9f9a-dfcca55f1a06-01,Google Play,02cf4533-f984-4fee-9f9a-dfcca55f1a06,failure,ONBOARDING_KYC,,ACCOUNT_OPENING_KYC,NONE,Tạo tài khoản không cho tạo r hiện sđt không hợp lệ?? Vậy tạo app chi mà không cho người dùng giao dịch??,HIGH,False,False,PROVISIONAL
Google_Play-5d89ab13-4007-48a8-8e02-6279e531d636-01,Google Play,5d89ab13-4007-48a8-8e02-6279e531d636,praise,ONBOARDING_KYC,,ACCOUNT_OPENING_KYC,NONE,đăng ký online hôm trước thì hôm sau được duyệt để mua rồi,HIGH,False,False,PROVISIONAL
Google_Play-5d89ab13-4007-48a8-8e02-6279e531d636-02,Google Play,5d89ab13-4007-48a8-8e02-6279e531d636,praise,FEE_PRICING,,TRADING_ORDER_MANAGEMENT,NONE,phí 0.03% khá rẻ,HIGH,False,False,PROVISIONAL
Google_Play-5d89ab13-4007-48a8-8e02-6279e531d636-03,Google Play,5d89ab13-4007-48a8-8e02-6279e531d636,other,DEPOSIT_WITHDRAWAL_TRANSFER,,FUNDING_CASH_TRANSFER,NONE,Sau khi chuyển tiền thì tầm 1 phút mới cập nhật số dư,HIGH,False,False,PROVISIONAL
Google_Play-5d89ab13-4007-48a8-8e02-6279e531d636-04,Google Play,5d89ab13-4007-48a8-8e02-6279e531d636,praise,,,GENERAL_CROSS_JOURNEY,NONE,Khoảng tầm 9h tối sẽ được nhận thư tổng kết về giao dịch mua bán trong ngày,HIGH,False,False,PROVISIONAL
Google_Play-e5ec7f53-687e-43a7-aa2c-55e6ead04049-01,Google Play,e5ec7f53-687e-43a7-aa2c-55e6ead04049,failure,PERFORMANCE_RELIABILITY,,TRADING_ORDER_MANAGEMENT,NONE,"App quá chán. Lúc cần bán thì k vào dc, dựt lag quá",HIGH,False,False,PROVISIONAL
Google_Play-01ad6ded-2aab-45a5-b0c7-e94d5828b921-01,Google Play,01ad6ded-2aab-45a5-b0c7-e94d5828b921,failure,PERFORMANCE_RELIABILITY,,GENERAL_CROSS_JOURNEY,NONE,lag,HIGH,False,False,PROVISIONAL
Google_Play-70b1c57f-f62a-4b30-b5cb-08fef6063ccd-01,Google Play,70b1c57f-f62a-4b30-b5cb-08fef6063ccd,unmet_need,UX_NAVIGATION_COMPLEXITY,,GENERAL_CROSS_JOURNEY,NONE,"App làm rối quá, làm như SSI hay MBS cho dễ sử dụng.",HIGH,False,False,PROVISIONAL
Google_Play-b80c2d64-7ce6-4036-9237-860697ee5178-01,Google Play,b80c2d64-7ce6-4036-9237-860697ee5178,failure,PERFORMANCE_RELIABILITY,,GENERAL_CROSS_JOURNEY,NONE,"chậm, lag quá ạ",HIGH,False,False,PROVISIONAL
Google_Play-036f8109-831e-469c-bbe2-1b284129e69b-01,Google Play,036f8109-831e-469c-bbe2-1b284129e69b,praise,,,GENERAL_CROSS_JOURNEY,NONE,Tôi thấy dùng tốt bình mà sao mọi người bình luận tệ thế nhỉ hay do mới tham gia thị trường nên vậy,HIGH,False,False,PROVISIONAL
Google_Play-9e1764d8-c3f8-42aa-ae90-cd5c55046620-01,Google Play,9e1764d8-c3f8-42aa-ae90-cd5c55046620,friction,UX_NAVIGATION_COMPLEXITY,,TRADING_ORDER_MANAGEMENT,NONE,"Phần đặt lệnh, hiển thị các mức giá chờ khớp chưa được dễ dùng như của FPT và SSI",HIGH,False,False,PROVISIONAL
Google_Play-9450f8ac-d9ba-4f47-b7f2-3271066a7707-01,Google Play,9450f8ac-d9ba-4f47-b7f2-3271066a7707,failure,ONBOARDING_KYC,,ACCOUNT_OPENING_KYC,NONE,app lỗi vcl. không quay vid xác thực khuôn mặt được. quá tệ,HIGH,False,False,PROVISIONAL
Google_Play-5bac4bc7-ad1e-45fe-858c-84c7185e971a-01,Google Play,5bac4bc7-ad1e-45fe-858c-84c7185e971a,failure,ONBOARDING_KYC,,ACCOUNT_OPENING_KYC,NONE,"Ứng dụng lỏi, vô tạo tài khoản bấm tiếp tục mãi k đc",HIGH,False,False,PROVISIONAL
Google_Play-74c2b3de-07a9-4e83-afe4-76ce8134f8f0-01,Google Play,74c2b3de-07a9-4e83-afe4-76ce8134f8f0,failure,AUTHENTICATION_IOTP,,LOGIN_AUTHENTICATION,NONE,yêu cầu mã iOTP mà chờ gần 30p không có,HIGH,False,False,PROVISIONAL
Google_Play-74c2b3de-07a9-4e83-afe4-76ce8134f8f0-02,Google Play,74c2b3de-07a9-4e83-afe4-76ce8134f8f0,failure,CUSTOMER_SUPPORT,,CUSTOMER_SUPPORT,NONE,liên hệ nhân viên thì không được,HIGH,False,False,PROVISIONAL
Google_Play-84a4e782-1615-4764-ad24-3974c5da8eb0-01,Google Play,84a4e782-1615-4764-ad24-3974c5da8eb0,failure,PERFORMANCE_RELIABILITY,,GENERAL_CROSS_JOURNEY,NONE,app lag giật khó dùng,HIGH,False,False,PROVISIONAL
Google_Play-7d25eb7f-ac40-4de4-8943-5ab02a03cdbf-01,Google Play,7d25eb7f-ac40-4de4-8943-5ab02a03cdbf,friction,PERFORMANCE_RELIABILITY,,GENERAL_CROSS_JOURNEY,NONE,app TCBS chậm,HIGH,False,False,PROVISIONAL
Google_Play-7d25eb7f-ac40-4de4-8943-5ab02a03cdbf-02,Google Play,7d25eb7f-ac40-4de4-8943-5ab02a03cdbf,feature_request,UX_NAVIGATION_COMPLEXITY,,GENERAL_CROSS_JOURNEY,NONE,các bạn cần đơn giản hóa giao diện,HIGH,False,False,PROVISIONAL
Google_Play-b60631dc-52f7-4a6e-ab62-777981d617ec-01,Google Play,b60631dc-52f7-4a6e-ab62-777981d617ec,friction,UX_NAVIGATION_COMPLEXITY,,TRADING_ORDER_MANAGEMENT,NONE,xem chart và đặt lệnh chuyển qua lại rất phức tạp,HIGH,False,False,PROVISIONAL
Google_Play-b60631dc-52f7-4a6e-ab62-777981d617ec-02,Google Play,b60631dc-52f7-4a6e-ab62-777981d617ec,friction,PORTFOLIO_ACCOUNT_INFORMATION,,PORTFOLIO_TRACKING,NONE,Muốn xem danh mục của tôi đang giữ biến động thế nào cũng rườm rà,HIGH,False,False,PROVISIONAL
Google_Play-b60631dc-52f7-4a6e-ab62-777981d617ec-03,Google Play,b60631dc-52f7-4a6e-ab62-777981d617ec,feature_request,TRADING_ORDER_EXECUTION,,TRADING_ORDER_MANAGEMENT,NONE,tôi muốn vừa xem chart nhanh vừa đặt lệnh nhiều ngày (24/7) đơn giản,HIGH,False,False,PROVISIONAL
Google_Play-ef9573f5-cac7-4b27-857a-f29bebf2c4d2-01,Google Play,ef9573f5-cac7-4b27-857a-f29bebf2c4d2,failure,TRADING_ORDER_EXECUTION,,TRADING_ORDER_MANAGEMENT,NONE,"Tôi đang sở hữu quỹ tcef đặt mua thêm ccq ngay trong tcef mà khi đặt lệnh lại lòi ra lệnh mua tcbf là sao vậy, ai code app kỳ vậy",HIGH,False,False,PROVISIONAL
Google_Play-f93f9a8e-c094-4ceb-8268-f4ba73dbb18c-01,Google Play,f93f9a8e-c094-4ceb-8268-f4ba73dbb18c,failure,ONBOARDING_KYC,DIGITAL_SIGNATURE_CONTEXT,ACCOUNT_OPENING_KYC,HIGH,"bắt làm chữ ký số mà cứ chụp ảnh xong là đơ, ko làm đc cái gì nữa, xóa đi cài lại vẫn thế",HIGH,True,False,PROVISIONAL
Google_Play-4ae66065-e785-4516-a20d-51040c7a80d2-01,Google Play,4ae66065-e785-4516-a20d-51040c7a80d2,friction,UX_NAVIGATION_COMPLEXITY,,GENERAL_CROSS_JOURNEY,NONE,"rẻ rách, đã rườm rà còn khó xài",HIGH,False,False,PROVISIONAL
Google_Play-45b7bb0f-cd74-43a9-9b85-bd050b6a1f9f-01,Google Play,45b7bb0f-cd74-43a9-9b85-bd050b6a1f9f,friction,PORTFOLIO_ACCOUNT_INFORMATION,,PRODUCT_DISCOVERY_MARKET_DATA,NONE,phải vào ssi xem giá,HIGH,False,False,PROVISIONAL
Google_Play-45b7bb0f-cd74-43a9-9b85-bd050b6a1f9f-02,Google Play,45b7bb0f-cd74-43a9-9b85-bd050b6a1f9f,friction,UX_NAVIGATION_COMPLEXITY,,GENERAL_CROSS_JOURNEY,NONE,App giao diên quá chán,HIGH,False,False,PROVISIONAL
Google_Play-6638c299-2864-4386-837e-41064b75be48-01,Google Play,6638c299-2864-4386-837e-41064b75be48,failure,PERFORMANCE_RELIABILITY,,GENERAL_CROSS_JOURNEY,NONE,sao cứ cứng đơ không nhích nhút gõ bất kỳ một chữ nào được....,HIGH,False,False,PROVISIONAL
App_Store-11751734326-01,App Store,11751734326,praise,,,PRODUCT_DISCOVERY_MARKET_DATA,NONE,tôi thích bảng giá,HIGH,False,False,PROVISIONAL
App_Store-11801692398-01,App Store,11801692398,praise,,,UNKNOWN,NONE,Oke,LOW,False,True,PROVISIONAL
Google_Play-c6eae58a-de68-4a0d-add8-231850981783-01,Google Play,c6eae58a-de68-4a0d-add8-231850981783,praise,PORTFOLIO_ACCOUNT_INFORMATION,,PRODUCT_DISCOVERY_MARKET_DATA,NONE,Bước đầu thấy phù hợp cho cá nhân tự phân tích,MEDIUM,False,False,PROVISIONAL
Google_Play-c6eae58a-de68-4a0d-add8-231850981783-02,Google Play,c6eae58a-de68-4a0d-add8-231850981783,feature_request,PORTFOLIO_ACCOUNT_INFORMATION,,PRODUCT_DISCOVERY_MARKET_DATA,NONE,Cần bổ sung thêm khung chart để hiển thị thêm mã. Thêm khung thời gian để phân tích.,MEDIUM,False,False,PROVISIONAL
Google_Play-c6eae58a-de68-4a0d-add8-231850981783-03,Google Play,c6eae58a-de68-4a0d-add8-231850981783,unmet_need,SECURITY_ACCOUNT_PROTECTION,,GENERAL_CROSS_JOURNEY,NONE,tại sao có thông báo mua gói bảo mật việc bảo mật và giữ an toàn cho khách hàng trên hệ thống là đương nhiên phải đáp ứng,MEDIUM,False,False,PROVISIONAL
Google_Play-01c61fdf-61e9-4a21-9167-382c2205e006-01,Google Play,01c61fdf-61e9-4a21-9167-382c2205e006,unclear,UNCLEAR,,UNKNOWN,NONE,App quá tệ,MEDIUM,False,False,PROVISIONAL
Google_Play-b5161b29-c1a7-41da-b77f-d8fd16a97d00-01,Google Play,b5161b29-c1a7-41da-b77f-d8fd16a97d00,unclear,UNCLEAR,,UNKNOWN,NONE,tcbs năm nay nghỉ lễ sớm à,LOW,False,True,PROVISIONAL
App_Store-11750539058-01,App Store,11750539058,failure,PORTFOLIO_ACCOUNT_INFORMATION,,PORTFOLIO_TRACKING,NONE,ở phần tất cả không hiện thị thông số tiền trong 2 TK ngân hàng và tk ký quỹ,HIGH,False,False,PROVISIONAL
App_Store-11750539058-02,App Store,11750539058,failure,PORTFOLIO_ACCOUNT_INFORMATION,,PORTFOLIO_TRACKING,NONE,Margin không hiển thị + -,HIGH,False,False,PROVISIONAL
App_Store-11764988478-01,App Store,11764988478,failure,ACCOUNT_RECOVERY_PROFILE_CHANGE,,ACCOUNT_PROFILE_MAINTENANCE,NONE,Trải nghiệm 05 ngày bị giam tài khoản chỉ vì chờ 02 tờ giấy từ ngân hàng gửi về TCBS,MEDIUM,False,False,PROVISIONAL
App_Store-11764988478-02,App Store,11764988478,friction,CUSTOMER_SUPPORT,,CUSTOMER_SUPPORT,NONE,"tổng đài zalo, fb ... trả lời như 1 con robot",MEDIUM,False,False,PROVISIONAL
App_Store-11782829718-01,App Store,11782829718,unmet_need,TRADING_ORDER_EXECUTION,,TRADING_ORDER_MANAGEMENT,NONE,Khi ngta đặt lệnh mua phải mặc định là lệnh thường chứ không phải là lệnh ký quỹ. Ký quỹ cái gì mà trừ hết 50% tiền đặt mua trong khi không có lời.,HIGH,False,False,PROVISIONAL
App_Store-12004106819-01,App Store,12004106819,unclear,UNCLEAR,,UNKNOWN,NONE,Lỗi app,MEDIUM,False,False,PROVISIONAL
App_Store-12031084904-01,App Store,12031084904,failure,PERFORMANCE_RELIABILITY,,PORTFOLIO_TRACKING,NONE,Vào danh mục treo đơ luôn,HIGH,False,False,PROVISIONAL
App_Store-12092046546-01,App Store,12092046546,friction,TRADING_ORDER_EXECUTION,,TRADING_ORDER_MANAGEMENT,NONE,Nhiều lúc đặt giá xong mở ra xem giá tt đã thay đổi từ lúc nào.,HIGH,False,False,PROVISIONAL
App_Store-12092046546-02,App Store,12092046546,friction,TRADING_ORDER_EXECUTION,,TRADING_ORDER_MANAGEMENT,NONE,quên ko biết khối lượng cp của mình có bao nhiêu lại phải quay lại từ đầu để xem,HIGH,False,False,PROVISIONAL
App_Store-12268805709-01,App Store,12268805709,friction,UX_NAVIGATION_COMPLEXITY,,GENERAL_CROSS_JOURNEY,NONE,Giao diện trên ipad ko được scale fit với màn hình dẫn tới tình trạng bị xộc xệch khá khó chịu!,HIGH,False,False,PROVISIONAL
App_Store-12387003343-01,App Store,12387003343,failure,AUTHENTICATION_IOTP,,LOGIN_AUTHENTICATION,NONE,Lỗi đăng nhập,HIGH,False,False,PROVISIONAL
App_Store-12387003343-02,App Store,12387003343,friction,CUSTOMER_SUPPORT,,CUSTOMER_SUPPORT,NONE,Hỗ trợ kém,HIGH,False,False,PROVISIONAL
App_Store-12388866897-01,App Store,12388866897,failure,NOTIFICATION_COMMUNICATION,,GENERAL_CROSS_JOURNEY,NONE,Thông báo dao dịch trong ngày về mail chậm. Hơn 10h chưa thấy đâu.,HIGH,False,False,PROVISIONAL
App_Store-12388866897-02,App Store,12388866897,confusion,PORTFOLIO_ACCOUNT_INFORMATION,,PORTFOLIO_TRACKING,NONE,Hiễn thị lãi lỗ rối.,HIGH,False,False,PROVISIONAL
App_Store-12492849736-01,App Store,12492849736,failure,EXCESSIVE_DATA_CONSUMPTION,,GENERAL_CROSS_JOURNEY,NONE,"Mỗi mở app tốn hơn 30MB data, xài ko để ý là hết dung lượng 4g",HIGH,False,False,PROVISIONAL
App_Store-12722683974-01,App Store,12722683974,praise,,,GENERAL_CROSS_JOURNEY,NONE,Xứng đáng app đầu tu số 1 VN,MEDIUM,False,False,PROVISIONAL
App_Store-12727113643-01,App Store,12727113643,praise,,,PRODUCT_DISCOVERY_MARKET_DATA,NONE,105CTOIYEUVN tôi thích bảng giá,MEDIUM,False,False,PROVISIONAL
App_Store-12764204218-01,App Store,12764204218,praise,CUSTOMER_SUPPORT,,CUSTOMER_SUPPORT,NONE,"thái độ, tác phong phục vụ hỗ trợ Kh cũng rất tốt, chuyên nghiệp, nhanh gọn",HIGH,False,False,PROVISIONAL
App_Store-12764204218-02,App Store,12764204218,praise,ONBOARDING_KYC,,ACCOUNT_OPENING_KYC,NONE,hài lòng khi mở tk và gd tại TCBS,HIGH,False,False,PROVISIONAL
App_Store-12768095866-01,App Store,12768095866,praise,,,GENERAL_CROSS_JOURNEY,NONE,App đỉnh nóc,HIGH,False,False,PROVISIONAL
App_Store-12795601247-01,App Store,12795601247,failure,ONBOARDING_KYC,,ACCOUNT_OPENING_KYC,NONE,Xét duyệt mở tk chậm chạp. Gửi 3 lần căn cước vẫn ko dc.,HIGH,False,False,PROVISIONAL
App_Store-12795601247-02,App Store,12795601247,friction,UX_NAVIGATION_COMPLEXITY,,GENERAL_CROSS_JOURNEY,NONE,"Giao diện tối đen khó dùng, không trực quan",HIGH,False,False,PROVISIONAL
App_Store-12795601247-03,App Store,12795601247,friction,TRADING_ORDER_EXECUTION,,TRADING_ORDER_MANAGEMENT,NONE,muốn mua CP rất loằng ngoằng,HIGH,False,False,PROVISIONAL
App_Store-12901670031-01,App Store,12901670031,friction,UX_NAVIGATION_COMPLEXITY,,GENERAL_CROSS_JOURNEY,NONE,"quá nhiều tính năng, bị rối.",HIGH,False,False,PROVISIONAL
App_Store-12901670031-02,App Store,12901670031,failure,TRADING_ORDER_EXECUTION,,TRADING_ORDER_MANAGEMENT,NONE,"giao dịch, đặt lệnh hay lỗi mất giá đặt",HIGH,False,False,PROVISIONAL
App_Store-12901670031-03,App Store,12901670031,failure,PERFORMANCE_RELIABILITY,,GENERAL_CROSS_JOURNEY,NONE,"thao tác qua tính năng với nhau hay bị đen màn hình, toàn phải tắt app rồi vào lại",HIGH,False,False,PROVISIONAL
App_Store-12901670031-04,App Store,12901670031,failure,MARKET_DATA_INFORMATION,,PRODUCT_DISCOVERY_MARKET_DATA,NONE,"giá thị trường cập nhật chậm, thiếu chính xác, hay cần phải làm mới",HIGH,False,False,PROVISIONAL
App_Store-13009066553-01,App Store,13009066553,feature_request,AUTHENTICATION_IOTP,,LOGIN_AUTHENTICATION,NONE,Đến hiện tại mứoi có mở khoá bằng vân tay và mật khẩu. Bao giờ chúng tôi mới có chức năng khuôn mặt để mở khoá vậy???,HIGH,False,False,PROVISIONAL
App_Store-13013318242-01,App Store,13013318242,friction,DEPOSIT_WITHDRAWAL_TRANSFER,,FUNDING_CASH_TRANSFER,NONE,Quá rườm rà phức tạp cho người dùng khi lần đầu trải nghiệm ứng dụng,HIGH,False,False,PROVISIONAL
App_Store-13013318242-02,App Store,13013318242,failure,DEPOSIT_WITHDRAWAL_TRANSFER,,FUNDING_CASH_TRANSFER,NONE,tiền bắn vào TK đã làm thủ tục tra soát mà tới cả tuần tiền TK vẫn bằng 0,HIGH,False,False,PROVISIONAL
App_Store-13013318242-03,App Store,13013318242,friction,CUSTOMER_SUPPORT,,CUSTOMER_SUPPORT,NONE,AI hỗ trợ nói luyên thuyên chả đâu vào đâu,HIGH,False,False,PROVISIONAL
App_Store-13048038499-01,App Store,13048038499,failure,DEPOSIT_WITHDRAWAL_TRANSFER,,FUNDING_CASH_TRANSFER,NONE,"App giao diện rối rắm, rút tiền về ngân hàng mà cái nút chuyển xám xịt. Rồi bị giam tiền ở trỏng luôn",HIGH,False,False,PROVISIONAL
App_Store-13065672412-01,App Store,13065672412,failure,DEPOSIT_WITHDRAWAL_TRANSFER,,FUNDING_CASH_TRANSFER,NONE,"Chuyển tiền ra khỏi hỏi đủ thứ, đừng có nói là ngoài giờ, 2h30 chiều mà ngoài giờ cái nỗi gì. 30p không chuyển tiền ra khỏi được.",HIGH,False,False,PROVISIONAL
App_Store-13177936096-01,App Store,13177936096,failure,ACCOUNT_RECOVERY_PROFILE_CHANGE,,ACCOUNT_PROFILE_MAINTENANCE,NONE,"Popup yêu cầu thay đổi hiện lên liên tục, lúc qua bước khác cũng không lưu lại, user bấm nhầm một cái là phải làm lại từ đầu",HIGH,False,False,PROVISIONAL
App_Store-13177936096-02,App Store,13177936096,friction,ACCOUNT_RECOVERY_PROFILE_CHANGE,,ACCOUNT_PROFILE_MAINTENANCE,NONE,không cho cập nhật/khiếu nại trên yêu cầu cũ mà bắt tạo yêu cầu mới,HIGH,False,False,PROVISIONAL
App_Store-13216345199-01,App Store,13216345199,friction,UX_NAVIGATION_COMPLEXITY,,GENERAL_CROSS_JOURNEY,NONE,"App mới (hiện T10/2025) rất nhiều tính năng nhưng đa số không hữu dụng cho NĐT đọc lập, nên rất cồng kềnh.",HIGH,False,False,PROVISIONAL
App_Store-13216345199-02,App Store,13216345199,friction,TRADING_ORDER_EXECUTION,,TRADING_ORDER_MANAGEMENT,NONE,"giao diện KHÔNG thể hiện các bước giá, không thấy giá SÀN / TRẦN,",HIGH,False,False,PROVISIONAL
App_Store-13216345199-03,App Store,13216345199,friction,UX_NAVIGATION_COMPLEXITY,,PRODUCT_DISCOVERY_MARKET_DATA,NONE,Tính năng lọc cổ phiếu phức tạp khó xài chưa được như kỳ vọng,HIGH,False,False,PROVISIONAL
App_Store-13446154783-01,App Store,13446154783,praise,FEE_PRICING,,GENERAL_CROSS_JOURNEY,NONE,"chi phí rẻ, nhiều tính năng ( nhiều quá hơi rối), dễ sử dụng trên cả PC + mobile.",MEDIUM,False,False,PROVISIONAL
App_Store-13446154783-02,App Store,13446154783,friction,UX_NAVIGATION_COMPLEXITY,,GENERAL_CROSS_JOURNEY,NONE,nhiều tính năng ( nhiều quá hơi rối),MEDIUM,False,False,PROVISIONAL
App_Store-13446154783-03,App Store,13446154783,unmet_need,MARKET_RESEARCH_RECOMMENDATION_UTILITY,,PRODUCT_DISCOVERY_MARKET_DATA,NONE,Đội ngũ phân tích thị trường khá tệ,MEDIUM,False,False,PROVISIONAL
App_Store-13628052342-01,App Store,13628052342,failure,ACCOUNT_RECOVERY_PROFILE_CHANGE,,ACCOUNT_PROFILE_MAINTENANCE,NONE,Làm chụp hình theo app thì KHÔNG CÓ up hình thông tin cccd cũ => CSKH thì gửi bảng hướng dẫn không khớp với thực tế trên app TC Invest,HIGH,False,False,PROVISIONAL
App_Store-13628052342-02,App Store,13628052342,failure,ONBOARDING_KYC,,ACCOUNT_PROFILE_MAINTENANCE,NONE,service bên em từ chối màu tụi em TỰ QUY ĐỊNH ĐÓ KHÔNG PHẢI MÀU SCAN - TRONG KHI ĐÓ LÀ BẢN SCAN,HIGH,False,False,PROVISIONAL
App_Store-13630920900-01,App Store,13630920900,failure,TRADING_ORDER_EXECUTION,,TRADING_ORDER_MANAGEMENT,NONE,"thích là ngắt kết nối giao dịch, không đặt huỷ lệnh được.",HIGH,False,False,PROVISIONAL
App_Store-13680993301-01,App Store,13680993301,failure,PERFORMANCE_RELIABILITY,,GENERAL_CROSS_JOURNEY,NONE,Sau khi cập nhật bản mới nhất 6.4 thì không thể mở được app TCBS.,HIGH,False,False,PROVISIONAL
App_Store-13691875675-01,App Store,13691875675,friction,UX_NAVIGATION_COMPLEXITY,,GENERAL_CROSS_JOURNEY,NONE,The buttons and menu items are too small for mobile.,HIGH,False,False,PROVISIONAL
App_Store-13691875675-02,App Store,13691875675,confusion,UX_NAVIGATION_COMPLEXITY,,GENERAL_CROSS_JOURNEY,NONE,The UX flows are unpredictable,HIGH,False,False,PROVISIONAL
App_Store-13691875675-03,App Store,13691875675,unmet_need,CUSTOMER_SUPPORT,,PRODUCT_DISCOVERY_MARKET_DATA,NONE,The AI chat doesn’t have the context of the selected code.,HIGH,False,False,PROVISIONAL
App_Store-13732893373-01,App Store,13732893373,failure,DEPOSIT_WITHDRAWAL_TRANSFER,,FUNDING_CASH_TRANSFER,NONE,Nạo tiền không và tài khoản,MEDIUM,False,False,PROVISIONAL
App_Store-13835758727-01,App Store,13835758727,failure,DEPOSIT_WITHDRAWAL_TRANSFER,,FUNDING_CASH_TRANSFER,NONE,"Lần này 4 ngày rồi không back lại tiền, mà back lại cũng k biết làm thế nào để nộp",HIGH,False,False,PROVISIONAL
App_Store-13856798811-01,App Store,13856798811,friction,UX_NAVIGATION_COMPLEXITY,,GENERAL_CROSS_JOURNEY,NONE,Giao diện như thập niên 1990,HIGH,False,False,PROVISIONAL
App_Store-13856798811-02,App Store,13856798811,failure,ONBOARDING_KYC,,ACCOUNT_OPENING_KYC,NONE,kyc mất mẹ 3 ngày,HIGH,False,False,PROVISIONAL
App_Store-13856798811-03,App Store,13856798811,failure,DEPOSIT_WITHDRAWAL_TRANSFER,,FUNDING_CASH_TRANSFER,NONE,Nạp tiền mua bán mãi ko xong,HIGH,False,False,PROVISIONAL
Google_Play-4b71fea7-84a2-4154-8d2d-5c42a17b0c85-01,Google Play,4b71fea7-84a2-4154-8d2d-5c42a17b0c85,friction,UX_NAVIGATION_COMPLEXITY,,GENERAL_CROSS_JOURNEY,MEDIUM,"Cùng một ngân hàng (Techcom), nhưng app ngân hàng và app chứng khoán đúng là một trời một vực. Bao nhiêu năm chả cải thiện gì.",MEDIUM,False,False,PROVISIONAL
Google_Play-802d4076-b5c5-4e2d-948f-29e654c7b257-01,Google Play,802d4076-b5c5-4e2d-948f-29e654c7b257,failure,AUTHENTICATION_IOTP,,LOGIN_AUTHENTICATION,HIGH,Chụp ảnh xác thực khuôn mặt cứ yêu cầu chụp chỗ sáng trong khi đang bật cả 10 bóng đèn.,HIGH,False,False,PROVISIONAL
Google_Play-802d4076-b5c5-4e2d-948f-29e654c7b257-02,Google Play,802d4076-b5c5-4e2d-948f-29e654c7b257,friction,UX_NAVIGATION_COMPLEXITY,,GENERAL_CROSS_JOURNEY,MEDIUM,"Ứng dụng kiểu đơn giản là nhúng cái WebView để sử dụng, đem lại trải nghiệm TỒI TỆ cho người dùng.",MEDIUM,False,False,PROVISIONAL
Google_Play-95d102f4-de7e-4a0d-aaea-c51a4fcb0255-01,Google Play,95d102f4-de7e-4a0d-aaea-c51a4fcb0255,failure,ACCOUNT_RECOVERY_PROFILE_CHANGE,,ACCOUNT_PROFILE_MAINTENANCE,HIGH,Có mỗi cái cập nhật cccd mà làm đi làm lại ko được.,HIGH,False,False,PROVISIONAL
App_Store-11779920813-01,App Store,11779920813,failure,PERFORMANCE_RELIABILITY,,LOGIN_AUTHENTICATION,HIGH,"Sáng nay đăng nhập đơ, không vào được.",HIGH,False,False,PROVISIONAL
App_Store-11787725265-01,App Store,11787725265,failure,PERFORMANCE_RELIABILITY,,GENERAL_CROSS_JOURNEY,HIGH,"Update xong không vào được app, mấy lần trước cũng vậy, update xong là lỗi",HIGH,False,False,PROVISIONAL
Google_Play-a4f73b4f-11b7-42b5-93f1-87783249b116-01,Google Play,a4f73b4f-11b7-42b5-93f1-87783249b116,friction,ACCOUNT_RECOVERY_PROFILE_CHANGE,,ACCOUNT_PROFILE_MAINTENANCE,HIGH,"Dịch vụ đăng ký dữ liệu căn cước online quá chậm, làm cả tháng chả xong",HIGH,False,False,PROVISIONAL
App_Store-11800367652-01,App Store,11800367652,failure,PERFORMANCE_RELIABILITY,,LOGIN_AUTHENTICATION,HIGH,Giờ cứ vào là văng ra,HIGH,False,False,PROVISIONAL
App_Store-11805859173-01,App Store,11805859173,friction,PERFORMANCE_RELIABILITY,,TRADING_ORDER_MANAGEMENT,MEDIUM,giao dịch lâu mà đợi như chờ chồng chiến tranh về,MEDIUM,False,False,PROVISIONAL
Google_Play-45435afe-152e-4913-bdee-e39eb1804c0a-01,Google Play,45435afe-152e-4913-bdee-e39eb1804c0a,failure,ACCOUNT_RECOVERY_PROFILE_CHANGE,,ACCOUNT_PROFILE_MAINTENANCE,HIGH,"Không thể bật máy ảnh để thay đổi thông tin cccd, luôn báo lỗi và yêu cầu khởi động lại app",HIGH,False,False,PROVISIONAL
Google_Play-d6b5be90-d178-452d-8396-ef0be44bab81-01,Google Play,d6b5be90-d178-452d-8396-ef0be44bab81,failure,ACCOUNT_RECOVERY_PROFILE_CHANGE,,ACCOUNT_PROFILE_MAINTENANCE,HIGH,tôi đã yêu cầu cập nhật cccd mới của tôi trên app mà không được,HIGH,False,False,PROVISIONAL
Google_Play-d6b5be90-d178-452d-8396-ef0be44bab81-02,Google Play,d6b5be90-d178-452d-8396-ef0be44bab81,friction,CUSTOMER_SUPPORT,,CUSTOMER_SUPPORT,MEDIUM,nhân viên CSKH của CTY chứng khoán FPTS chỉ gọi điện thoại & hướng dẫn tôi trong vòng 5 phút thì đã cập nhật cccd mới của tôi rồi,MEDIUM,False,False,PROVISIONAL
Google_Play-797721a8-d105-4218-ac7a-51cd1a22f9cf-01,Google Play,797721a8-d105-4218-ac7a-51cd1a22f9cf,failure,ACCOUNT_RECOVERY_PROFILE_CHANGE,,ACCOUNT_PROFILE_MAINTENANCE,HIGH,app mở camera chụp hình xác nhận tài khoảng ko đc yêu câu khởi động lại.,HIGH,False,False,PROVISIONAL
App_Store-11813796447-01,App Store,11813796447,failure,SECURITY_ACCOUNT_PROTECTION,,LOGIN_AUTHENTICATION,HIGH,"Version hiện tại có thể đăng nhập tự do, không cần nhập mật khẩu hoặc face ID - trong cả 2 trường hợp cài đặt dùng face ID để đăng nhập và không dùng.",HIGH,False,False,PROVISIONAL
Google_Play-a6034dee-e8e0-402f-ac3b-e4cebefc1248-01,Google Play,a6034dee-e8e0-402f-ac3b-e4cebefc1248,friction,CUSTOMER_SUPPORT,,CUSTOMER_SUPPORT,MEDIUM,"TCBS lừa đảo kêu đánh giá App trả 30k, rồi không trả.",MEDIUM,False,True,PROVISIONAL
App_Store-11820582267-01,App Store,11820582267,failure,NOTIFICATION_COMMUNICATION,,FUNDING_CASH_TRANSFER,HIGH,Tự động trừ tiền đã nạp vào ký quỹ mà không thông báo,HIGH,False,False,PROVISIONAL
Google_Play-bad1a7a5-44f2-46eb-aa33-77442bd0448d-01,Google Play,bad1a7a5-44f2-46eb-aa33-77442bd0448d,friction,AUTHENTICATION_IOTP,,TRADING_ORDER_MANAGEMENT,HIGH,mã otp gửi chậm là lỡ thời gian giao dịch,HIGH,False,False,PROVISIONAL
App_Store-11836640608-01,App Store,11836640608,friction,CUSTOMER_SUPPORT,,CUSTOMER_SUPPORT,MEDIUM,"Tcbs đảo các chương trình Review/Giới thiệu, xong không thanh toán.",MEDIUM,False,True,PROVISIONAL
Google_Play-5da9ec21-517e-459b-b34d-8661408fc812-01,Google Play,5da9ec21-517e-459b-b34d-8661408fc812,friction,PERFORMANCE_RELIABILITY,,GENERAL_CROSS_JOURNEY,HIGH,"App rất nặng, tốc độ xử lý chậm và thường xuyên phải Load lại.",HIGH,False,False,PROVISIONAL
Google_Play-5da9ec21-517e-459b-b34d-8661408fc812-02,Google Play,5da9ec21-517e-459b-b34d-8661408fc812,friction,CUSTOMER_SUPPORT,,CUSTOMER_SUPPORT,MEDIUM,Hỗ trợ xử lý tự động cho khách hàng kém.,MEDIUM,False,False,PROVISIONAL
App_Store-11839386523-01,App Store,11839386523,failure,UX_NAVIGATION_COMPLEXITY,,LOGIN_AUTHENTICATION,HIGH,may mac m3 khong hien thi duoc thong tin dang nhap,HIGH,False,False,PROVISIONAL
Google_Play-cbbc87cf-77ee-4fec-931e-ea3e9a56ba2a-01,Google Play,cbbc87cf-77ee-4fec-931e-ea3e9a56ba2a,unclear,OTHER,,UNKNOWN,LOW,Tệ,LOW,False,True,PROVISIONAL
App_Store-11864397009-01,App Store,11864397009,failure,AUTHENTICATION_IOTP,,LOGIN_AUTHENTICATION,HIGH,App khônh gửi otp về. Không vào được tài khoảng.,HIGH,False,False,PROVISIONAL
App_Store-11864397009-02,App Store,11864397009,friction,CUSTOMER_SUPPORT,,CUSTOMER_SUPPORT,HIGH,Tìm bên hỗ trợ không ra. Số điện thoại cskh gọi cũng như không,HIGH,False,False,PROVISIONAL
Google_Play-e3f5cf46-2491-45ef-9268-c516fff48ea3-01,Google Play,e3f5cf46-2491-45ef-9268-c516fff48ea3,friction,CUSTOMER_SUPPORT,,CUSTOMER_SUPPORT,MEDIUM,"Bảo đánh giá dc ixu, vài tháng chả thấy đâu",MEDIUM,False,True,PROVISIONAL
App_Store-11871877953-01,App Store,11871877953,friction,CUSTOMER_SUPPORT,,CUSTOMER_SUPPORT,MEDIUM,Liên quan tới tài chính mà đem Ai ra chăm sóc và nói chuyện với khách hàng. Rất bực mình,HIGH,False,False,PROVISIONAL
App_Store-11871881939-01,App Store,11871881939,friction,CUSTOMER_SUPPORT,,CUSTOMER_SUPPORT,MEDIUM,Tổng đài hết sức coi thường khách hàng khi lôi Ai ra hỗ trợ khách hàng,HIGH,False,False,PROVISIONAL
Google_Play-4277ac82-b4c7-48b8-a1c3-18f4164e9ff0-01,Google Play,4277ac82-b4c7-48b8-a1c3-18f4164e9ff0,failure,CUSTOMER_SUPPORT,,CUSTOMER_SUPPORT,HIGH,"Tự nhiên khóa ichat của khách không lý do, lạm quyền chèn ép người dùng",MEDIUM,False,True,PROVISIONAL
App_Store-11894826169-01,App Store,11894826169,friction,UX_NAVIGATION_COMPLEXITY,,GENERAL_CROSS_JOURNEY,MEDIUM,Khó dùng và hay treo,MEDIUM,False,False,PROVISIONAL
Google_Play-4bf366e1-0727-40b7-bff3-aa519707fdf1-01,Google Play,4bf366e1-0727-40b7-bff3-aa519707fdf1,friction,ACCOUNT_RECOVERY_PROFILE_CHANGE,,ACCOUNT_PROFILE_MAINTENANCE,HIGH,"Cập nhật thay đổi thông tin KH quá lâu, đã lập lệnh điều chỉnh từ 11.10, hẹn dự kiến hoàn tất 21.10 nhưng đến giờ 5.11 vẫn chưa xong",HIGH,False,False,PROVISIONAL
Google_Play-20eca2ba-c0a0-449e-ba64-0e62611515ff-01,Google Play,20eca2ba-c0a0-449e-ba64-0e62611515ff,friction,CUSTOMER_SUPPORT,,CUSTOMER_SUPPORT,MEDIUM,"Chính sách hút máu giải quyết vô lý, giải quyết cho khách hàng cứ như không giải quyết",LOW,False,True,PROVISIONAL
App_Store-11940079131-01,App Store,11940079131,failure,MARKET_DATA_INFORMATION,,PRODUCT_DISCOVERY_MARKET_DATA,HIGH,"Bấm vào chi tiết realtime toàn hiện bảng chữ cái lên, dữ liệu mỗi lần vào app đều không tự cập nhật. Toàn phải tắt hẳn mở lại mới có data",HIGH,False,False,PROVISIONAL
Google_Play-fc45dc94-05b8-4eb1-ba80-35472fdb61bd-01,Google Play,fc45dc94-05b8-4eb1-ba80-35472fdb61bd,friction,ACCOUNT_RECOVERY_PROFILE_CHANGE,,ACCOUNT_PROFILE_MAINTENANCE,HIGH,Cập nhật cccd từ 22/10 đến nay chưa xong.,HIGH,False,False,PROVISIONAL
Google_Play-fc45dc94-05b8-4eb1-ba80-35472fdb61bd-02,Google Play,fc45dc94-05b8-4eb1-ba80-35472fdb61bd,friction,CUSTOMER_SUPPORT,,CUSTOMER_SUPPORT,MEDIUM,Zalo/FB/ tổng đài toàn nói chuyện với bot.,HIGH,False,False,PROVISIONAL
App_Store-11947847736-01,App Store,11947847736,failure,UX_NAVIGATION_COMPLEXITY,,PRODUCT_DISCOVERY_MARKET_DATA,MEDIUM,App không xoay ngay được khi xem bảng giá và đồ thị. Xoá app cài lại vẫn bị,HIGH,False,False,PROVISIONAL
Google_Play-6b3b31df-5713-450f-80fb-32ef3ce8c5c5-01,Google Play,6b3b31df-5713-450f-80fb-32ef3ce8c5c5,failure,AUTHENTICATION_IOTP,,LOGIN_AUTHENTICATION,HIGH,Không thể đăng ký iOTP để giao dịch.,HIGH,False,False,PROVISIONAL
Google_Play-6b3b31df-5713-450f-80fb-32ef3ce8c5c5-02,Google Play,6b3b31df-5713-450f-80fb-32ef3ce8c5c5,friction,CUSTOMER_SUPPORT,,CUSTOMER_SUPPORT,MEDIUM,Chăm sóc khách hàng A.I ko hỗ trợ được. Còn nhân viên thì quá hời hợt,HIGH,False,False,PROVISIONAL
Google_Play-54721d43-fdc9-44d4-8e09-ae6f201e72a7-01,Google Play,54721d43-fdc9-44d4-8e09-ae6f201e72a7,friction,ONBOARDING_KYC,,ACCOUNT_OPENING_KYC,HIGH,nội xác minh cccd mà còn làm ko xong thì làm gì ăn,MEDIUM,False,False,PROVISIONAL
Google_Play-de1bacde-5a2d-4fa0-a39c-2f1c03f716cd-01,Google Play,de1bacde-5a2d-4fa0-a39c-2f1c03f716cd,friction,NOTIFICATION_COMMUNICATION,,GENERAL_CROSS_JOURNEY,MEDIUM,Bọn này gọi điện làm phiền liên tục mọi người nên né bọn này ra!,MEDIUM,False,True,PROVISIONAL
Google_Play-a7799e9c-cd03-481b-a4d6-edcdabdb4f2f-01,Google Play,a7799e9c-cd03-481b-a4d6-edcdabdb4f2f,friction,PERFORMANCE_RELIABILITY,,GENERAL_CROSS_JOURNEY,HIGH,"Giật, lag, mặc dù dùng điện thoại cấu hình cao (flagship).",HIGH,False,False,PROVISIONAL
Google_Play-a7799e9c-cd03-481b-a4d6-edcdabdb4f2f-02,Google Play,a7799e9c-cd03-481b-a4d6-edcdabdb4f2f,unmet_need,MARKET_RESEARCH_RECOMMENDATION_UTILITY,,PRODUCT_DISCOVERY_MARKET_DATA,MEDIUM,Nhiều tính năng nhưng chưa hữu dụng với người dùng,MEDIUM,False,False,PROVISIONAL
Google_Play-6025ead0-ff94-4e25-a54e-954e4535bed5-01,Google Play,6025ead0-ff94-4e25-a54e-954e4535bed5,friction,PERFORMANCE_RELIABILITY,,GENERAL_CROSS_JOURNEY,MEDIUM,Ứng dụng hay lỗi,MEDIUM,False,True,PROVISIONAL
Google_Play-7f810ad3-3cf2-482f-a672-724c4708c9ff-01,Google Play,7f810ad3-3cf2-482f-a672-724c4708c9ff,friction,CUSTOMER_SUPPORT,,CUSTOMER_SUPPORT,HIGH,"Ko có nhân viên hỗ trợ, AI ko giải quyết được vấn đề!!",HIGH,False,False,PROVISIONAL
App_Store-11989241555-01,App Store,11989241555,failure,TRADING_ORDER_EXECUTION,,TRADING_ORDER_MANAGEMENT,HIGH,"Mua được nhưng lệnh bán không được. Trong khi mục tài sản vẫn hiện số dư, mà lúc đặt lệnh bán lại hiện lỗi không đủ số dư",HIGH,False,False,PROVISIONAL
Google_Play-29d490fd-c15d-4be9-99d5-10022d6c23de-01,Google Play,29d490fd-c15d-4be9-99d5-10022d6c23de,friction,ACCOUNT_RECOVERY_PROFILE_CHANGE,,ACCOUNT_PROFILE_MAINTENANCE,HIGH,"Cập nhật thay đổi thông tin KH quá lâu, đã lập lệnh điều chỉnh từ 11.10, hẹn dự kiến hoàn tất 21.10 nhưng đến giờ 5.11 vẫn chưa xong",HIGH,False,False,PROVISIONAL
App_Store-11996760927-01,App Store,11996760927,friction,UX_NAVIGATION_COMPLEXITY,,GENERAL_CROSS_JOURNEY,MEDIUM,App có giao diện khó sử dụng,HIGH,False,False,PROVISIONAL
App_Store-12004038909-01,App Store,12004038909,friction,PERFORMANCE_RELIABILITY,,GENERAL_CROSS_JOURNEY,MEDIUM,Lỗi liên tục,MEDIUM,False,True,PROVISIONAL
App_Store-12004133798-01,App Store,12004133798,failure,PERFORMANCE_RELIABILITY,,GENERAL_CROSS_JOURNEY,HIGH,29/11 nguyên phiên chiều không vào được app.,HIGH,False,False,PROVISIONAL
Google_Play-052e8a5a-ce1f-4184-b7b6-0daa2af90d13-01,Google Play,052e8a5a-ce1f-4184-b7b6-0daa2af90d13,failure,PERFORMANCE_RELIABILITY,,TRADING_ORDER_MANAGEMENT,HIGH,"App lỗi, k giao dịch đc",HIGH,False,False,PROVISIONAL
Google_Play-c3f153ed-ae52-44b1-a794-96f8f5f7ff2b-01,Google Play,c3f153ed-ae52-44b1-a794-96f8f5f7ff2b,friction,PERFORMANCE_RELIABILITY,,GENERAL_CROSS_JOURNEY,HIGH,App siêu chậm. Siêu lag.,HIGH,False,False,PROVISIONAL
Google_Play-c3f153ed-ae52-44b1-a794-96f8f5f7ff2b-02,Google Play,c3f153ed-ae52-44b1-a794-96f8f5f7ff2b,failure,ONBOARDING_KYC,,ACCOUNT_OPENING_KYC,HIGH,Đăng kí mãi không xong,MEDIUM,False,False,PROVISIONAL
Google_Play-56c6cec9-3a65-4190-82eb-bca71203b087-01,Google Play,56c6cec9-3a65-4190-82eb-bca71203b087,friction,TRADING_ORDER_EXECUTION,,TRADING_ORDER_MANAGEMENT,MEDIUM,Khớp lệnh lâu,MEDIUM,False,False,PROVISIONAL
Google_Play-56c6cec9-3a65-4190-82eb-bca71203b087-02,Google Play,56c6cec9-3a65-4190-82eb-bca71203b087,friction,UX_NAVIGATION_COMPLEXITY,,GENERAL_CROSS_JOURNEY,MEDIUM,giao diện người dùng hay lỗi,MEDIUM,False,False,PROVISIONAL
Google_Play-4ffa38c7-3d75-4382-bda6-a59c38a086c5-01,Google Play,4ffa38c7-3d75-4382-bda6-a59c38a086c5,friction,CUSTOMER_SUPPORT,,CUSTOMER_SUPPORT,HIGH,Liên hệ vs tư vấn viên khó hơn gọi cho tổng thống,HIGH,False,False,PROVISIONAL
Google_Play-afc773f6-3f0d-4521-b3d9-b4cb65b7a359-01,Google Play,afc773f6-3f0d-4521-b3d9-b4cb65b7a359,failure,PERFORMANCE_RELIABILITY,,GENERAL_CROSS_JOURNEY,HIGH,Mỗi lần hệ thống cập nhật là bị lỗi không sử dụng được.,HIGH,False,False,PROVISIONAL
Google_Play-e122e8d9-d3dd-4724-9d97-68a12f9d7cfb-01,Google Play,e122e8d9-d3dd-4724-9d97-68a12f9d7cfb,friction,UX_NAVIGATION_COMPLEXITY,,GENERAL_CROSS_JOURNEY,MEDIUM,Thực sự các bạn nên học giao diện của mbs ! Nhìn các bạn rất khó và ko tiện ích,MEDIUM,False,False,PROVISIONAL
Google_Play-4d26c12f-b791-4ea2-8aef-733060a10ec0-01,Google Play,4d26c12f-b791-4ea2-8aef-733060a10ec0,failure,UX_NAVIGATION_COMPLEXITY,,GENERAL_CROSS_JOURNEY,HIGH,Android 8.1 không cài được,HIGH,False,False,PROVISIONAL
Google_Play-12b10ee3-52df-494b-b46c-547c6b279a3c-01,Google Play,12b10ee3-52df-494b-b46c-547c6b279a3c,friction,ONBOARDING_KYC,,ACCOUNT_OPENING_KYC,HIGH,"Sau khi đăng ký và kích hoạt tài khoản, app yêu cầu đăng ký chữ ký số cá nhân của FPT để ký HĐ. Không thể thoát khỏi màn hình đăng ký này để sử dụng chức năng khác.",HIGH,False,False,PROVISIONAL
Google_Play-52d4ce83-3408-4752-9713-0b6523a58a86-01,Google Play,52d4ce83-3408-4752-9713-0b6523a58a86,failure,ACCOUNT_RECOVERY_PROFILE_CHANGE,,ACCOUNT_PROFILE_MAINTENANCE,HIGH,Không cập nhật được căn cước,HIGH,False,False,PROVISIONAL
App_Store-12098535718-01,App Store,12098535718,friction,PERFORMANCE_RELIABILITY,,GENERAL_CROSS_JOURNEY,HIGH,3 ngày lag 7 ngày đơ,HIGH,False,False,PROVISIONAL
Google_Play-402640bc-cfa8-409e-95c8-fecd62daaa30-01,Google Play,402640bc-cfa8-409e-95c8-fecd62daaa30,friction,DEPOSIT_WITHDRAWAL_TRANSFER,,FUNDING_CASH_TRANSFER,HIGH,"Cứ lâu lâu thích là khóa tính năng rút tiền (khóa 48h lun mới chịu) của người ta, làm nhỡ bao nhiêu việc.",HIGH,False,False,PROVISIONAL
App_Store-12126154861-01,App Store,12126154861,failure,UX_NAVIGATION_COMPLEXITY,,GENERAL_CROSS_JOURNEY,HIGH,Không mở được app trên MacBook Air M1,HIGH,False,False,PROVISIONAL
Google_Play-4e53832e-1fa8-4c1d-b05f-19a3ea2c0afb-01,Google Play,4e53832e-1fa8-4c1d-b05f-19a3ea2c0afb,failure,MARKET_DATA_INFORMATION,,PORTFOLIO_TRACKING,HIGH,sáng 9h10 tiền cọc vẫn còn trong VSD nhưng trên app không hiện làm tôi không đặt được lệnh.,HIGH,False,False,PROVISIONAL
Google_Play-4e53832e-1fa8-4c1d-b05f-19a3ea2c0afb-02,Google Play,4e53832e-1fa8-4c1d-b05f-19a3ea2c0afb,failure,TRADING_ORDER_EXECUTION,,TRADING_ORDER_MANAGEMENT,HIGH,"Trưa 11h bấm hủy hết lệnh, rõ ràng ngón tay tôi không đưa lên ô đặt lệnh nhưng vẫn lag và vào Long. Chưa kể có những lúc lag k đặt được lệnh.",HIGH,False,False,PROVISIONAL
Google_Play-abff860a-3329-408e-a188-cf64dac8a665-01,Google Play,abff860a-3329-408e-a188-cf64dac8a665,friction,UX_NAVIGATION_COMPLEXITY,,GENERAL_CROSS_JOURNEY,MEDIUM,Ứng dụng rối nuồi khó sử dụng,MEDIUM,False,False,PROVISIONAL
Google_Play-abff860a-3329-408e-a188-cf64dac8a665-02,Google Play,abff860a-3329-408e-a188-cf64dac8a665,friction,PERFORMANCE_RELIABILITY,,GENERAL_CROSS_JOURNEY,MEDIUM,"lag, lỗi",MEDIUM,False,False,PROVISIONAL
Google_Play-033b8a01-f565-4002-a7dc-d7432622c677-01,Google Play,033b8a01-f565-4002-a7dc-d7432622c677,feature_request,OTHER,,GENERAL_CROSS_JOURNEY,LOW,Cập nhật lên Icon màu xanh cho phong thủy đi ad ak,HIGH,True,False,PROVISIONAL
Google_Play-c795a0ec-2772-46c0-9315-375ef7f4d185-01,Google Play,c795a0ec-2772-46c0-9315-375ef7f4d185,failure,UX_NAVIGATION_COMPLEXITY,,GENERAL_CROSS_JOURNEY,HIGH,Đang dùng bình thường tự nhiên nâng cấp ứng dụng làm cho ko tương thích với máy.,HIGH,False,False,PROVISIONAL
App_Store-12161401216-01,App Store,12161401216,friction,FEE_PRICING,,FUNDING_CASH_TRANSFER,HIGH,Lãi 3 triệu trừ thuế phí hết còn vài trăm nghìn.,HIGH,False,False,PROVISIONAL
App_Store-12166129599-01,App Store,12166129599,friction,DEPOSIT_WITHDRAWAL_TRANSFER,,FUNDING_CASH_TRANSFER,HIGH,Lừa đảo giam tiền của người dùng sau khi nhận chuyển khoản,MEDIUM,False,True,PROVISIONAL
App_Store-12166276133-01,App Store,12166276133,unclear,OTHER,,UNKNOWN,LOW,app ngu như đầu cu,LOW,False,True,PROVISIONAL
Google_Play-87571d07-a777-45e4-9a77-f0456fb86077-01,Google Play,87571d07-a777-45e4-9a77-f0456fb86077,friction,TRADING_ORDER_EXECUTION,,TRADING_ORDER_MANAGEMENT,HIGH,App về tài chính mà giao dịch chậm còn lát nữa lỗ với nó biết nhiêu tức nữa,HIGH,False,False,PROVISIONAL
App_Store-12189754220-01,App Store,12189754220,failure,TRADING_ORDER_EXECUTION,,TRADING_ORDER_MANAGEMENT,HIGH,Toàn lỗi không đặt được lệnh.,HIGH,False,False,PROVISIONAL
App_Store-12189754220-02,App Store,12189754220,failure,PORTFOLIO_ACCOUNT_INFORMATION,,PORTFOLIO_TRACKING,HIGH,Nhiều khi đến tài khoản cũng không hiển thị.,HIGH,False,False,PROVISIONAL
Google_Play-0fcb0828-d856-4321-8bc3-2de4dc7e9c97-01,Google Play,0fcb0828-d856-4321-8bc3-2de4dc7e9c97,friction,UX_NAVIGATION_COMPLEXITY,,GENERAL_CROSS_JOURNEY,MEDIUM,"Giao diện app mới quá tệ, tiền trên app không bật tắt hiện thị được, cứ phô phô ra cho người khác chẳng may thấy được.",HIGH,False,False,PROVISIONAL
Google_Play-0fcb0828-d856-4321-8bc3-2de4dc7e9c97-02,Google Play,0fcb0828-d856-4321-8bc3-2de4dc7e9c97,friction,UX_NAVIGATION_COMPLEXITY,,PRODUCT_DISCOVERY_MARKET_DATA,MEDIUM,Để xem cái bảng giá cổ phiếu mà ấn rõ nhiều thao tác để vào: Đầu tư--> Cổ phiếu--> Bảng giá.,HIGH,False,False,PROVISIONAL
Google_Play-bd974c97-210a-4d21-b82a-061dcf6f9d90-01,Google Play,bd974c97-210a-4d21-b82a-061dcf6f9d90,unclear,OTHER,,UNKNOWN,LOW,ANNALEEJ. TƯỞNG HAY NHƯNG CŨNG TẠM ĐƯỢC.RẤT TỆ.,LOW,False,True,PROVISIONAL
Google_Play-f3452f5c-9b63-415a-919b-3b9c959a9a36-01,Google Play,f3452f5c-9b63-415a-919b-3b9c959a9a36,friction,DEPOSIT_WITHDRAWAL_TRANSFER,,FUNDING_CASH_TRANSFER,HIGH,tự chặn không khách hàng rút tiền,HIGH,False,False,PROVISIONAL
Google_Play-361acf1b-88b1-48b5-bddc-8ad9f98e0eca-01,Google Play,361acf1b-88b1-48b5-bddc-8ad9f98e0eca,friction,UX_NAVIGATION_COMPLEXITY,,GENERAL_CROSS_JOURNEY,MEDIUM,Quá tệ. Làm ơn trở lại phiên bản cũ hoặc mất khách,MEDIUM,False,True,PROVISIONAL
Google_Play-dd9d816b-8331-4ba5-94e8-093407351930-01,Google Play,dd9d816b-8331-4ba5-94e8-093407351930,friction,PORTFOLIO_ACCOUNT_INFORMATION,,PORTFOLIO_TRACKING,MEDIUM,Phiên bảng mới không xem được tổng tiền lời lỗ trong thời gian dài,HIGH,False,False,PROVISIONAL
Google_Play-96d7b06e-56b8-42af-8a8e-9f3770f1d970-01,Google Play,96d7b06e-56b8-42af-8a8e-9f3770f1d970,friction,UX_NAVIGATION_COMPLEXITY,,TRADING_ORDER_MANAGEMENT,HIGH,Tìm mãi không thấy phím Mua - Bán.,HIGH,False,False,PROVISIONAL
Google_Play-96d7b06e-56b8-42af-8a8e-9f3770f1d970-02,Google Play,96d7b06e-56b8-42af-8a8e-9f3770f1d970,friction,PORTFOLIO_ACCOUNT_INFORMATION,,PORTFOLIO_TRACKING,MEDIUM,Không lên tổng quan tài sản,HIGH,False,False,PROVISIONAL
App_Store-12219869008-01,App Store,12219869008,friction,PERFORMANCE_RELIABILITY,,GENERAL_CROSS_JOURNEY,MEDIUM,Hay bị lag phi đóng phiên,HIGH,False,False,PROVISIONAL
App_Store-12219869008-02,App Store,12219869008,failure,PORTFOLIO_ACCOUNT_INFORMATION,,PORTFOLIO_TRACKING,MEDIUM,thống kê tài sản không chính xác (mấy bản cập nhật gần đây bị),HIGH,False,False,PROVISIONAL
Google_Play-bdc43597-7227-4f14-a0f8-c8eba93ef177-01,Google Play,bdc43597-7227-4f14-a0f8-c8eba93ef177,failure,AUTHENTICATION_IOTP,,LOGIN_AUTHENTICATION,HIGH,Sau khi tạo tài khoản thì không cho đăng nhập nữa,HIGH,False,False,PROVISIONAL
Google_Play-bdc43597-7227-4f14-a0f8-c8eba93ef177-02,Google Play,bdc43597-7227-4f14-a0f8-c8eba93ef177,friction,CUSTOMER_SUPPORT,,CUSTOMER_SUPPORT,HIGH,"Liên hệ CSKH thì nói chuyện như bot, không có chuyên môn, qua loa",HIGH,False,False,PROVISIONAL
Google_Play-5f211f78-6e87-45cf-85b0-37a09898ad22-01,Google Play,5f211f78-6e87-45cf-85b0-37a09898ad22,failure,TRADING_ORDER_EXECUTION,,TRADING_ORDER_MANAGEMENT,HIGH,chưa phải ngày cuối mà giao dịch treo không làm gì được,HIGH,False,False,PROVISIONAL
App_Store-12223647522-01,App Store,12223647522,failure,MARKET_DATA_INFORMATION,,PORTFOLIO_TRACKING,HIGH,Hnay là 24 rồi mà giá vẫn lấy ngày 22.,HIGH,False,False,PROVISIONAL
Google_Play-bafa4c19-4760-4299-b62a-867de951e07e-01,Google Play,bafa4c19-4760-4299-b62a-867de951e07e,friction,PERFORMANCE_RELIABILITY,,GENERAL_CROSS_JOURNEY,MEDIUM,tự nhiên up ver. kém hơn cả ver trước. tệ hại vãi chưởng,MEDIUM,False,True,PROVISIONAL
Google_Play-32e58255-2e2f-4050-b054-13857c73aa95-01,Google Play,32e58255-2e2f-4050-b054-13857c73aa95,friction,UX_NAVIGATION_COMPLEXITY,,GENERAL_CROSS_JOURNEY,MEDIUM,"Giáo diện rối, khó dùng. Dùng mấy năm rồi vẫn chưa quen. Những tính năng hay dùng thì cứ ẩn sâu tít ở đâu.",HIGH,False,False,PROVISIONAL
Google_Play-b688ac8c-082a-4976-8c70-99f9430abc75-01,Google Play,b688ac8c-082a-4976-8c70-99f9430abc75,unclear,OTHER,,UNKNOWN,LOW,Tệ,LOW,False,True,PROVISIONAL
App_Store-12272742831-01,App Store,12272742831,failure,MARKET_DATA_INFORMATION,,PRODUCT_DISCOVERY_MARKET_DATA,HIGH,"app ko cập nhật giá trong danh sách cổ phiếu. đã thử xoá cache, gỡ app cài lại vẫn bị vậy",HIGH,False,False,PROVISIONAL
Google_Play-eb14734e-ab13-43dd-bb29-ef1dc0fe53b5-01,Google Play,eb14734e-ab13-43dd-bb29-ef1dc0fe53b5,failure,MARKET_DATA_INFORMATION,,TRADING_ORDER_MANAGEMENT,HIGH,Bản cập nhật mới lỗi khá nhiều việc mua bán mà ở phần cổ phiếu dùng dữ liệu cũ k update việc mua bán giá tb và khối lượng,HIGH,False,False,PROVISIONAL
Google_Play-4d999c16-c914-4907-9e7a-d026d3bf7959-01,Google Play,4d999c16-c914-4907-9e7a-d026d3bf7959,failure,MARKET_DATA_INFORMATION,,PRODUCT_DISCOVERY_MARKET_DATA,HIGH,Cập nhật siêu chậm giá & tiền,HIGH,False,False,PROVISIONAL
Google_Play-ad76edd9-a952-4969-8e45-ef221d81f18b-01,Google Play,ad76edd9-a952-4969-8e45-ef221d81f18b,failure,AUTHENTICATION_IOTP,,LOGIN_AUTHENTICATION,HIGH,Ko quét đc QR để đăng nhập trên máy tính.,HIGH,False,False,PROVISIONAL
Google_Play-ad76edd9-a952-4969-8e45-ef221d81f18b-02,Google Play,ad76edd9-a952-4969-8e45-ef221d81f18b,friction,UX_NAVIGATION_COMPLEXITY,,GENERAL_CROSS_JOURNEY,MEDIUM,Nhiềi popup tắt đi rồi vẫn hiện,HIGH,False,False,PROVISIONAL
App_Store-12276846294-01,App Store,12276846294,friction,UX_NAVIGATION_COMPLEXITY,,GENERAL_CROSS_JOURNEY,MEDIUM,"App giao diện mới xấu, không thân thiện, chức năng Trang Chủ quảng cáo Ibond, Trái Phiếu,TCBS nhiều!",HIGH,False,False,PROVISIONAL
Google_Play-85397d16-df0b-4874-8800-0c0ae762fc78-01,Google Play,85397d16-df0b-4874-8800-0c0ae762fc78,friction,PERFORMANCE_RELIABILITY,,GENERAL_CROSS_JOURNEY,MEDIUM,"Cập nhật hồi đầu tuần làm ứng dụng lag giật nhiều hơn, load số tiền trên các trang chậm.",HIGH,False,False,PROVISIONAL
Google_Play-85397d16-df0b-4874-8800-0c0ae762fc78-02,Google Play,85397d16-df0b-4874-8800-0c0ae762fc78,failure,MARKET_DATA_INFORMATION,,PORTFOLIO_TRACKING,MEDIUM,Lệnh bán rồi nhưbg vào danh sách cổ phiếu vẫn chưa cập nhật.,HIGH,False,False,PROVISIONAL
Google_Play-85397d16-df0b-4874-8800-0c0ae762fc78-03,Google Play,85397d16-df0b-4874-8800-0c0ae762fc78,friction,UX_NAVIGATION_COMPLEXITY,,GENERAL_CROSS_JOURNEY,MEDIUM,Các popup chồng chéo.,HIGH,False,False,PROVISIONAL
Google_Play-01e975f4-5aa8-4faf-b486-40c742040df8-01,Google Play,01e975f4-5aa8-4faf-b486-40c742040df8,friction,PERFORMANCE_RELIABILITY,,GENERAL_CROSS_JOURNEY,MEDIUM,"Update bản quá tệ, chậm, khó theo dõi",MEDIUM,False,True,PROVISIONAL
Google_Play-1134856f-d768-4db4-bca4-a8c71a18bdc3-01,Google Play,1134856f-d768-4db4-bca4-a8c71a18bdc3,friction,UX_NAVIGATION_COMPLEXITY,,TRADING_ORDER_MANAGEMENT,MEDIUM,"Giao diên đặt bán như shirt. Như cũ đặt nhanh tự nhiên sửa cho chậm, làm lằng nhà lằng nhằng",HIGH,False,False,PROVISIONAL
Google_Play-1f9a3b08-c3ca-4b1c-aac2-52a4c15b915f-01,Google Play,1f9a3b08-c3ca-4b1c-aac2-52a4c15b915f,unmet_need,MARKET_RESEARCH_RECOMMENDATION_UTILITY,,PRODUCT_DISCOVERY_MARKET_DATA,MEDIUM,App cập nhật hoài mà không có tính năng xem giá lô lẻ . Thua xa mấy app của yuanta .,HIGH,False,False,PROVISIONAL
Google_Play-e775c6ff-c6da-4115-bf43-72d5e4246237-01,Google Play,e775c6ff-c6da-4115-bf43-72d5e4246237,failure,AUTHENTICATION_IOTP,,LOGIN_AUTHENTICATION,HIGH,Quét khuôn mặt. Camera đen ngòm,HIGH,False,False,PROVISIONAL
Google_Play-33532f4d-bf89-4a0b-9a75-8915051ba05b-01,Google Play,33532f4d-bf89-4a0b-9a75-8915051ba05b,failure,PERFORMANCE_RELIABILITY,,GENERAL_CROSS_JOURNEY,HIGH,"App lỗi , ko vào được nữa",HIGH,False,False,PROVISIONAL
Google_Play-e782edc9-35e9-4c3d-a0a1-bd567bac84e4-01,Google Play,e782edc9-35e9-4c3d-a0a1-bd567bac84e4,failure,UX_NAVIGATION_COMPLEXITY,,GENERAL_CROSS_JOURNEY,HIGH,Không tương thích samsung s9 plus,HIGH,False,False,PROVISIONAL
App_Store-12301648806-01,App Store,12301648806,failure,DEPOSIT_WITHDRAWAL_TRANSFER,,FUNDING_CASH_TRANSFER,HIGH,Hay bị lỗi chuyển tiền,HIGH,False,False,PROVISIONAL
App_Store-12301648806-02,App Store,12301648806,friction,CUSTOMER_SUPPORT,,CUSTOMER_SUPPORT,MEDIUM,nhắn tin không xử lý,HIGH,False,False,PROVISIONAL
App_Store-12308962875-01,App Store,12308962875,friction,UX_NAVIGATION_COMPLEXITY,,GENERAL_CROSS_JOURNEY,MEDIUM,giao diện mới rất lag khó dùng,HIGH,False,False,PROVISIONAL
App_Store-12316968970-01,App Store,12316968970,failure,AUTHENTICATION_IOTP,,LOGIN_AUTHENTICATION,HIGH,Không đăng nhập được bằng Face ID trên iPhone 11.,HIGH,False,False,PROVISIONAL
Google_Play-4b3c680c-14f7-44c1-8af3-2e40c1b2080b-01,Google Play,4b3c680c-14f7-44c1-8af3-2e40c1b2080b,friction,SECURITY_ACCOUNT_PROTECTION,,GENERAL_CROSS_JOURNEY,HIGH,Worst security app I ever use.,MEDIUM,False,True,PROVISIONAL
Google_Play-4b3c680c-14f7-44c1-8af3-2e40c1b2080b-02,Google Play,4b3c680c-14f7-44c1-8af3-2e40c1b2080b,friction,UX_NAVIGATION_COMPLEXITY,,GENERAL_CROSS_JOURNEY,MEDIUM,"The UI an UX terrible, there are many features which unnecessary make it hard to navigate.",HIGH,False,False,PROVISIONAL
Google_Play-d4a6fbeb-f903-4aea-bd78-0ba65cdf6475-01,Google Play,d4a6fbeb-f903-4aea-bd78-0ba65cdf6475,failure,MARKET_DATA_INFORMATION,,PRODUCT_DISCOVERY_MARKET_DATA,MEDIUM,Gần đây có lỗi không hiển thị đồ thị.,HIGH,False,False,PROVISIONAL
Google_Play-d4a6fbeb-f903-4aea-bd78-0ba65cdf6475-02,Google Play,d4a6fbeb-f903-4aea-bd78-0ba65cdf6475,friction,DEPOSIT_WITHDRAWAL_TRANSFER,,FUNDING_CASH_TRANSFER,MEDIUM,Ngoài ra còn vấn đề rút tiền về ngân hàng rất lâu nếu không phải trong giờ hành chính và trước 3h chiều.,HIGH,False,False,PROVISIONAL
Google_Play-5dd0f3f0-4aa9-473c-9c6f-ac1a156c50b6-01,Google Play,5dd0f3f0-4aa9-473c-9c6f-ac1a156c50b6,failure,UX_NAVIGATION_COMPLEXITY,,LOGIN_AUTHENTICATION,HIGH,T không đăng nhập được trên note 8,HIGH,False,False,PROVISIONAL
App_Store-12356932020-01,App Store,12356932020,unclear,OTHER,,UNKNOWN,MEDIUM,"Thằng nào viết cái app này vậy, cảnh cáo bà con đừng tham gia vào chứng khoán này, vào là mất tiền oan",LOW,False,True,PROVISIONAL
Google_Play-76863788-9174-44ee-8fe8-58c3a8de568a-01,Google Play,76863788-9174-44ee-8fe8-58c3a8de568a,failure,MARKET_DATA_INFORMATION,,PRODUCT_DISCOVERY_MARKET_DATA,HIGH,App thường xuyên mất dữ liệu chart. Đã lưu nhưng khi refresh hoặc mở lại thì các dữ liệu mất sạch.,HIGH,False,False,PROVISIONAL
Google_Play-74be1267-4cc5-42d7-ad3d-6a7fc5212b86-01,Google Play,74be1267-4cc5-42d7-ad3d-6a7fc5212b86,failure,PERFORMANCE_RELIABILITY,,LOGIN_AUTHENTICATION,HIGH,"Quay như chong chóng, k đăng nhập được",HIGH,False,False,PROVISIONAL
App_Store-12379946562-01,App Store,12379946562,failure,TRADING_ORDER_EXECUTION,,TRADING_ORDER_MANAGEMENT,HIGH,Thường xuyên ko bấm đặt đc lệnh,HIGH,False,False,PROVISIONAL
App_Store-12381075336-01,App Store,12381075336,friction,UX_NAVIGATION_COMPLEXITY,,GENERAL_CROSS_JOURNEY,MEDIUM,App cập nhật xong ko bằng bản cũ,MEDIUM,False,True,PROVISIONAL
Google_Play-358c0507-777c-44ad-8896-175af5430bef-01,Google Play,358c0507-777c-44ad-8896-175af5430bef,friction,DEPOSIT_WITHDRAWAL_TRANSFER,,FUNDING_CASH_TRANSFER,HIGH,kể cả nộp rút tiền là chuyện cực kỳ phức tạp,MEDIUM,False,True,PROVISIONAL
App_Store-12383638403-01,App Store,12383638403,friction,UX_NAVIGATION_COMPLEXITY,,GENERAL_CROSS_JOURNEY,MEDIUM,Quá lằng nhằng. Giao diện quá nhiều sản phẩm. Dùng rất rối,HIGH,False,False,PROVISIONAL
Google_Play-16835a35-1489-424d-bcde-3cb4a920437f-01,Google Play,16835a35-1489-424d-bcde-3cb4a920437f,friction,PERFORMANCE_RELIABILITY,,GENERAL_CROSS_JOURNEY,MEDIUM,"App dùng quá chán, lag kinh hồn",HIGH,False,False,PROVISIONAL
Google_Play-026a0327-c0c2-4b22-acfe-57fd88cda69c-01,Google Play,026a0327-c0c2-4b22-acfe-57fd88cda69c,failure,PERFORMANCE_RELIABILITY,,GENERAL_CROSS_JOURNEY,HIGH,Sáng mở ra đen thui,HIGH,False,False,PROVISIONAL
Google_Play-50aa6a09-82ff-4319-8fe0-30cb076ef201-01,Google Play,50aa6a09-82ff-4319-8fe0-30cb076ef201,friction,MARKET_DATA_INFORMATION,,PRODUCT_DISCOVERY_MARKET_DATA,MEDIUM,Widget đôi lúc chậm hơn bảng giá thị trường ở đầu ngày,HIGH,False,False,PROVISIONAL
Google_Play-91df02d7-4a22-4127-b7f6-dcafe29cf228-01,Google Play,91df02d7-4a22-4127-b7f6-dcafe29cf228,unclear,OTHER,,UNKNOWN,LOW,Nhiêu đủ hiểu,LOW,False,True,PROVISIONAL
Google_Play-c2b39805-cd67-4dff-880a-993b55348bc5-01,Google Play,c2b39805-cd67-4dff-880a-993b55348bc5,friction,UX_NAVIGATION_COMPLEXITY,,TRADING_ORDER_MANAGEMENT,MEDIUM,"Đặt lệnh không hiện thị bước giá hiện tại mua bán, không có nút mua bán ấn nhanh để đơn giản hóa mà cứ nhập bằng tay, không hiển thị thông tin lượng cp đang nắm giữ khi đặt lệnh bán",HIGH,False,False,PROVISIONAL
App_Store-12400663065-01,App Store,12400663065,failure,DEPOSIT_WITHDRAWAL_TRANSFER,,FUNDING_CASH_TRANSFER,HIGH,Ko rút dk,HIGH,False,False,PROVISIONAL
App_Store-12403217122-01,App Store,12403217122,failure,TRADING_ORDER_EXECUTION,,TRADING_ORDER_MANAGEMENT,HIGH,"Tự chọn mp khi bán, may mà huỷ lệnh kịp, định lùa gà người mới hay gì",HIGH,False,False,PROVISIONAL
App_Store-12403217122-02,App Store,12403217122,friction,UX_NAVIGATION_COMPLEXITY,,GENERAL_CROSS_JOURNEY,MEDIUM,App khó dùng,MEDIUM,False,False,PROVISIONAL
Google_Play-536055f4-505e-4ac4-8f4a-72d68e4e34d7-01,Google Play,536055f4-505e-4ac4-8f4a-72d68e4e34d7,failure,ONBOARDING_KYC,,ACCOUNT_OPENING_KYC,HIGH,Vào đến bước 2/8 bấm tiếp tục không chạy tiếp,HIGH,False,False,PROVISIONAL
App_Store-12406839316-01,App Store,12406839316,failure,TRADING_ORDER_EXECUTION,,TRADING_ORDER_MANAGEMENT,HIGH,Chỉnh đủ giá k khớp nổi,HIGH,False,False,PROVISIONAL
Google_Play-1fbfc074-a707-4bea-bc45-78e494045b90-01,Google Play,1fbfc074-a707-4bea-bc45-78e494045b90,friction,FEE_PRICING,,FUNDING_CASH_TRANSFER,HIGH,"Bán cp xong tiền mất 2,5% k bit đi đâu. Ăn cắp tài sản của nđt",MEDIUM,False,True,PROVISIONAL
Google_Play-dbc9e7e8-0a13-4b9b-bc58-8d2f8578b336-01,Google Play,dbc9e7e8-0a13-4b9b-bc58-8d2f8578b336,feature_request,TRADING_ORDER_EXECUTION,,TRADING_ORDER_MANAGEMENT,MEDIUM,"Cần thêm câu hỏi xác nhận bán trong phần bán cổ phiếu, lỡ đụng nhầm lại bán mất cp",HIGH,False,False,PROVISIONAL
Google_Play-ca0eb48c-8b0d-4c50-9638-b4ec1a4b3450-01,Google Play,ca0eb48c-8b0d-4c50-9638-b4ec1a4b3450,unclear,OTHER,,UNKNOWN,LOW,nice,LOW,False,True,PROVISIONAL
App_Store-12434867625-01,App Store,12434867625,unclear,OTHER,,UNKNOWN,LOW,Làm ăn ko ra gì,LOW,False,True,PROVISIONAL
Google_Play-0cb89c47-1f24-4236-8945-8b3ec3fa48c5-01,Google Play,0cb89c47-1f24-4236-8945-8b3ec3fa48c5,friction,DEPOSIT_WITHDRAWAL_TRANSFER,,FUNDING_CASH_TRANSFER,MEDIUM,Rút tiền văn vở,MEDIUM,False,True,PROVISIONAL
Google_Play-b5e796ac-6ba4-4b9f-9274-54fc174ecc1d-01,Google Play,b5e796ac-6ba4-4b9f-9274-54fc174ecc1d,friction,UX_NAVIGATION_COMPLEXITY,,GENERAL_CROSS_JOURNEY,MEDIUM,"App cồng kềnh, ôm đồm quá, UX quá tệ, cần quá nhiều thao tác để truy cập vào các tính năng thường dùng như bảng giá thị trường, bảng giá từng cổ phiếu.",HIGH,False,False,PROVISIONAL
App_Store-12442692786-01,App Store,12442692786,friction,MARKET_DATA_INFORMATION,,TRADING_ORDER_MANAGEMENT,MEDIUM,Đặt lệnh mà k thấy thấy giá sàn giá trần như version trước đấy,HIGH,False,False,PROVISIONAL
App_Store-12453957660-01,App Store,12453957660,friction,DEPOSIT_WITHDRAWAL_TRANSFER,,FUNDING_CASH_TRANSFER,HIGH,Tcbs giam tiền của khách hàng. Rút tiền chiều thứ 6 trong giờ giao dịch mà qua giữa tuần tiền mới về tài khoản.,HIGH,False,False,PROVISIONAL
App_Store-12453957660-02,App Store,12453957660,friction,UX_NAVIGATION_COMPLEXITY,,GENERAL_CROSS_JOURNEY,MEDIUM,giao diện apps rối rắm.,HIGH,False,False,PROVISIONAL
App_Store-12469670827-01,App Store,12469670827,friction,UX_NAVIGATION_COMPLEXITY,,TRADING_ORDER_MANAGEMENT,HIGH,"Giao diện khó sử dụng. Không tìm thấy lệnh quỹ để huỷ, lỡ mất cơ hội đầu tư.",HIGH,False,False,PROVISIONAL
App_Store-12469670827-02,App Store,12469670827,friction,NOTIFICATION_COMMUNICATION,,TRADING_ORDER_MANAGEMENT,MEDIUM,Dặt lệnh cũng k có thông báo,HIGH,False,False,PROVISIONAL
App_Store-12472251645-01,App Store,12472251645,feature_request,TRADING_ORDER_EXECUTION,,TRADING_ORDER_MANAGEMENT,LOW,Nên thêm chế độ nở sức mua từ lãi cổ phiếu qua ngày mà không cần bán cổ phiếu đi.,HIGH,True,False,PROVISIONAL
Google_Play-69e032e8-f43d-4833-8705-f22ecd0a5e13-01,Google Play,69e032e8-f43d-4833-8705-f22ecd0a5e13,friction,ONBOARDING_KYC,DIGITAL_SIGNATURE_CONTEXT,ACCOUNT_OPENING_KYC,HIGH,Bắt mau chứ ký số không dùng được chứ số bên khác.,MEDIUM,False,True,PROVISIONAL
Google_Play-c78ae7d3-8dd7-4bed-9baa-dd43ba572437-01,Google Play,c78ae7d3-8dd7-4bed-9baa-dd43ba572437,friction,CUSTOMER_SUPPORT,,CUSTOMER_SUPPORT,MEDIUM,Hỗ trợ bằng Chat bot không hiểu vấn đề !,HIGH,False,False,PROVISIONAL
App_Store-12500908724-01,App Store,12500908724,friction,UX_NAVIGATION_COMPLEXITY,,TRADING_ORDER_MANAGEMENT,HIGH,"Tìm mòn mỏi không biết đặt lệnh, sửa lệnh hay huỷ lệnh ở đâu",HIGH,False,False,PROVISIONAL
App_Store-12501658993-01,App Store,12501658993,failure,DEPOSIT_WITHDRAWAL_TRANSFER,,FUNDING_CASH_TRANSFER,HIGH,Chuyển tức app tech sang xong hiện tiền nhưng không cho mua,HIGH,False,False,PROVISIONAL
Google_Play-141e2e86-446d-46b8-a5e1-5f7093297698-01,Google Play,141e2e86-446d-46b8-a5e1-5f7093297698,friction,UX_NAVIGATION_COMPLEXITY,,GENERAL_CROSS_JOURNEY,MEDIUM,"Too much unnecessary information and function in app but lack of price information, matched price history. Not well looking. Can't sweep left, right to move",HIGH,False,False,PROVISIONAL
App_Store-12518940042-01,App Store,12518940042,friction,FEE_PRICING,,FUNDING_CASH_TRANSFER,HIGH,lãi cao ngất ngửa tự ý trừ tiền tk teck,MEDIUM,False,True,PROVISIONAL
App_Store-12524834794-01,App Store,12524834794,friction,PERFORMANCE_RELIABILITY,,GENERAL_CROSS_JOURNEY,MEDIUM,App lag kinh khủng.,HIGH,False,False,PROVISIONAL
App_Store-12524926430-01,App Store,12524926430,failure,PERFORMANCE_RELIABILITY,,GENERAL_CROSS_JOURNEY,HIGH,"App hoạt động không ổn định, thường xuyên không thể truy cập được.",HIGH,False,False,PROVISIONAL
Google_Play-68af5174-d1ec-401b-b2bd-d8ce6dd37e63-01,Google Play,68af5174-d1ec-401b-b2bd-d8ce6dd37e63,failure,TRADING_ORDER_EXECUTION,,TRADING_ORDER_MANAGEMENT,HIGH,app đơ ko đặt lệnh dc quá tệ,HIGH,False,False,PROVISIONAL
Google_Play-b61f8012-1467-4c37-91ec-91cd2a3f1334-01,Google Play,b61f8012-1467-4c37-91ec-91cd2a3f1334,friction,PERFORMANCE_RELIABILITY,,GENERAL_CROSS_JOURNEY,MEDIUM,"Ứng dụng cùi bắp, vừa đơ vừa chậm",HIGH,False,False,PROVISIONAL
Google_Play-73a77237-f86a-461e-8521-e5fa69cb0f09-01,Google Play,73a77237-f86a-461e-8521-e5fa69cb0f09,friction,UX_NAVIGATION_COMPLEXITY,,GENERAL_CROSS_JOURNEY,MEDIUM,App dùng khó chịu thật sự,MEDIUM,False,True,PROVISIONAL
Google_Play-e401a5a6-315b-4364-9d9d-ec321b9cf6e2-01,Google Play,e401a5a6-315b-4364-9d9d-ec321b9cf6e2,failure,AUTHENTICATION_IOTP,,TRADING_ORDER_MANAGEMENT,HIGH,không thể giao dịch được trong nhiều ngày liền. mã otp k gửi đến máy. tôi đã lỡ rất nhiều cơ hội chỉ vì chuyện này.,HIGH,False,False,PROVISIONAL
App_Store-12526738886-01,App Store,12526738886,friction,UX_NAVIGATION_COMPLEXITY,,TRADING_ORDER_MANAGEMENT,MEDIUM,"Phiên bản mới khó đặt lệnh , không thuận tiện như phiên bản trước đây",HIGH,False,False,PROVISIONAL
Google_Play-05fd7c56-b935-45dc-a6ba-b048212f19b4-01,Google Play,05fd7c56-b935-45dc-a6ba-b048212f19b4,friction,UX_NAVIGATION_COMPLEXITY,,TRADING_ORDER_MANAGEMENT,MEDIUM,"app quá tệ, ko như bản cũ, bước giá, khối lượng giao dịch, mua nhanh ko thấy",HIGH,False,False,PROVISIONAL
App_Store-12526882408-01,App Store,12526882408,failure,UX_NAVIGATION_COMPLEXITY,,GENERAL_CROSS_JOURNEY,HIGH,"Không mở được bằng Mac M1 nữa, mở lên chỉ thấy slogan Đầu tư an toàn, Cuộc sống an nhàn, xong đơ.",HIGH,False,False,PROVISIONAL
App_Store-12527068142-01,App Store,12527068142,friction,UX_NAVIGATION_COMPLEXITY,,TRADING_ORDER_MANAGEMENT,MEDIUM,Khi muốn mua nhanh từ bảng điện hoặc theo dõi giá và khối lượng khi mua bán khó. Chưa tối ưu,HIGH,False,False,PROVISIONAL
App_Store-12529188894-01,App Store,12529188894,friction,CUSTOMER_SUPPORT,,CUSTOMER_SUPPORT,HIGH,Làm cái tra soát mà nó hẹn 5 đến 30 ngày sau mới xong.,HIGH,False,False,PROVISIONAL
Google_Play-ca4a18a4-849d-4840-8018-6042d8905ab9-01,Google Play,ca4a18a4-849d-4840-8018-6042d8905ab9,friction,UX_NAVIGATION_COMPLEXITY,,GENERAL_CROSS_JOURNEY,MEDIUM,"hiện vào cái app mà nhìn muốn loạn não luôn. xắp xếp linh ta linh tinh, không khoa học , quá nhiều thứ",HIGH,False,False,PROVISIONAL
App_Store-12529231767-01,App Store,12529231767,friction,PERFORMANCE_RELIABILITY,,GENERAL_CROSS_JOURNEY,MEDIUM,"App lag, giật",HIGH,False,False,PROVISIONAL
App_Store-12529231767-02,App Store,12529231767,friction,DEPOSIT_WITHDRAWAL_TRANSFER,,FUNDING_CASH_TRANSFER,HIGH,giam tiền nhà đầu tư,MEDIUM,False,True,PROVISIONAL
Google_Play-dd18752c-2098-420b-a862-4323875e3130-01,Google Play,dd18752c-2098-420b-a862-4323875e3130,failure,PERFORMANCE_RELIABILITY,,GENERAL_CROSS_JOURNEY,HIGH,lúc cần vào thì k vào đc app. các ctck khác vẫn vào đc,HIGH,False,False,PROVISIONAL
App_Store-12530510462-01,App Store,12530510462,friction,DEPOSIT_WITHDRAWAL_TRANSFER,,FUNDING_CASH_TRANSFER,HIGH,Tiền vê chậm nên tạo giao dich chờ giống bnb thống kê tiền của khách mãi ko xong,MEDIUM,False,True,PROVISIONAL
App_Store-12530510462-02,App Store,12530510462,friction,UX_NAVIGATION_COMPLEXITY,,GENERAL_CROSS_JOURNEY,MEDIUM,giao diện nên học theo ssi,MEDIUM,False,False,PROVISIONAL
App_Store-12545090227-01,App Store,12545090227,friction,PERFORMANCE_RELIABILITY,,GENERAL_CROSS_JOURNEY,MEDIUM,Thường xuyên lỗi,HIGH,False,False,PROVISIONAL
App_Store-12545090227-02,App Store,12545090227,friction,CUSTOMER_SUPPORT,,CUSTOMER_SUPPORT,HIGH,"đt toàn gặp robot. Nhắn tin zalo, mess k trả lời.",HIGH,False,False,PROVISIONAL
App_Store-12545090227-03,App Store,12545090227,failure,PORTFOLIO_ACCOUNT_INFORMATION,,PORTFOLIO_TRACKING,HIGH,Số dư tài khoản mất,MEDIUM,False,True,PROVISIONAL
Google_Play-d4c48d9b-245d-41b3-8334-62424d61a32a-01,Google Play,d4c48d9b-245d-41b3-8334-62424d61a32a,friction,UX_NAVIGATION_COMPLEXITY,,GENERAL_CROSS_JOURNEY,MEDIUM,"hiện vào cái app mà nhìn muốn loạn não luôn. xắp xếp linh ta linh tinh, không khoa học , quá nhiều thứ",HIGH,False,False,PROVISIONAL
App_Store-12567815927-01,App Store,12567815927,failure,UX_NAVIGATION_COMPLEXITY,,GENERAL_CROSS_JOURNEY,HIGH,Cứ ấn vào app lại văng ra trên iOS 14.8.,HIGH,False,False,PROVISIONAL
App_Store-12568189367-01,App Store,12568189367,friction,UX_NAVIGATION_COMPLEXITY,,TRADING_ORDER_MANAGEMENT,MEDIUM,Tự nhiên cho cái phần mua bán vào bên trong. Muốn mua bán sửa lệnh phải mất mấy thao tác. Cải lùi,HIGH,False,False,PROVISIONAL
App_Store-12571498975-01,App Store,12571498975,friction,UX_NAVIGATION_COMPLEXITY,,TRADING_ORDER_MANAGEMENT,MEDIUM,"Làm ơn trả lại giao diện cũ , giao diện mới chán ko tả, rườm rà, đặt lênh mãi ko đc",HIGH,False,False,PROVISIONAL
App_Store-12575139134-01,App Store,12575139134,friction,UX_NAVIGATION_COMPLEXITY,,GENERAL_CROSS_JOURNEY,MEDIUM,"App quá xấu. Nên tham khảo ssi làm app, họ làm app rất đẹp và mượt",HIGH,False,False,PROVISIONAL
Google_Play-c287176f-3a10-4a21-b887-daec4e465824-01,Google Play,c287176f-3a10-4a21-b887-daec4e465824,failure,DEPOSIT_WITHDRAWAL_TRANSFER,,FUNDING_CASH_TRANSFER,HIGH,Không rút được tiền,HIGH,False,False,PROVISIONAL
Google_Play-d441ab41-991f-4853-8c7e-2de9a3530732-01,Google Play,d441ab41-991f-4853-8c7e-2de9a3530732,friction,UX_NAVIGATION_COMPLEXITY,,GENERAL_CROSS_JOURNEY,MEDIUM,giao diện nhìn rất rối mắt,HIGH,False,False,PROVISIONAL
Google_Play-486c6f26-fbba-4061-a1e5-c7ba8613af55-01,Google Play,486c6f26-fbba-4061-a1e5-c7ba8613af55,failure,PERFORMANCE_RELIABILITY,,TRADING_ORDER_MANAGEMENT,HIGH,app khi cần thì ko vào đc. màn hình đen thui. ko vào được thì mua bán kiểu gì.,HIGH,False,False,PROVISIONAL
App_Store-12604943636-01,App Store,12604943636,failure,PERFORMANCE_RELIABILITY,,GENERAL_CROSS_JOURNEY,HIGH,Mấy ngày không vô được. Thất thoát bao nhiêu tiền của nta,HIGH,False,False,PROVISIONAL
App_Store-12605203687-01,App Store,12605203687,failure,PERFORMANCE_RELIABILITY,,GENERAL_CROSS_JOURNEY,HIGH,Bảo trì kiểu gì mà 2 ngày chưa rồi vậy,HIGH,False,False,PROVISIONAL
App_Store-12609904288-01,App Store,12609904288,failure,PERFORMANCE_RELIABILITY,,GENERAL_CROSS_JOURNEY,HIGH,Bảo trì gì mà lâu vậy,HIGH,False,False,PROVISIONAL
Google_Play-23332da1-dcf7-46c8-a6ce-edf1100d957b-01,Google Play,23332da1-dcf7-46c8-a6ce-edf1100d957b,failure,PERFORMANCE_RELIABILITY,,GENERAL_CROSS_JOURNEY,HIGH,"bả trì 5 ngày, lần đầu mới thấy app chứng khoán tệ cỡ này",HIGH,False,False,PROVISIONAL
Google_Play-8e189ba9-1d09-4df7-b748-431c21343292-01,Google Play,8e189ba9-1d09-4df7-b748-431c21343292,failure,PERFORMANCE_RELIABILITY,,GENERAL_CROSS_JOURNEY,HIGH,Bảo trì nhiều ngày chưa thấy xong?,HIGH,False,False,PROVISIONAL
App_Store-12617407260-01,App Store,12617407260,unclear,OTHER,,UNKNOWN,LOW,app ngôn lù,LOW,False,True,PROVISIONAL
Google_Play-f517626f-d6e8-46c0-a25e-782675bb420d-01,Google Play,f517626f-d6e8-46c0-a25e-782675bb420d,failure,PERFORMANCE_RELIABILITY,,TRADING_ORDER_MANAGEMENT,HIGH,Update krx xong app lag không giao dịch được luôn,HIGH,False,False,PROVISIONAL
Google_Play-12e51ca1-c42b-4d9c-996a-d929e5655774-01,Google Play,12e51ca1-c42b-4d9c-996a-d929e5655774,friction,UX_NAVIGATION_COMPLEXITY,,GENERAL_CROSS_JOURNEY,MEDIUM,"hiện vào cái app mà nhìn muốn loạn não luôn. xắp xếp linh ta linh tinh, không khoa học , quá nhiều thứ",HIGH,False,False,PROVISIONAL
Google_Play-354da8e6-fa1b-401b-a3cd-816a1535a8b3-01,Google Play,354da8e6-fa1b-401b-a3cd-816a1535a8b3,friction,CUSTOMER_SUPPORT,,CUSTOMER_SUPPORT,MEDIUM,Dịch vụ cskh quá chậm,HIGH,False,False,PROVISIONAL
Google_Play-1ad3126b-116f-4914-9011-c3d3a85ca068-01,Google Play,1ad3126b-116f-4914-9011-c3d3a85ca068,failure,ONBOARDING_KYC,,ACCOUNT_OPENING_KYC,HIGH,đăng kí tk mới ko đc.,HIGH,False,False,PROVISIONAL
Google_Play-1ad3126b-116f-4914-9011-c3d3a85ca068-02,Google Play,1ad3126b-116f-4914-9011-c3d3a85ca068,failure,CUSTOMER_SUPPORT,,CUSTOMER_SUPPORT,MEDIUM,gửi feedback ko dc luôn,HIGH,False,False,PROVISIONAL
App_Store-12660963384-01,App Store,12660963384,friction,TRADING_ORDER_EXECUTION,,TRADING_ORDER_MANAGEMENT,MEDIUM,Tốc độ khớp lệnh chậm.,HIGH,False,False,PROVISIONAL
App_Store-12660963384-02,App Store,12660963384,friction,UX_NAVIGATION_COMPLEXITY,,GENERAL_CROSS_JOURNEY,MEDIUM,App khó nhìn khó theo dõi.,HIGH,False,False,PROVISIONAL
Google_Play-cfbaae79-9d05-4bf1-8b1b-4054d77a0be2-01,Google Play,cfbaae79-9d05-4bf1-8b1b-4054d77a0be2,friction,ONBOARDING_KYC,,ACCOUNT_OPENING_KYC,MEDIUM,"khó đăng ký, không mã số thuế không đăng ký được",HIGH,False,False,PROVISIONAL
Google_Play-59ec01d9-8aa6-4f12-98bf-d67b107b59b8-01,Google Play,59ec01d9-8aa6-4f12-98bf-d67b107b59b8,friction,UX_NAVIGATION_COMPLEXITY,,GENERAL_CROSS_JOURNEY,MEDIUM,giao diện cực kỳ rối rắm. Có nhiều tính năng thú vị nhưng do giao diện không được liền mạch nên rất khó sử dụng.,HIGH,False,False,PROVISIONAL
Google_Play-5ae93932-306e-4320-8572-ce1fce5a459b-01,Google Play,5ae93932-306e-4320-8572-ce1fce5a459b,friction,UX_NAVIGATION_COMPLEXITY,,GENERAL_CROSS_JOURNEY,MEDIUM,"bản cũ có vẽ oke hơn.đơn giản dể dùng.up bản mới nặng máy hơn mà thấy răc rối hơn.lịch sử,tài sản,ds cp ,đặt lệnh nó ko liên kết mấy phải mất nhiều thao tác",HIGH,False,False,PROVISIONAL
Google_Play-5ae93932-306e-4320-8572-ce1fce5a459b-02,Google Play,5ae93932-306e-4320-8572-ce1fce5a459b,friction,FEE_PRICING,,FUNDING_CASH_TRANSFER,MEDIUM,phần margin tắt tự động tt mà vẩn bị trừ tự động khó quản lý tài sản,HIGH,False,False,PROVISIONAL
Google_Play-8ac2e8eb-60d8-469f-bfe4-4bea82810119-01,Google Play,8ac2e8eb-60d8-469f-bfe4-4bea82810119,failure,DEPOSIT_WITHDRAWAL_TRANSFER,,FUNDING_CASH_TRANSFER,HIGH,App lỗi phong tỏa mấy chục triệu của kh dù ko có đặt lệnh gì,HIGH,False,False,PROVISIONAL
Google_Play-8ac2e8eb-60d8-469f-bfe4-4bea82810119-02,Google Play,8ac2e8eb-60d8-469f-bfe4-4bea82810119,failure,PORTFOLIO_ACCOUNT_INFORMATION,,PORTFOLIO_TRACKING,HIGH,hiển thị lung tung,HIGH,False,False,PROVISIONAL
Google_Play-a5321f14-71be-450e-8941-122df8ebcecd-01,Google Play,a5321f14-71be-450e-8941-122df8ebcecd,friction,UX_NAVIGATION_COMPLEXITY,,GENERAL_CROSS_JOURNEY,MEDIUM,"bố trí rườm rà, ứng dụng thì lag, giao diện thì gây khó dễ cho việc mua bán cp nhanh, nên cải thiện lại hoặc làm thêm 1 bản lite nhỏ gọn cho khách hàng lựa chọn",HIGH,False,False,PROVISIONAL
App_Store-12683550678-01,App Store,12683550678,failure,ONBOARDING_KYC,,ACCOUNT_OPENING_KYC,HIGH,bắt xác thực cccd nhưng app lỗi load 7749 lần mãi k đc thử trên mọi nền tảng đều k đc,HIGH,False,False,PROVISIONAL
App_Store-12683550678-02,App Store,12683550678,friction,DEPOSIT_WITHDRAWAL_TRANSFER,,FUNDING_CASH_TRANSFER,MEDIUM,cũng rút đc tiền,MEDIUM,False,True,PROVISIONAL
App_Store-12683550678-03,App Store,12683550678,friction,UX_NAVIGATION_COMPLEXITY,,GENERAL_CROSS_JOURNEY,MEDIUM,App rất rối,HIGH,False,False,PROVISIONAL
App_Store-12684578987-01,App Store,12684578987,friction,PERFORMANCE_RELIABILITY,,GENERAL_CROSS_JOURNEY,MEDIUM,app có quá nhiều thứ nên có hiện tượng lag,HIGH,False,False,PROVISIONAL
App_Store-12684578987-02,App Store,12684578987,friction,UX_NAVIGATION_COMPLEXITY,,TRADING_ORDER_MANAGEMENT,MEDIUM,màn hình đặt lệnh quá đơn giản đến mức ngu ngốc,HIGH,False,False,PROVISIONAL
App_Store-12686907068-01,App Store,12686907068,failure,TRADING_ORDER_EXECUTION,,TRADING_ORDER_MANAGEMENT,HIGH,App lỗi giao dịch không mua bán cổ phiểu được,HIGH,False,False,PROVISIONAL
App_Store-12687008860-01,App Store,12687008860,failure,TRADING_ORDER_EXECUTION,,TRADING_ORDER_MANAGEMENT,HIGH,"Lỗi liên tục , đứng giao dịch , huỷ lệnh đặt lệnh không được.",HIGH,False,False,PROVISIONAL
Google_Play-900f6165-9d7c-4485-9c72-0a5bfe7a9803-01,Google Play,900f6165-9d7c-4485-9c72-0a5bfe7a9803,failure,TRADING_ORDER_EXECUTION,,TRADING_ORDER_MANAGEMENT,HIGH,app sáng nay đặt lệnh bị kẹt rồi ad,HIGH,False,False,PROVISIONAL
Google_Play-39b03a78-64a0-478d-b52f-6a5272d179c3-01,Google Play,39b03a78-64a0-478d-b52f-6a5272d179c3,unclear,OTHER,,UNKNOWN,LOW,lỗi 23/5/25,LOW,False,True,PROVISIONAL
App_Store-12698829424-01,App Store,12698829424,failure,DEPOSIT_WITHDRAWAL_TRANSFER,,FUNDING_CASH_TRANSFER,HIGH,lỗi chưa nhận được tiền về,HIGH,False,False,PROVISIONAL
App_Store-12702501548-01,App Store,12702501548,failure,PERFORMANCE_RELIABILITY,,TRADING_ORDER_MANAGEMENT,HIGH,Bảng đen xì xì chả giao dịch gì được.,HIGH,False,False,PROVISIONAL
Google_Play-3ac1311b-39da-4cf7-bf89-e456dc24f213-01,Google Play,3ac1311b-39da-4cf7-bf89-e456dc24f213,failure,AUTHENTICATION_IOTP,,TRADING_ORDER_MANAGEMENT,HIGH,Mãi ko lấy được cái OTP để giao dịch,HIGH,False,False,PROVISIONAL
Google_Play-c149b6c8-2e6e-4df8-9940-948e31fb85ad-01,Google Play,c149b6c8-2e6e-4df8-9940-948e31fb85ad,failure,MARKET_DATA_INFORMATION,,PRODUCT_DISCOVERY_MARKET_DATA,MEDIUM,Wiget bị lỗi không hiển thị được phải vào app để xem,HIGH,False,False,PROVISIONAL
Google_Play-e18ee48a-8d3b-454e-9018-6bd39e8bec05-01,Google Play,e18ee48a-8d3b-454e-9018-6bd39e8bec05,failure,MARKET_DATA_INFORMATION,,PRODUCT_DISCOVERY_MARKET_DATA,MEDIUM,LỖI WIDGET CHO ANDROID,HIGH,False,False,PROVISIONAL
Google_Play-ab3ffab2-dca8-4fb7-8afa-bf2dcb4353ea-01,Google Play,ab3ffab2-dca8-4fb7-8afa-bf2dcb4353ea,failure,TRADING_ORDER_EXECUTION,,TRADING_ORDER_MANAGEMENT,HIGH,"ap lỗi , thường xuyên bị chặn giao dịch . cổ phiếu t2.5 về mà không bán được .",HIGH,False,False,PROVISIONAL
Google_Play-6b593909-3421-4d14-b6c2-2822d5fa7b3b-01,Google Play,6b593909-3421-4d14-b6c2-2822d5fa7b3b,friction,UX_NAVIGATION_COMPLEXITY,,TRADING_ORDER_MANAGEMENT,MEDIUM,"giao diện khó dùng, đánh phái sinh khó thao tác, biểu đồ khó dùng.",HIGH,False,False,PROVISIONAL
App_Store-12729764477-01,App Store,12729764477,failure,DEPOSIT_WITHDRAWAL_TRANSFER,,FUNDING_CASH_TRANSFER,HIGH,"Chức năng tính cả tiền trong IPower vào sức mua cổ phiếu không hoạt động dù đã kích hoạt, phải rút tiền từ IPOWER ra mới đặt lệnh mua dc",HIGH,False,False,PROVISIONAL
Google_Play-fa40557b-0a05-43e7-ad58-5229c8fc1f15-01,Google Play,fa40557b-0a05-43e7-ad58-5229c8fc1f15,friction,UX_NAVIGATION_COMPLEXITY,,GENERAL_CROSS_JOURNEY,MEDIUM,giao diện chưa bắt mắt và hơi loạn 12 sứ quân,HIGH,False,False,PROVISIONAL
App_Store-12734008843-01,App Store,12734008843,failure,UX_NAVIGATION_COMPLEXITY,,CUSTOMER_SUPPORT,MEDIUM,phần chat không xem được,HIGH,False,False,PROVISIONAL
Google_Play-ce911556-30c8-42b7-94fe-43bf8d3b2d5c-01,Google Play,ce911556-30c8-42b7-94fe-43bf8d3b2d5c,friction,UX_NAVIGATION_COMPLEXITY,,GENERAL_CROSS_JOURNEY,MEDIUM,APP quá phức tạp để sử dụng.,HIGH,False,False,PROVISIONAL
Google_Play-ce911556-30c8-42b7-94fe-43bf8d3b2d5c-02,Google Play,ce911556-30c8-42b7-94fe-43bf8d3b2d5c,friction,CUSTOMER_SUPPORT,,CUSTOMER_SUPPORT,HIGH,gọi thì không tài nào liên hệ được với tư vấn viên con người. toàn nghe con chat AI tự động.,HIGH,False,False,PROVISIONAL
Google_Play-40f6a682-f2b4-4e9d-8f99-aeeb0ac4da60-01,Google Play,40f6a682-f2b4-4e9d-8f99-aeeb0ac4da60,failure,UX_NAVIGATION_COMPLEXITY,,GENERAL_CROSS_JOURNEY,HIGH,trước cài được mà reset máy song lại báo không tương thích,HIGH,False,False,PROVISIONAL
App_Store-12741089145-01,App Store,12741089145,failure,PERFORMANCE_RELIABILITY,,PORTFOLIO_TRACKING,HIGH,"Trong giờ giao dịch mà app treo, xem mục tài sản đen xì màn hình ko load được thông tin",HIGH,False,False,PROVISIONAL
App_Store-12741234952-01,App Store,12741234952,friction,UX_NAVIGATION_COMPLEXITY,,GENERAL_CROSS_JOURNEY,LOW,"Tên app rất confuse. TCBS hay TC invest 1 sao xứng đáng, nên hỗ trợ search cả 2 tên",HIGH,True,False,PROVISIONAL
App_Store-12741762884-01,App Store,12741762884,friction,PERFORMANCE_RELIABILITY,,GENERAL_CROSS_JOURNEY,MEDIUM,App rất lag,HIGH,False,False,PROVISIONAL
Google_Play-d34dbb6a-d4ee-4abf-ba55-13c7f78b1c38-01,Google Play,d34dbb6a-d4ee-4abf-ba55-13c7f78b1c38,failure,TRADING_ORDER_EXECUTION,,TRADING_ORDER_MANAGEMENT,HIGH,khồn giao dịch được,HIGH,False,False,PROVISIONAL
Google_Play-8d2dfecd-8ade-4d5c-8329-e58098512d9a-01,Google Play,8d2dfecd-8ade-4d5c-8329-e58098512d9a,failure,DEPOSIT_WITHDRAWAL_TRANSFER,,FUNDING_CASH_TRANSFER,HIGH,Nay thứ 7 nạp tiền vào xong bị om cứng không làm gì được. Lợi dụng vốn của khách hàng mà không muốn trả lãi.,HIGH,False,False,PROVISIONAL
App_Store-12765707886-01,App Store,12765707886,failure,DEPOSIT_WITHDRAWAL_TRANSFER,,FUNDING_CASH_TRANSFER,HIGH,App lỗi chuyển tiền liên tục rất bất tiện cho người dùng,HIGH,False,False,PROVISIONAL
Google_Play-65a7938b-91e7-49c4-9586-4b7dd16fb679-01,Google Play,65a7938b-91e7-49c4-9586-4b7dd16fb679,friction,DEPOSIT_WITHDRAWAL_TRANSFER,,FUNDING_CASH_TRANSFER,HIGH,"Giao dịch tiền siêu chậm, cho dù sử dụng tài khoản định danh của BIDV.",HIGH,False,False,PROVISIONAL
App_Store-12783588457-01,App Store,12783588457,friction,UX_NAVIGATION_COMPLEXITY,,GENERAL_CROSS_JOURNEY,MEDIUM,Giao diện như bức tranh nhiều màu nhưng ít hữu dụng,HIGH,False,False,PROVISIONAL
Google_Play-c61b6588-4baa-4af9-aab9-46fb38bcaa87-01,Google Play,c61b6588-4baa-4af9-aab9-46fb38bcaa87,friction,SECURITY_ACCOUNT_PROTECTION,,GENERAL_CROSS_JOURNEY,MEDIUM,"App rò rỉ sdt của mình cho các công ty chứng khoán liên quan. Từ khi mình tham gia TCBS, rất nhiều số từ cty chứng khoán gọi cho mình",MEDIUM,False,True,PROVISIONAL
Google_Play-b48ac628-36a7-45dc-965d-11cb4bb71440-01,Google Play,b48ac628-36a7-45dc-965d-11cb4bb71440,friction,UX_NAVIGATION_COMPLEXITY,,TRADING_ORDER_MANAGEMENT,MEDIUM,Phân tích khá tốt nhưng quá khó quá bất tiện khi giao dịch. So với những app khác,HIGH,False,False,PROVISIONAL
App_Store-12794841521-01,App Store,12794841521,friction,NOTIFICATION_COMMUNICATION,,CUSTOMER_SUPPORT,MEDIUM,Sáng nay trong vòng 1h tôi nhận 7 thông báo giới thiệu bạn bè từ app. Quá phiền,HIGH,False,False,PROVISIONAL
App_Store-12794864716-01,App Store,12794864716,friction,UX_NAVIGATION_COMPLEXITY,,GENERAL_CROSS_JOURNEY,MEDIUM,Cho pop up hiện lên quấy rối người dùng,HIGH,False,False,PROVISIONAL
App_Store-12794936243-01,App Store,12794936243,friction,UX_NAVIGATION_COMPLEXITY,,TRADING_ORDER_MANAGEMENT,HIGH,Bó tay cái quảng cáo chèn giữa màn hình. Ko tắt đc đi để vào giao dịch,HIGH,False,False,PROVISIONAL
Google_Play-5977fcfd-e3c1-42ce-8d7b-886da40ed0b2-01,Google Play,5977fcfd-e3c1-42ce-8d7b-886da40ed0b2,failure,PERFORMANCE_RELIABILITY,,TRADING_ORDER_MANAGEMENT,HIGH,"hay đơ, lỗi hệ thống... làm mất tiền của nhà đầu tư",HIGH,False,False,PROVISIONAL
Google_Play-54676c15-70f9-4712-b75c-d2c578ffd7c4-01,Google Play,54676c15-70f9-4712-b75c-d2c578ffd7c4,failure,MARKET_DATA_INFORMATION,,PORTFOLIO_TRACKING,HIGH,Mỗi lần nhận cổ tức bằng cổ phiếu là cập nhật giá và lời/lỗ bị sai...cần cập nhật cho đúng...các app khác có bị vậy đâu,HIGH,False,False,PROVISIONAL
App_Store-12822763302-01,App Store,12822763302,failure,TRADING_ORDER_EXECUTION,,TRADING_ORDER_MANAGEMENT,HIGH,Ko bán đc cổ phiếu lại còn hay không load đc,HIGH,False,False,PROVISIONAL
Google_Play-46fa6425-0a0f-4955-adfb-882bf8b4a5b5-01,Google Play,46fa6425-0a0f-4955-adfb-882bf8b4a5b5,failure,AUTHENTICATION_IOTP,,LOGIN_AUTHENTICATION,HIGH,cái app lỗi cài lại otp xuất ngày,MEDIUM,False,True,PROVISIONAL
App_Store-12841961278-01,App Store,12841961278,failure,PERFORMANCE_RELIABILITY,,GENERAL_CROSS_JOURNEY,HIGH,"App thường xuyên sập, thường xuyên không chuyển được tiền đi, giao dịch thường xuyên lỗi, đầu tư thua lỗ một phần lớn do app",HIGH,False,False,PROVISIONAL
App_Store-12845724145-01,App Store,12845724145,failure,TRADING_ORDER_EXECUTION,,TRADING_ORDER_MANAGEMENT,HIGH,"Tới giờ giao dịch mà ko đặt lệnh dc, chức năng đặt lệnh thường xuyên lỗi, cần fix gấp",HIGH,False,False,PROVISIONAL
Google_Play-9539f50f-8674-4e59-b83c-8fc781d9ae7f-01,Google Play,9539f50f-8674-4e59-b83c-8fc781d9ae7f,failure,TRADING_ORDER_EXECUTION,,TRADING_ORDER_MANAGEMENT,HIGH,Tại sao lệnh đặt bán mặc dù chưa khớp nhưng không chỉnh giá hoặc hủy lệnh được ?,HIGH,False,False,PROVISIONAL
App_Store-12850138790-01,App Store,12850138790,friction,CUSTOMER_SUPPORT,,CUSTOMER_SUPPORT,MEDIUM,Tệ lỗi app xử lí vấn đề chậm sai hẹn,MEDIUM,False,True,PROVISIONAL
Google_Play-a922e373-6084-42f3-913c-8ce9ee95dcc4-01,Google Play,a922e373-6084-42f3-913c-8ce9ee95dcc4,feature_request,MARKET_DATA_INFORMATION,,PRODUCT_DISCOVERY_MARKET_DATA,LOW,Nên cập nhật thêm các quỹ mở mới,HIGH,True,False,PROVISIONAL
App_Store-12889467768-01,App Store,12889467768,friction,PERFORMANCE_RELIABILITY,,GENERAL_CROSS_JOURNEY,MEDIUM,Hay bị lỗi,MEDIUM,False,True,PROVISIONAL
Google_Play-8b892343-a679-4ea1-86a3-2ea5826f1d1c-01,Google Play,8b892343-a679-4ea1-86a3-2ea5826f1d1c,failure,UX_NAVIGATION_COMPLEXITY,,GENERAL_CROSS_JOURNEY,HIGH,samsung a04s hôm nay cập nhật xong mở app lên không được,HIGH,False,False,PROVISIONAL
Google_Play-ac9e3c09-5c15-41a7-ad16-0d6870ccc65c-01,Google Play,ac9e3c09-5c15-41a7-ad16-0d6870ccc65c,failure,UX_NAVIGATION_COMPLEXITY,,GENERAL_CROSS_JOURNEY,MEDIUM,"làm ơn mau cập nhật lại lỗi hiển thị bên samsung với, dùng bên samsung giật lỗi lung tung cả.",HIGH,False,False,PROVISIONAL
App_Store-12906141645-01,App Store,12906141645,failure,ONBOARDING_KYC,,ACCOUNT_OPENING_KYC,HIGH,"Iphone 16 chụp CCCD bổ sung 2-3 lần kêu mờ, không duyệt tài khoản, báo lỗi liên tục. Tạo có cái tài khoản cả tuần ko được",HIGH,False,False,PROVISIONAL
App_Store-12906434654-01,App Store,12906434654,friction,PERFORMANCE_RELIABILITY,,TRADING_ORDER_MANAGEMENT,HIGH,"App hay lag, rất dễ mất tiền oan do giao dịch mà bảng điểm không nhảy",HIGH,False,False,PROVISIONAL
Google_Play-999bfe17-1cc0-4af3-9298-0879d22f88aa-01,Google Play,999bfe17-1cc0-4af3-9298-0879d22f88aa,failure,PERFORMANCE_RELIABILITY,,PRODUCT_DISCOVERY_MARKET_DATA,HIGH,"App lỗi hoài, bảng điện thường xuyên đứng vào lúc 14h ko à. Chả giao dịch được",HIGH,False,False,PROVISIONAL
Google_Play-356212c3-56ae-4e60-8b98-63ef5bbf0d20-01,Google Play,356212c3-56ae-4e60-8b98-63ef5bbf0d20,failure,MARKET_DATA_INFORMATION,,PRODUCT_DISCOVERY_MARKET_DATA,HIGH,"nay app hiện giá HAG sai, đang trần mà vẫn hiện giá xa bên dưới, ớn thật. may check bên app khác mới biết, haizz, check 1 ng bạn bên cạnh xài tcbs cũng bị k phải mỗi máy này nhé.",HIGH,False,False,PROVISIONAL
Google_Play-1c4966fa-33b1-48e4-8021-19229b4d1b5b-01,Google Play,1c4966fa-33b1-48e4-8021-19229b4d1b5b,friction,PERFORMANCE_RELIABILITY,,GENERAL_CROSS_JOURNEY,MEDIUM,app hay lỗi. xử lý chậm.,HIGH,False,False,PROVISIONAL
Google_Play-1c4966fa-33b1-48e4-8021-19229b4d1b5b-02,Google Play,1c4966fa-33b1-48e4-8021-19229b4d1b5b,friction,CUSTOMER_SUPPORT,,CUSTOMER_SUPPORT,MEDIUM,hỏi chuyên viên thì rất lâu mới phản hồi.,HIGH,False,False,PROVISIONAL
Google_Play-ae58a16b-e85d-4e01-a99b-c45db6001b59-01,Google Play,ae58a16b-e85d-4e01-a99b-c45db6001b59,failure,PERFORMANCE_RELIABILITY,,PRODUCT_DISCOVERY_MARKET_DATA,HIGH,ngày 18/7/2025 app lỗi không xem được bảng điện,HIGH,False,False,PROVISIONAL
Google_Play-6bcf36b7-dd16-468c-b299-bdfbda20d341-01,Google Play,6bcf36b7-dd16-468c-b299-bdfbda20d341,failure,TRADING_ORDER_EXECUTION,,TRADING_ORDER_MANAGEMENT,HIGH,lúc đang giao dịch thì đơ. thế mà đòi ipo.,HIGH,False,False,PROVISIONAL
App_Store-12917524601-01,App Store,12917524601,friction,UX_NAVIGATION_COMPLEXITY,,GENERAL_CROSS_JOURNEY,MEDIUM,"Khó dùng, vớ vẩn.",MEDIUM,False,True,PROVISIONAL
Google_Play-7bd8c236-a3ae-41d2-9378-90699fde22fc-01,Google Play,7bd8c236-a3ae-41d2-9378-90699fde22fc,failure,DEPOSIT_WITHDRAWAL_TRANSFER,,FUNDING_CASH_TRANSFER,HIGH,"Liên kết ngân hàng không được, nộp tiền lỗi",HIGH,False,False,PROVISIONAL
Google_Play-9711f697-5d2f-4fcd-9813-75b1260ae8ce-01,Google Play,9711f697-5d2f-4fcd-9813-75b1260ae8ce,friction,MARKET_DATA_INFORMATION,,PRODUCT_DISCOVERY_MARKET_DATA,MEDIUM,thông tin sai lệch,MEDIUM,False,True,PROVISIONAL
Google_Play-9711f697-5d2f-4fcd-9813-75b1260ae8ce-02,Google Play,9711f697-5d2f-4fcd-9813-75b1260ae8ce,friction,CUSTOMER_SUPPORT,,CUSTOMER_SUPPORT,MEDIUM,cskh không liên hệ được,HIGH,False,False,PROVISIONAL
Google_Play-b8566b33-1451-4fbc-8976-a687b982c667-01,Google Play,b8566b33-1451-4fbc-8976-a687b982c667,friction,PERFORMANCE_RELIABILITY,,GENERAL_CROSS_JOURNEY,MEDIUM,Toàn lỗi,MEDIUM,False,True,PROVISIONAL
App_Store-12949107259-01,App Store,12949107259,failure,TRADING_ORDER_EXECUTION,,TRADING_ORDER_MANAGEMENT,HIGH,"từ ngày có krx tôi dùng lệnh đi không được, lỗ tiền rất nhiều, sàn đi xuống quá",HIGH,False,False,PROVISIONAL
App_Store-12949577008-01,App Store,12949577008,failure,MARKET_DATA_INFORMATION,,PRODUCT_DISCOVERY_MARKET_DATA,HIGH,"Thị trường giảm 70đ trên app vẫn cứ giảm 25đ, làm ăn như l",HIGH,False,False,PROVISIONAL
Google_Play-001ca837-4e45-43e9-8d71-2f75daf8c37d-01,Google Play,001ca837-4e45-43e9-8d71-2f75daf8c37d,failure,MARKET_DATA_INFORMATION,,PRODUCT_DISCOVERY_MARKET_DATA,HIGH,sàn giảm 64₫ lỗi hiện giảm 25₫,HIGH,False,False,PROVISIONAL
Google_Play-cd1b84a1-3d05-4f5c-953e-a15f48882c84-01,Google Play,cd1b84a1-3d05-4f5c-953e-a15f48882c84,friction,PERFORMANCE_RELIABILITY,,GENERAL_CROSS_JOURNEY,MEDIUM,thường xuyên lỗi nghiêm trọng,MEDIUM,False,True,PROVISIONAL
App_Store-12956820659-01,App Store,12956820659,feature_request,UX_NAVIGATION_COMPLEXITY,MOBILE_TABLET_LAYOUT,GENERAL_CROSS_JOURNEY,LOW,Cần thêm option điều chỉnh Font Size. Hiện tại mọi thứ hơi nhỏ.,HIGH,True,False,PROVISIONAL
App_Store-12957364236-01,App Store,12957364236,friction,PERFORMANCE_RELIABILITY,,GENERAL_CROSS_JOURNEY,MEDIUM,App nhiều lỗi,MEDIUM,False,True,PROVISIONAL
Google_Play-0c6855fe-2291-4f74-a323-1a16437e0ae8-01,Google Play,0c6855fe-2291-4f74-a323-1a16437e0ae8,unmet_need,MARKET_RESEARCH_RECOMMENDATION_UTILITY,,TRADING_ORDER_MANAGEMENT,MEDIUM,Giáo diện Mobile app không có chỗ nào nhập lệnh điều kiện.,HIGH,False,False,PROVISIONAL
Google_Play-0c6855fe-2291-4f74-a323-1a16437e0ae8-02,Google Play,0c6855fe-2291-4f74-a323-1a16437e0ae8,friction,MARKET_DATA_INFORMATION,,TRADING_ORDER_MANAGEMENT,MEDIUM,"Trong phiên thì lệnh mua bán, cập nhật chậm.",HIGH,False,False,PROVISIONAL
Google_Play-d57d25da-c591-41ba-8bb7-404395dba2c6-01,Google Play,d57d25da-c591-41ba-8bb7-404395dba2c6,failure,PERFORMANCE_RELIABILITY,,PRODUCT_DISCOVERY_MARKET_DATA,HIGH,"tcbs trước thì bị đơ điểm, hiển thị sai vnindex giờ đơ cả bảng điện.",HIGH,False,False,PROVISIONAL
Google_Play-8bbebc69-36a2-4b22-8b5c-ad1b33fca58a-01,Google Play,8bbebc69-36a2-4b22-8b5c-ad1b33fca58a,failure,UX_NAVIGATION_COMPLEXITY,,GENERAL_CROSS_JOURNEY,HIGH,"mình dùng Android mà tự nhiên không vào được app, vào cái là bật ra luôn",HIGH,False,False,PROVISIONAL
App_Store-12964759767-01,App Store,12964759767,friction,PERFORMANCE_RELIABILITY,,GENERAL_CROSS_JOURNEY,MEDIUM,App gì mà lag lộn lên,MEDIUM,False,True,PROVISIONAL
App_Store-12967217625-01,App Store,12967217625,feature_request,OTHER,,GENERAL_CROSS_JOURNEY,LOW,Mình và bạn hay dùng chức năng này nhưng các bản cập nhật mới mất rồi. App thêm lại được không?,HIGH,True,False,PROVISIONAL
App_Store-12970234816-01,App Store,12970234816,friction,UX_NAVIGATION_COMPLEXITY,,GENERAL_CROSS_JOURNEY,MEDIUM,Khó nhìn,MEDIUM,False,False,PROVISIONAL
App_Store-12970234816-02,App Store,12970234816,friction,CUSTOMER_SUPPORT,,CUSTOMER_SUPPORT,MEDIUM,khi xảy ra vấn đề k liên hệ được chăm sóc khách hàng,HIGH,False,False,PROVISIONAL
App_Store-12970234816-03,App Store,12970234816,failure,TRADING_ORDER_EXECUTION,,TRADING_ORDER_MANAGEMENT,MEDIUM,xong giao dịch 1 cp vẫn ở quyền chờ,HIGH,False,False,PROVISIONAL
App_Store-12973916991-01,App Store,12973916991,unmet_need,MARKET_RESEARCH_RECOMMENDATION_UTILITY,,PRODUCT_DISCOVERY_MARKET_DATA,MEDIUM,k có quỹ dcds. số lượng quỹ giới hạn.,HIGH,False,False,PROVISIONAL
Google_Play-b77c30ef-cdf4-446c-8866-f4576b3aa4fb-01,Google Play,b77c30ef-cdf4-446c-8866-f4576b3aa4fb,failure,PERFORMANCE_RELIABILITY,,GENERAL_CROSS_JOURNEY,HIGH,App lỗi nặng,HIGH,False,False,PROVISIONAL
Google_Play-b77c30ef-cdf4-446c-8866-f4576b3aa4fb-02,Google Play,b77c30ef-cdf4-446c-8866-f4576b3aa4fb,friction,CUSTOMER_SUPPORT,,CUSTOMER_SUPPORT,HIGH,"nhắn tin trên Zalo với tài khoản chính thức của TCBS thì chỉ có một câu trả lời duy nhất là ""bọn em sẽ gửi bộ phận kiểm tra ạ"", sau gần 1 tiếng đồng hồ chẳng thấy phản hồi gì khác.",HIGH,False,False,PROVISIONAL
Google_Play-83ed0e5c-2150-41dc-b3fd-c90abf0cb2b5-01,Google Play,83ed0e5c-2150-41dc-b3fd-c90abf0cb2b5,friction,OTHER,,GENERAL_CROSS_JOURNEY,MEDIUM,app quá tệ. ngân hàng làm lại app đi. mất khách,LOW,False,True,PROVISIONAL
Google_Play-9d3c4757-e0dc-4a44-b2db-77d87963438c-01,Google Play,9d3c4757-e0dc-4a44-b2db-77d87963438c,friction,UX_NAVIGATION_COMPLEXITY,,GENERAL_CROSS_JOURNEY,MEDIUM,"thêm quá nhiều chức năng nhìn rất dối mắt, khó sử dụng, khó đặt lệnh và tương tác với cổ phiếu về mặt biểu đồ. Nên đặt tối giản như SSI dễ sử dụng.",HIGH,False,False,PROVISIONAL
Google_Play-502a946d-047d-4a91-b6fb-bec5f1702d74-01,Google Play,502a946d-047d-4a91-b6fb-bec5f1702d74,friction,MARKET_DATA_INFORMATION,,PRODUCT_DISCOVERY_MARKET_DATA,MEDIUM,tính năng so sánh các cổ phiếu trong chart không chạy hoặc chạy chậm. có lẽ do nhiều băng thông nên hạ tầng chưa đủ mạnh.,HIGH,False,False,PROVISIONAL
App_Store-13001326203-01,App Store,13001326203,failure,TRADING_ORDER_EXECUTION,,TRADING_ORDER_MANAGEMENT,HIGH,Đặt mãi không khớp lệnh. Tính năng đặt lệnh cổ phiếu không chịu sửa. Lúc nào cũng lag. Load mãi không đc cái màn xác thực otp để mua với bán.,HIGH,False,False,PROVISIONAL
App_Store-13014069107-01,App Store,13014069107,failure,DEPOSIT_WITHDRAWAL_TRANSFER,,FUNDING_CASH_TRANSFER,HIGH,k rút tiền dc,HIGH,False,False,PROVISIONAL
Google_Play-50a1fcce-0d4d-4327-a298-5625037db0c6-01,Google Play,50a1fcce-0d4d-4327-a298-5625037db0c6,friction,UX_NAVIGATION_COMPLEXITY,,GENERAL_CROSS_JOURNEY,MEDIUM,dao diện và cách làm việc của nhân viên k thể chấp nhận được,MEDIUM,False,True,PROVISIONAL
App_Store-13019034835-01,App Store,13019034835,friction,UX_NAVIGATION_COMPLEXITY,,GENERAL_CROSS_JOURNEY,MEDIUM,Giao diện và trải nghiệm chưa tốt,HIGH,False,False,PROVISIONAL
Google_Play-cae11e9b-ac4d-45ab-b66c-d68ac491a2d9-01,Google Play,cae11e9b-ac4d-45ab-b66c-d68ac491a2d9,failure,DEPOSIT_WITHDRAWAL_TRANSFER,,FUNDING_CASH_TRANSFER,HIGH,cho tiền vào đầu tư đến lúc rút tiền không cho xác thực tài khoản ngân hàng,HIGH,False,False,PROVISIONAL
Google_Play-cae11e9b-ac4d-45ab-b66c-d68ac491a2d9-02,Google Play,cae11e9b-ac4d-45ab-b66c-d68ac491a2d9,friction,CUSTOMER_SUPPORT,,CUSTOMER_SUPPORT,HIGH,"liên hệ support thì toàn chát tự động, ko có nhân viên nào hỗ trợ",HIGH,False,False,PROVISIONAL
Google_Play-155d3b62-41be-4179-a76e-8f742cbdb485-01,Google Play,155d3b62-41be-4179-a76e-8f742cbdb485,failure,PERFORMANCE_RELIABILITY,,GENERAL_CROSS_JOURNEY,HIGH,Văng ứng dụng liên tục,HIGH,False,False,PROVISIONAL
Google_Play-155d3b62-41be-4179-a76e-8f742cbdb485-02,Google Play,155d3b62-41be-4179-a76e-8f742cbdb485,failure,AUTHENTICATION_IOTP,,LOGIN_AUTHENTICATION,HIGH,quét khuôn mặt mãi không xong,HIGH,False,False,PROVISIONAL
App_Store-13026595700-01,App Store,13026595700,failure,AUTHENTICATION_IOTP,,LOGIN_AUTHENTICATION,HIGH,Lỗi k xác thực được nhận diện mặt,HIGH,False,False,PROVISIONAL
App_Store-13030216864-01,App Store,13030216864,feature_request,OTHER,,GENERAL_CROSS_JOURNEY,LOW,Tắt cái cá mập thông thái đi hộ cái,MEDIUM,True,True,PROVISIONAL
App_Store-13031609527-01,App Store,13031609527,failure,PORTFOLIO_ACCOUNT_INFORMATION,,PORTFOLIO_TRACKING,MEDIUM,Tổng kết cuối ngày với tiền có thể rút lỗi mãi không về,HIGH,False,False,PROVISIONAL
Google_Play-2b1536a4-de79-44b5-b2b4-a217dc6f2f58-01,Google Play,2b1536a4-de79-44b5-b2b4-a217dc6f2f58,failure,AUTHENTICATION_IOTP,,LOGIN_AUTHENTICATION,MEDIUM,"có cái mã qr quét quài k đc, trong khi dùng cam hay zalo cũng quét rất nhanh",HIGH,False,False,PROVISIONAL
Google_Play-f995581a-ff5f-4e8b-9c1b-d4bdb6e4f358-01,Google Play,f995581a-ff5f-4e8b-9c1b-d4bdb6e4f358,failure,PORTFOLIO_ACCOUNT_INFORMATION,,PORTFOLIO_TRACKING,HIGH,ko xem được danh mục đúng thời điểm nhạy cảm,HIGH,False,False,PROVISIONAL
Google_Play-7d080e2e-d5a0-417d-b55b-4f9983564e1a-01,Google Play,7d080e2e-d5a0-417d-b55b-4f9983564e1a,friction,PERFORMANCE_RELIABILITY,,GENERAL_CROSS_JOURNEY,MEDIUM,"hệ thống chậm lag, khuyến khích không nên sử dụng.",HIGH,False,False,PROVISIONAL
App_Store-13042326473-01,App Store,13042326473,failure,PERFORMANCE_RELIABILITY,,GENERAL_CROSS_JOURNEY,HIGH,"App bị đơ, chậm, ko vào được, tính năng nào quay tít ko thực hiện được.",HIGH,False,False,PROVISIONAL
Google_Play-b609fa25-6d85-46b4-8720-56643d279d58-01,Google Play,b609fa25-6d85-46b4-8720-56643d279d58,failure,DEPOSIT_WITHDRAWAL_TRANSFER,,FUNDING_CASH_TRANSFER,HIGH,báo thời hạn bảo trì hệ thống từ 4h chiều tới 9h tối nhưng sang tới hôm sau vẫn chưa rút được tiền,HIGH,False,False,PROVISIONAL
Google_Play-6596fcf6-7202-40da-88bf-269137261297-01,Google Play,6596fcf6-7202-40da-88bf-269137261297,failure,SECURITY_ACCOUNT_PROTECTION,,LOGIN_AUTHENTICATION,HIGH,áp không có chức năng tự đăng xuất khi tắt ứng dụng . rất nguy hiểm lần đầu mới thấy,HIGH,False,False,PROVISIONAL
Google_Play-07183d25-1b92-47d6-ab32-671c340e631d-01,Google Play,07183d25-1b92-47d6-ab32-671c340e631d,failure,ONBOARDING_KYC,,ACCOUNT_OPENING_KYC,HIGH,"Bắt khách hàng xác thực cccd, mà mất gần 2h chụp cccd mới, rồi chụp cmnd cũ, vẫn không thành công.",HIGH,False,False,PROVISIONAL
Google_Play-07183d25-1b92-47d6-ab32-671c340e631d-02,Google Play,07183d25-1b92-47d6-ab32-671c340e631d,friction,CUSTOMER_SUPPORT,,CUSTOMER_SUPPORT,HIGH,"Gọi tổng đài thì gặp AI không trả lời được gì, người bên tcbs chắc bị đuổi hết rồi.",HIGH,False,False,PROVISIONAL
App_Store-13068775356-01,App Store,13068775356,friction,AUTHENTICATION_IOTP,,LOGIN_AUTHENTICATION,MEDIUM,"Đăng nhập trên XS Max lại hiện option vân tay, nghĩ nó chán",HIGH,False,False,PROVISIONAL
App_Store-13070665657-01,App Store,13070665657,friction,CUSTOMER_SUPPORT,,CUSTOMER_SUPPORT,HIGH,"Hỗ trợ kém, nhân viên giải thích lung tung, tiền trừ linh tinh nhân viên không tính ra nổi.",HIGH,False,False,PROVISIONAL
App_Store-13090389353-01,App Store,13090389353,friction,UX_NAVIGATION_COMPLEXITY,,TRADING_ORDER_MANAGEMENT,MEDIUM,Mỗi lần mở sổ lệnh tôi gặp khó khăn.,HIGH,False,False,PROVISIONAL
Google_Play-0c72abc6-c487-4e1d-9bc8-9d341dfdd982-01,Google Play,0c72abc6-c487-4e1d-9bc8-9d341dfdd982,friction,ACCOUNT_RECOVERY_PROFILE_CHANGE,,ACCOUNT_PROFILE_MAINTENANCE,HIGH,"Mình đã có trải nghiệm rất tệ, khi thay đổi mật khẩu và mất máy. quy trình thủ tục cấp lại quá rườm rà, phức tạp. Gọi tổng đài, ko giải quyết được, chỉ ra phòng giao dịch ngân hàng hỗ trợ, ra chi nhánh ngân hàng lại gọi lên tổng đài đề nghị hỗ trợ. 2-3 h đồng hồ ko cấp lại mật khẩu giao dịch cho khách được.",HIGH,False,False,PROVISIONAL
App_Store-13096390346-01,App Store,13096390346,failure,PERFORMANCE_RELIABILITY,,GENERAL_CROSS_JOURNEY,HIGH,App bị lỗi mở ra khoảng 10s là app tự đóng,HIGH,False,False,PROVISIONAL
Google_Play-28fbcc6b-2251-4028-bdb3-09111f7c0258-01,Google Play,28fbcc6b-2251-4028-bdb3-09111f7c0258,failure,PERFORMANCE_RELIABILITY,,GENERAL_CROSS_JOURNEY,MEDIUM,lỗi vào k hiện gì cả chán,MEDIUM,False,True,PROVISIONAL
App_Store-13100499865-01,App Store,13100499865,failure,UX_NAVIGATION_COMPLEXITY,,GENERAL_CROSS_JOURNEY,HIGH,"Mac Air M1 không mở được app, bị đứng ở splash screen",HIGH,False,False,PROVISIONAL
Google_Play-644c82c5-37af-489d-81a2-3ef8bb4c2281-01,Google Play,644c82c5-37af-489d-81a2-3ef8bb4c2281,failure,MARKET_DATA_INFORMATION,,PORTFOLIO_TRACKING,MEDIUM,"ở Trang Chủ, tiền nhảy không kịp với bên trong. Trước đây nhấp nháy theo liên tục, giờ thì đơ ra, rút tiền về rồi vẫn không thấy thay đổi.",HIGH,False,False,PROVISIONAL
App_Store-13101805426-01,App Store,13101805426,feature_request,MARKET_RESEARCH_RECOMMENDATION_UTILITY,,PRODUCT_DISCOVERY_MARKET_DATA,LOW,"Muốn thêm vài mã chứng quyền trong danh mục để theo dõi bảng giá mà không có, chỉ thêm được mã cổ phiếu mà ko thêm được mã CW.",HIGH,False,False,PROVISIONAL
Google_Play-f3f3993b-daf2-40fe-9dd2-1267f9eec14e-01,Google Play,f3f3993b-daf2-40fe-9dd2-1267f9eec14e,friction,UX_NAVIGATION_COMPLEXITY,,GENERAL_CROSS_JOURNEY,MEDIUM,"App có thể làm lại giao diện không, giao dịch mà nó phế quá, nhìn rối như tơ vò, ssi dùng xong đây phí thấp mà chán thật",HIGH,False,False,PROVISIONAL
Google_Play-d7ede0cd-d945-4a41-93ab-543f21a3177e-01,Google Play,d7ede0cd-d945-4a41-93ab-543f21a3177e,friction,UX_NAVIGATION_COMPLEXITY,,GENERAL_CROSS_JOURNEY,MEDIUM,"cái app giao diện cùi nhất từng dùng, giao diện gì nhìn đau cả mắt vs rối mù. Nên qua bên mấy app chứng khoán khác học hỏi",HIGH,False,False,PROVISIONAL
App_Store-13112614932-01,App Store,13112614932,friction,UX_NAVIGATION_COMPLEXITY,,GENERAL_CROSS_JOURNEY,MEDIUM,Không thể hiểu dc cách sử dụng app này luôn,MEDIUM,False,True,PROVISIONAL
Google_Play-6876f8dc-735e-4f4e-a57d-c79023bddbc0-01,Google Play,6876f8dc-735e-4f4e-a57d-c79023bddbc0,friction,UX_NAVIGATION_COMPLEXITY,,GENERAL_CROSS_JOURNEY,MEDIUM,"Giao diện app quá tệ, khó sử dụng, quá nhiều thứ thừa thãi gây rối mắt, những cái cần thiết thì không có, cả phiên bản web cũng tệ. Quá bất tiện",HIGH,False,False,PROVISIONAL
Google_Play-92efdfc6-cc34-4c87-b6da-92cfcb0c08cf-01,Google Play,92efdfc6-cc34-4c87-b6da-92cfcb0c08cf,failure,ACCOUNT_RECOVERY_PROFILE_CHANGE,,ACCOUNT_PROFILE_MAINTENANCE,HIGH,cập nhật căn cước miết ko đc,HIGH,False,False,PROVISIONAL
Google_Play-abd0bdab-c53b-4138-adfa-4b4f95d9a19b-01,Google Play,abd0bdab-c53b-4138-adfa-4b4f95d9a19b,failure,AUTHENTICATION_IOTP,,LOGIN_AUTHENTICATION,HIGH,làm cái xác thực khuôn mặt,MEDIUM,False,True,PROVISIONAL
Google_Play-cfaa3b16-cfa8-409b-a7bb-00088b9bb1e0-01,Google Play,cfaa3b16-cfa8-409b-a7bb-00088b9bb1e0,failure,ACCOUNT_RECOVERY_PROFILE_CHANGE,,ACCOUNT_PROFILE_MAINTENANCE,HIGH,thay đổi mật khẩu mà rất khó quên mất mật khẩu mà không làm được gì nó cứ bảo không tìm thấy profile,HIGH,False,False,PROVISIONAL
Google_Play-e17a1244-02e2-46a7-b4e8-ef5e21919c2c-01,Google Play,e17a1244-02e2-46a7-b4e8-ef5e21919c2c,failure,PERFORMANCE_RELIABILITY,,GENERAL_CROSS_JOURNEY,MEDIUM,ko vào dc,MEDIUM,False,True,PROVISIONAL
Google_Play-acc7e061-b997-4518-87e5-8b1f6c77638a-01,Google Play,acc7e061-b997-4518-87e5-8b1f6c77638a,friction,PERFORMANCE_RELIABILITY,,GENERAL_CROSS_JOURNEY,MEDIUM,"lag giật, đơ liên tục, dùng tikop finhay anfin chả app nào lag như này",HIGH,False,False,PROVISIONAL
Google_Play-c83bd478-c994-4862-897c-24c7830933e1-01,Google Play,c83bd478-c994-4862-897c-24c7830933e1,friction,CUSTOMER_SUPPORT,,CUSTOMER_SUPPORT,MEDIUM,hỏi chatbot chỉ thêm bực mình mà lại ko có nhân viên tư vấn,HIGH,False,False,PROVISIONAL
App_Store-13146645363-01,App Store,13146645363,friction,PERFORMANCE_RELIABILITY,,GENERAL_CROSS_JOURNEY,MEDIUM,"đây là cái app nhiều bugs nhất mà tôi từng sử dụng, cảm giác như chạm vào đâu cũng có thể bugs vậy",HIGH,False,False,PROVISIONAL
App_Store-13151606169-01,App Store,13151606169,friction,PERFORMANCE_RELIABILITY,,TRADING_ORDER_MANAGEMENT,MEDIUM,App đơ đơ giao dịch rất khó chịu,HIGH,False,False,PROVISIONAL
Google_Play-566474d5-d547-4245-a66f-048a69f2a45c-01,Google Play,566474d5-d547-4245-a66f-048a69f2a45c,failure,MARKET_DATA_INFORMATION,,PRODUCT_DISCOVERY_MARKET_DATA,MEDIUM,widget ko chạy hoặc ko cập nhật khi đưa ra màn hình chính,HIGH,False,False,PROVISIONAL
Google_Play-f1abd52a-0825-4c19-98ca-a772b551d34a-01,Google Play,f1abd52a-0825-4c19-98ca-a772b551d34a,friction,UX_NAVIGATION_COMPLEXITY,,GENERAL_CROSS_JOURNEY,MEDIUM,nhiều chức năng nhưng khó dùng,MEDIUM,False,True,PROVISIONAL
Google_Play-296ce42b-807e-4283-b87e-38ee37ed117f-01,Google Play,296ce42b-807e-4283-b87e-38ee37ed117f,friction,ONBOARDING_KYC,,ACCOUNT_OPENING_KYC,HIGH,"Chờ xác thực tài khoản rất lâu, chờ suốt 1 ngày rồi báo cc chụp mờ trong khi rất rõ nét",HIGH,False,False,PROVISIONAL
Google_Play-6913b500-e1af-4fa6-99be-e1f2fdaf457f-01,Google Play,6913b500-e1af-4fa6-99be-e1f2fdaf457f,failure,AUTHENTICATION_IOTP,,TRADING_ORDER_MANAGEMENT,HIGH,"mãi chẳng gửi otp từ fpt is, đúng số đt r mà hk gửi",HIGH,False,False,PROVISIONAL
App_Store-13172558353-01,App Store,13172558353,friction,CUSTOMER_SUPPORT,,CUSTOMER_SUPPORT,HIGH,có sự cố kg thể gọi cho nhân viên cskh mà chỉ qua con nhỏ Ai nói khùng điên,HIGH,False,False,PROVISIONAL
App_Store-13172558353-02,App Store,13172558353,friction,FEE_PRICING,,FUNDING_CASH_TRANSFER,HIGH,tính tiền qua đêm lừa đảo gian dối,MEDIUM,False,True,PROVISIONAL
Google_Play-d0280c39-1b13-4185-a404-945577140335-01,Google Play,d0280c39-1b13-4185-a404-945577140335,friction,UX_NAVIGATION_COMPLEXITY,,TRADING_ORDER_MANAGEMENT,MEDIUM,"Giao diện rườm rà. Nhìn rối mù, các mục cần quan sát thì nhỏ xíu, danh mục quản lý đặt lệnh không trực quan cụ thể. Các mục sắp xếp rối.",HIGH,False,False,PROVISIONAL
Google_Play-7094986b-7428-4c44-b0bf-eb13f87c8776-01,Google Play,7094986b-7428-4c44-b0bf-eb13f87c8776,friction,CUSTOMER_SUPPORT,,CUSTOMER_SUPPORT,MEDIUM,cskh rất tệ,HIGH,False,False,PROVISIONAL
Google_Play-7094986b-7428-4c44-b0bf-eb13f87c8776-02,Google Play,7094986b-7428-4c44-b0bf-eb13f87c8776,friction,UX_NAVIGATION_COMPLEXITY,,GENERAL_CROSS_JOURNEY,MEDIUM,app xấu kinh khủng,HIGH,False,False,PROVISIONAL
Google_Play-e770901a-c03f-45ee-a57d-c6a03958960b-01,Google Play,e770901a-c03f-45ee-a57d-c6a03958960b,friction,UX_NAVIGATION_COMPLEXITY,,GENERAL_CROSS_JOURNEY,MEDIUM,"app này mình thấy dùng trên dt rất lag nhưng dùng trên laptop thì ổn áp, nhưng đa phần mình toàn dùng đt để giao dịch thôi ạ .",HIGH,False,False,PROVISIONAL
Google_Play-4a46f453-d5ba-48e9-981d-f934c875aab4-01,Google Play,4a46f453-d5ba-48e9-981d-f934c875aab4,friction,UX_NAVIGATION_COMPLEXITY,,TRADING_ORDER_MANAGEMENT,MEDIUM,"Quảng cáo quá nhiều, app đầu tư chứng khoán mà mất rất nhiều thời gian mới đặt lệnh được",HIGH,False,False,PROVISIONAL
Google_Play-767df8de-ec05-43b8-b669-dad98e8cf886-01,Google Play,767df8de-ec05-43b8-b669-dad98e8cf886,failure,ONBOARDING_KYC,,ACCOUNT_OPENING_KYC,HIGH,"không mở được tài khoản, kêu gửi mail mà không thấy trả lời ngta",HIGH,False,False,PROVISIONAL
Google_Play-8f924c68-ce05-49e6-866a-1dee63fcc932-01,Google Play,8f924c68-ce05-49e6-866a-1dee63fcc932,friction,UX_NAVIGATION_COMPLEXITY,,GENERAL_CROSS_JOURNEY,MEDIUM,"Giao diện xấu quá, nhìn là không muốn dùng rồi, sao không nâng cấp giao diện lên cùng một style như app techcombank ấy",HIGH,False,False,PROVISIONAL
App_Store-13230058357-01,App Store,13230058357,friction,CUSTOMER_SUPPORT,,CUSTOMER_SUPPORT,HIGH,Có vấn đề cần tư vấn gọi tổng đài ko bao giờ có ai nhấc máy và tư vấn . Toàn máy bận,HIGH,False,False,PROVISIONAL
Google_Play-1b27da5e-f655-44d8-b692-dab5a410c5d5-01,Google Play,1b27da5e-f655-44d8-b692-dab5a410c5d5,friction,UX_NAVIGATION_COMPLEXITY,,PRODUCT_DISCOVERY_MARKET_DATA,MEDIUM,Trải nghiệm app rất tệ. Widget cũng rất tệ. Không chỉnh được danh mục mã CP quan tâm.,HIGH,False,False,PROVISIONAL
Google_Play-7b5cc2e8-4b1c-400a-92d8-4d8b1af22dc1-01,Google Play,7b5cc2e8-4b1c-400a-92d8-4d8b1af22dc1,friction,CUSTOMER_SUPPORT,,CUSTOMER_SUPPORT,MEDIUM,"Gọi tổng đài thì toàn mấy con AI tiếp chuyện, nhắn tin thì nhân viên ko giải quyết được gì.",HIGH,False,False,PROVISIONAL
Google_Play-c9f422d0-2417-41ae-bb5e-c108733cf939-01,Google Play,c9f422d0-2417-41ae-bb5e-c108733cf939,friction,UX_NAVIGATION_COMPLEXITY,,TRADING_ORDER_MANAGEMENT,MEDIUM,"ứng dụng thay đổi phông đặt lệnh màu trắng thật tởm lợm, yêu cầu khôi phục như cũ, app để phông lệnh thế này xứng đáng 1 sao",HIGH,False,False,PROVISIONAL
App_Store-13243002599-01,App Store,13243002599,friction,MARKET_DATA_INFORMATION,,PRODUCT_DISCOVERY_MARKET_DATA,MEDIUM,K có % tăng giảm các mã ở bảng giá,HIGH,False,False,PROVISIONAL
App_Store-13243002599-02,App Store,13243002599,friction,UX_NAVIGATION_COMPLEXITY,,TRADING_ORDER_MANAGEMENT,MEDIUM,"Hiển thị nhiều thông tin k cần thiết, khi mua bán cp k hiển thị 3 mức giá mua bán gần nhất rất khó mua bán được giá tốt",HIGH,False,False,PROVISIONAL
Google_Play-3e926cdf-ee8f-49c3-b9e1-994ed59b9965-01,Google Play,3e926cdf-ee8f-49c3-b9e1-994ed59b9965,friction,PERFORMANCE_RELIABILITY,,GENERAL_CROSS_JOURNEY,MEDIUM,"app dở nhất trong các app chứng khoán, nhồi nhét chức năng. load chậm xử lý chậm.",HIGH,False,False,PROVISIONAL
Google_Play-3e926cdf-ee8f-49c3-b9e1-994ed59b9965-02,Google Play,3e926cdf-ee8f-49c3-b9e1-994ed59b9965,friction,CUSTOMER_SUPPORT,,CUSTOMER_SUPPORT,MEDIUM,nhét AI vào làm gì trong khi load cái bảng không xong???,HIGH,False,False,PROVISIONAL
App_Store-13247396302-01,App Store,13247396302,friction,CUSTOMER_SUPPORT,,CUSTOMER_SUPPORT,MEDIUM,Dịch vụ hỗ trợ khách hàng tệ,HIGH,False,False,PROVISIONAL
App_Store-13272131452-01,App Store,13272131452,failure,PERFORMANCE_RELIABILITY,,TRADING_ORDER_MANAGEMENT,HIGH,"Đến giờ giao dịch, app lag ko xem được gì. Đen thui.",HIGH,False,False,PROVISIONAL
Google_Play-9f588cc7-247f-45c6-ab01-a1d11bb9616a-01,Google Play,9f588cc7-247f-45c6-ab01-a1d11bb9616a,failure,UX_NAVIGATION_COMPLEXITY,,GENERAL_CROSS_JOURNEY,HIGH,Điện thoại đời cũ ko tải đc,HIGH,False,False,PROVISIONAL
App_Store-13276981462-01,App Store,13276981462,failure,TRADING_ORDER_EXECUTION,,TRADING_ORDER_MANAGEMENT,HIGH,App thường xuyên treo lúc cần bán,HIGH,False,False,PROVISIONAL
Google_Play-5e10e799-e923-496b-818d-fb89540ed690-01,Google Play,5e10e799-e923-496b-818d-fb89540ed690,failure,AUTHENTICATION_IOTP,,LOGIN_AUTHENTICATION,HIGH,"đăng nhập rồi lỗi, không dùng được",HIGH,False,False,PROVISIONAL
App_Store-13280235898-01,App Store,13280235898,friction,MARKET_DATA_INFORMATION,,PRODUCT_DISCOVERY_MARKET_DATA,MEDIUM,Load giá quá chậm đáng 1 sao.,HIGH,False,False,PROVISIONAL
Google_Play-91e69385-a626-4090-8830-153d29d88107-01,Google Play,91e69385-a626-4090-8830-153d29d88107,feature_request,MARKET_RESEARCH_RECOMMENDATION_UTILITY,,TRADING_ORDER_MANAGEMENT,LOW,"nếu có lệnh mua định kì cổ phiếu lô lẻ hay mua hàng ngày số tiền xác định 50-100k thì tuyệt nhất. đỡ hàng ngày nhìn biểu đồ, đầu tư thụ động tối ưu.",HIGH,False,False,PROVISIONAL
App_Store-13289538564-01,App Store,13289538564,failure,PERFORMANCE_RELIABILITY,,TRADING_ORDER_MANAGEMENT,HIGH,Ngày 20/10 hệ thống trễ quá lớn. Ảnh hưởng nghiêm trong trong giao dịch phái Sinh,HIGH,False,False,PROVISIONAL
App_Store-13290030950-01,App Store,13290030950,failure,PERFORMANCE_RELIABILITY,,TRADING_ORDER_MANAGEMENT,HIGH,Cứ khi nào thị trường có biến lớn là app bị ngu ko load đc. Mấy lần r chứ ko phải một lần. Mất tiền oan mất lần chỉ vì cái app.,HIGH,False,False,PROVISIONAL
App_Store-13290082792-01,App Store,13290082792,friction,PERFORMANCE_RELIABILITY,,GENERAL_CROSS_JOURNEY,MEDIUM,"App quá lagg, ko chấp nhận nổi, bày đặt đòi wealth tech nhưng app lag lòi mà bày đặt, xem lại căn bản đã",HIGH,False,False,PROVISIONAL
Google_Play-353e3c17-d9a3-4543-be66-696313163b77-01,Google Play,353e3c17-d9a3-4543-be66-696313163b77,friction,MARKET_DATA_INFORMATION,,PRODUCT_DISCOVERY_MARKET_DATA,MEDIUM,"up date xong tệ hơn, đồ thị 1 đường giá 1 kiểu, thông tin lệnh thì không có, yêu cầu về lại bản cũ",HIGH,False,False,PROVISIONAL
App_Store-13290348242-01,App Store,13290348242,failure,TRADING_ORDER_EXECUTION,,TRADING_ORDER_MANAGEMENT,HIGH,"Ngày 20/10/2025 thị trường có phiên giảm sâu kỷ lục hơn 94 điểm, nhưng tôi không thể mua bán cổ phiếu trên app làm danh mục của tôi lỗ nặng do không thể mua để DCA",HIGH,False,False,PROVISIONAL
Google_Play-87d4ca9a-c274-4324-9b5c-890fe0d01b82-01,Google Play,87d4ca9a-c274-4324-9b5c-890fe0d01b82,failure,PERFORMANCE_RELIABILITY,,TRADING_ORDER_MANAGEMENT,HIGH,Mai ipo TCX rồi mà nay lag app ko mua bán gì được. đề nghị admin xem lại hạ tầng của app.,HIGH,False,False,PROVISIONAL
Google_Play-71b9c261-395d-4f67-b3b2-dcdc357d8ea2-01,Google Play,71b9c261-395d-4f67-b3b2-dcdc357d8ea2,failure,PERFORMANCE_RELIABILITY,,TRADING_ORDER_MANAGEMENT,HIGH,"app cực kém, lúc cần mua thì bị lagg nhất định không cho mua, mất nhiều cơ hội vàng.",HIGH,False,False,PROVISIONAL
Google_Play-6891cb2b-a3b4-4a98-97ee-37f8db6689d2-01,Google Play,6891cb2b-a3b4-4a98-97ee-37f8db6689d2,failure,PERFORMANCE_RELIABILITY,,TRADING_ORDER_MANAGEMENT,HIGH,"Quá tệ, thị trường sập app đơ lag ko cho mua bán",HIGH,False,False,PROVISIONAL
Google_Play-604a520a-018e-40f2-aa15-078d7fec8eda-01,Google Play,604a520a-018e-40f2-aa15-078d7fec8eda,failure,PERFORMANCE_RELIABILITY,,TRADING_ORDER_MANAGEMENT,HIGH,Đúng lúc thị trường biến động thì app đơ ko thể giao dịch được!,HIGH,False,False,PROVISIONAL
Google_Play-787e16ff-0622-4417-af39-14326011d974-01,Google Play,787e16ff-0622-4417-af39-14326011d974,friction,CUSTOMER_SUPPORT,,CUSTOMER_SUPPORT,HIGH,cskh không ai phản hồi,HIGH,False,False,PROVISIONAL
Google_Play-6611ff7b-7235-46ef-8c16-98055bfdf73c-01,Google Play,6611ff7b-7235-46ef-8c16-98055bfdf73c,failure,DEPOSIT_WITHDRAWAL_TRANSFER,,FUNDING_CASH_TRANSFER,HIGH,nạp 500k vào thì mau còn rút ra thì ko đc giống lừa đảo ghê rút thì nó bảo dịch vụ chuyển tiền tạm ngưng chán thật,HIGH,False,False,PROVISIONAL
Google_Play-9559d520-4c18-439a-a87c-c604836aa0e5-01,Google Play,9559d520-4c18-439a-a87c-c604836aa0e5,failure,PERFORMANCE_RELIABILITY,,TRADING_ORDER_MANAGEMENT,HIGH,Nhân ngày lên sàn app lag như koz,HIGH,False,False,PROVISIONAL
App_Store-13295667287-01,App Store,13295667287,friction,UX_NAVIGATION_COMPLEXITY,,GENERAL_CROSS_JOURNEY,MEDIUM,"App nhiều tính năng, tốt, nhưng sắp xếp quá phức tạp một cách không cần thiết, rối. Cần làm cho đơn giản bớt. Một chức năng không cần phải xuất hiện ở nhiều nơi khác nhau.",HIGH,False,False,PROVISIONAL
Google_Play-c0f59e03-37c1-419f-98bf-f58d4d03b89f-01,Google Play,c0f59e03-37c1-419f-98bf-f58d4d03b89f,failure,AUTHENTICATION_IOTP,,TRADING_ORDER_MANAGEMENT,HIGH,đặt lệnh trên web mà mãi ko có otp gửi điện thoại.,HIGH,False,False,PROVISIONAL
Google_Play-c0f59e03-37c1-419f-98bf-f58d4d03b89f-02,Google Play,c0f59e03-37c1-419f-98bf-f58d4d03b89f,friction,UX_NAVIGATION_COMPLEXITY,,TRADING_ORDER_MANAGEMENT,MEDIUM,"đặt lệnh app thì số lượng với giá cổ phiếu nhảy loạn xạ, bảng giá thì load chậm. Vừa vào đã hiện cái banner quảng cáo, bộ nghĩ nđt người ta xem cái đấy à.",HIGH,False,False,PROVISIONAL
App_Store-13301878527-01,App Store,13301878527,failure,UX_NAVIGATION_COMPLEXITY,,GENERAL_CROSS_JOURNEY,HIGH,Máy mac app vào không được nhé !,HIGH,False,False,PROVISIONAL
Google_Play-6d68116a-74e9-4e8e-be7c-43b6078415c3-01,Google Play,6d68116a-74e9-4e8e-be7c-43b6078415c3,friction,OTHER,,GENERAL_CROSS_JOURNEY,MEDIUM,Làm app với web như này đòi người ta đầu tư.,LOW,False,True,PROVISIONAL
App_Store-13306623450-01,App Store,13306623450,friction,UX_NAVIGATION_COMPLEXITY,,GENERAL_CROSS_JOURNEY,MEDIUM,càng ngày càng rối. rối rắm khó khăn,MEDIUM,False,False,PROVISIONAL
App_Store-13306623450-02,App Store,13306623450,unmet_need,MARKET_RESEARCH_RECOMMENDATION_UTILITY,,TRADING_ORDER_MANAGEMENT,MEDIUM,tạo cái lệnh định kỳ quỹ cũng không cho,HIGH,False,False,PROVISIONAL
Google_Play-16952e31-0146-4d80-bae8-0d1304a0d6ea-01,Google Play,16952e31-0146-4d80-bae8-0d1304a0d6ea,failure,DEPOSIT_WITHDRAWAL_TRANSFER,,FUNDING_CASH_TRANSFER,HIGH,sao rút tiền không được vậy,HIGH,False,False,PROVISIONAL
Google_Play-2d332b92-4e4e-4c12-9526-daf360cd5d1e-01,Google Play,2d332b92-4e4e-4c12-9526-daf360cd5d1e,friction,FEE_PRICING,,FUNDING_CASH_TRANSFER,HIGH,"khách hàng Diamond mà không có các quyền lợi đầy đủ như trong mục ghi, phí vay margin quá cao",HIGH,False,False,PROVISIONAL
Google_Play-2d332b92-4e4e-4c12-9526-daf360cd5d1e-02,Google Play,2d332b92-4e4e-4c12-9526-daf360cd5d1e,friction,CUSTOMER_SUPPORT,,CUSTOMER_SUPPORT,MEDIUM,dvcskh quá tệ,HIGH,False,False,PROVISIONAL
Google_Play-0ffd0f52-46ad-4c3b-a711-c3eea379055e-01,Google Play,0ffd0f52-46ad-4c3b-a711-c3eea379055e,friction,AUTHENTICATION_IOTP,,LOGIN_AUTHENTICATION,MEDIUM,Bật tính năng đăng nhập bằng vân tay mà bắt phải hủy iotp ở thiết bị cũ? không hiểu kiểu gì. Giờ có 2 đt mà chỉ 1 chiếc phải đăng nhập = mật khẩu rất phiền.,HIGH,False,False,PROVISIONAL
Google_Play-0ffd0f52-46ad-4c3b-a711-c3eea379055e-02,Google Play,0ffd0f52-46ad-4c3b-a711-c3eea379055e,friction,UX_NAVIGATION_COMPLEXITY,,GENERAL_CROSS_JOURNEY,MEDIUM,"Giao diện quá nhiều thứ phức tạp, khó sử dụng.",HIGH,False,False,PROVISIONAL
Google_Play-8c23f05e-9945-4cd9-b130-b91b7b0eaef2-01,Google Play,8c23f05e-9945-4cd9-b130-b91b7b0eaef2,failure,AUTHENTICATION_IOTP,,LOGIN_AUTHENTICATION,HIGH,gửi mã cả ngày mà không thấy về vậy,HIGH,False,False,PROVISIONAL
Google_Play-1f919269-cdd5-413a-a84b-73f1b44a2b11-01,Google Play,1f919269-cdd5-413a-a84b-73f1b44a2b11,failure,PERFORMANCE_RELIABILITY,,GENERAL_CROSS_JOURNEY,HIGH,"ko vào dc app, bực kinh khủng.",HIGH,False,False,PROVISIONAL
Google_Play-1f919269-cdd5-413a-a84b-73f1b44a2b11-02,Google Play,1f919269-cdd5-413a-a84b-73f1b44a2b11,friction,CUSTOMER_SUPPORT,,CUSTOMER_SUPPORT,HIGH,"Nhắn vào page thì chỉ thấy để nội dung chi tiết cho Mập, ko thấy chuyên viên đâu.",HIGH,False,False,PROVISIONAL
App_Store-13332105950-01,App Store,13332105950,failure,MARKET_DATA_INFORMATION,,PRODUCT_DISCOVERY_MARKET_DATA,MEDIUM,Lỗi bị xoá chart. Vẽ 1 2 hôm là bị xoá.,HIGH,False,False,PROVISIONAL
App_Store-13332105950-02,App Store,13332105950,friction,CUSTOMER_SUPPORT,,CUSTOMER_SUPPORT,MEDIUM,Nhắn hỗ trợ r mà chưa dc.,HIGH,False,False,PROVISIONAL
Google_Play-7a5988b3-cc5f-4f88-b009-631bee990259-01,Google Play,7a5988b3-cc5f-4f88-b009-631bee990259,friction,PERFORMANCE_RELIABILITY,,GENERAL_CROSS_JOURNEY,MEDIUM,hôm nay bị lỗi à,LOW,False,True,PROVISIONAL
Google_Play-73f6154c-9e9f-4c5e-8df2-5f3c1cccf794-01,Google Play,73f6154c-9e9f-4c5e-8df2-5f3c1cccf794,failure,PERFORMANCE_RELIABILITY,,GENERAL_CROSS_JOURNEY,HIGH,"crash liên tục, cty 3-4 tỷ đô làm cái app éo xong",HIGH,False,False,PROVISIONAL
Google_Play-8b23d558-1a64-4037-9d25-b39ed5540df3-01,Google Play,8b23d558-1a64-4037-9d25-b39ed5540df3,failure,UX_NAVIGATION_COMPLEXITY,,PRODUCT_DISCOVERY_MARKET_DATA,MEDIUM,Widget không dùng cài được trên màn hình :(,HIGH,False,False,PROVISIONAL
Google_Play-6ab18151-d19b-4dc0-a392-e336feb03958-01,Google Play,6ab18151-d19b-4dc0-a392-e336feb03958,friction,UX_NAVIGATION_COMPLEXITY,,GENERAL_CROSS_JOURNEY,MEDIUM,"giao diện không thân thiện, quá nhiều thứ rắc rối không cần thiết",HIGH,False,False,PROVISIONAL
App_Store-13358137009-01,App Store,13358137009,failure,DEPOSIT_WITHDRAWAL_TRANSFER,,FUNDING_CASH_TRANSFER,HIGH,Chuyển tiền nhìu lần không được,HIGH,False,False,PROVISIONAL
Google_Play-a85de5db-c6e5-46c7-aa43-4e5a2044648c-01,Google Play,a85de5db-c6e5-46c7-aa43-4e5a2044648c,friction,MARKET_DATA_INFORMATION,,TRADING_ORDER_MANAGEMENT,MEDIUM,muốn mua cổ phiếu cần bật máy tính xem đang khớp giá nào,HIGH,False,False,PROVISIONAL
Google_Play-f08b2a0d-fcab-499b-bc86-431d3fa06e91-01,Google Play,f08b2a0d-fcab-499b-bc86-431d3fa06e91,failure,TRADING_ORDER_EXECUTION,,TRADING_ORDER_MANAGEMENT,HIGH,"Áp hay đơ, lặng. Đặt lệnh rất khó. Lệnh mua lại chuyển sang bán.",HIGH,False,False,PROVISIONAL
App_Store-13379249960-01,App Store,13379249960,friction,UX_NAVIGATION_COMPLEXITY,,TRADING_ORDER_MANAGEMENT,MEDIUM,"Giao diện rất khó sử dụng, đặt lệnh mất nhiều bước hơn các app khác. Nên học theo giao diện tối giản như ssi",HIGH,False,False,PROVISIONAL
Google_Play-4281fc08-f004-4bae-a092-6956ed9eb624-01,Google Play,4281fc08-f004-4bae-a092-6956ed9eb624,friction,MARKET_DATA_INFORMATION,,TRADING_ORDER_MANAGEMENT,MEDIUM,"cập nhật giá chậm so với thị trường, app đúng chán giao dịch rất khó nhìn, tệ nhất là cập nhật giá đúng chậm hơn rùa.",HIGH,False,False,PROVISIONAL
App_Store-13411715829-01,App Store,13411715829,failure,PERFORMANCE_RELIABILITY,,GENERAL_CROSS_JOURNEY,HIGH,App tài chính mà văng miết,HIGH,False,False,PROVISIONAL
Google_Play-7a4db707-140f-4bb4-b0fe-78ae4d28947d-01,Google Play,7a4db707-140f-4bb4-b0fe-78ae4d28947d,failure,UX_NAVIGATION_COMPLEXITY,,GENERAL_CROSS_JOURNEY,HIGH,Ứng dụng không tương thích với điện thoại. Trong khi ứng dụng của các công ty khác thì cài đặt bình thường.,HIGH,False,False,PROVISIONAL
Google_Play-ba264218-c50e-4782-8d78-0f45dfcdb703-01,Google Play,ba264218-c50e-4782-8d78-0f45dfcdb703,friction,UX_NAVIGATION_COMPLEXITY,,GENERAL_CROSS_JOURNEY,MEDIUM,"App quá nhiều thứ không cần thiết, nên làm đơn giản lại, nếu muốn ôm đòm thì tách ra từng mô đun ai cần thì tải thêm về không cần thì thôi, làm cho gọn nhẹ lại. làm cho chạy nhanh hơn được k. cứ lag lag sao đó.",HIGH,False,False,PROVISIONAL
App_Store-13416185136-01,App Store,13416185136,unclear,OTHER,,UNKNOWN,MEDIUM,Lừa đảo. Cẩn thận mất tiền nhé mn,LOW,False,True,PROVISIONAL
Google_Play-c4dd35a4-3571-4934-ac95-83360c34caad-01,Google Play,c4dd35a4-3571-4934-ac95-83360c34caad,friction,PERFORMANCE_RELIABILITY,,GENERAL_CROSS_JOURNEY,MEDIUM,App tệ hại vô cùng. Load chậm.,HIGH,False,False,PROVISIONAL
Google_Play-c4dd35a4-3571-4934-ac95-83360c34caad-02,Google Play,c4dd35a4-3571-4934-ac95-83360c34caad,friction,UX_NAVIGATION_COMPLEXITY,,GENERAL_CROSS_JOURNEY,MEDIUM,UI/UX phức tạp.,HIGH,False,False,PROVISIONAL
App_Store-13445903889-01,App Store,13445903889,friction,CUSTOMER_SUPPORT,,CUSTOMER_SUPPORT,HIGH,Bộ phận hỗ trợ là AI hoạt động không hiệu quả. Chỉ dẫn theo các link có sẵn nhưng vẫn không giải quyết được vấn đề.,HIGH,False,False,PROVISIONAL
Google_Play-2515d2e9-0d05-4861-9ad3-f5421f64e9af-01,Google Play,2515d2e9-0d05-4861-9ad3-f5421f64e9af,failure,NOTIFICATION_COMMUNICATION,,FUNDING_CASH_TRANSFER,HIGH,Tiền bán cổ phiếu trong tài khoản ký quỹ bị trừ về 0 mà không có bất kỳ thông báo nào. Không biết tiền bị hạch toán vào đâu?,HIGH,False,False,PROVISIONAL
Google_Play-2515d2e9-0d05-4861-9ad3-f5421f64e9af-02,Google Play,2515d2e9-0d05-4861-9ad3-f5421f64e9af,friction,CUSTOMER_SUPPORT,,CUSTOMER_SUPPORT,HIGH,"Liên hệ thì tổng đài toàn tự động trả lời, không giải quyết được vấn đề, kêu tổng đài viên đều bận qua Zalo, FB chat toàn gặp AI cũng không giải quyết được vấn đề KH gặp phải.",HIGH,False,False,PROVISIONAL
Google_Play-a335448b-6d67-4c3f-a486-5443d514c972-01,Google Play,a335448b-6d67-4c3f-a486-5443d514c972,failure,ONBOARDING_KYC,,ACCOUNT_OPENING_KYC,HIGH,"chụp ảnh xác minh danh tính hoài mà không được, hoàn thành rồi xong lại báo lỗi",HIGH,False,False,PROVISIONAL
Google_Play-52ce58b5-e1df-4171-8943-832ed805219a-01,Google Play,52ce58b5-e1df-4171-8943-832ed805219a,failure,PERFORMANCE_RELIABILITY,,TRADING_ORDER_MANAGEMENT,HIGH,lag k vào dc app để giao dịch,HIGH,False,False,PROVISIONAL
App_Store-13476352525-01,App Store,13476352525,failure,TRADING_ORDER_EXECUTION,,TRADING_ORDER_MANAGEMENT,HIGH,khi nào cần bán là nó đơ và k vào đc app,HIGH,False,False,PROVISIONAL
App_Store-13476352525-02,App Store,13476352525,friction,FEE_PRICING,,FUNDING_CASH_TRANSFER,MEDIUM,trừ tiền ko minh bạch,MEDIUM,False,True,PROVISIONAL
App_Store-13476352525-03,App Store,13476352525,friction,CUSTOMER_SUPPORT,,CUSTOMER_SUPPORT,HIGH,"gọi tổng đài thì toàn Ai nói chuyện, đẩy sang chát zalo face cũng dí AI trả lời",HIGH,False,False,PROVISIONAL
Google_Play-e1c2a515-9df2-4f7e-acc6-3ae5e2f83ffa-01,Google Play,e1c2a515-9df2-4f7e-acc6-3ae5e2f83ffa,failure,PERFORMANCE_RELIABILITY,,GENERAL_CROSS_JOURNEY,HIGH,app toàn bị đơ,HIGH,False,False,PROVISIONAL
App_Store-13500073382-01,App Store,13500073382,friction,UX_NAVIGATION_COMPLEXITY,,PRODUCT_DISCOVERY_MARKET_DATA,MEDIUM,Biểu đồ kỹ thuật chỉ cho xem theo hình dọc hoặc quay ngang thì không được full màn xem rất khó chịu.,HIGH,False,False,PROVISIONAL
App_Store-13503906778-01,App Store,13503906778,friction,UX_NAVIGATION_COMPLEXITY,,GENERAL_CROSS_JOURNEY,MEDIUM,"App rối mắt, phức tạp, lag, khó sử dụng, ngu",HIGH,False,False,PROVISIONAL
Google_Play-dc63badd-1778-4fcf-b23d-17caddbd2e1b-01,Google Play,dc63badd-1778-4fcf-b23d-17caddbd2e1b,failure,MARKET_DATA_INFORMATION,,PORTFOLIO_TRACKING,HIGH,"dữ liệu cuối ngày lúc nào cũng trễ, ảnh hưởng công việc của nhà đầu tư..bực lắm luôn!!",HIGH,False,False,PROVISIONAL
App_Store-13541334311-01,App Store,13541334311,friction,UX_NAVIGATION_COMPLEXITY,,TRADING_ORDER_MANAGEMENT,MEDIUM,App siêu khó dùng so với các app chứng khoán khác. Giao diện chán không thuận tiện. Lúc đặt lệnh mua cổ phiếu không nhìn được giá trần và giá sàn ở đâu!!!,HIGH,False,False,PROVISIONAL
App_Store-13549003693-01,App Store,13549003693,friction,PERFORMANCE_RELIABILITY,,GENERAL_CROSS_JOURNEY,MEDIUM,"App kiểu all in one, giao dịch cổ phiếu, trái phiếu, chứng chỉ quỹ.. đầy đủ nhưng khá là lag, khiến người dùng đôi lúc khá bực mình",HIGH,False,False,PROVISIONAL
App_Store-13572114993-01,App Store,13572114993,friction,DEPOSIT_WITHDRAWAL_TRANSFER,,FUNDING_CASH_TRANSFER,MEDIUM,"Phần nộp tiền vào mà khắt khe việc xác minh, ko hiểu lí do để làm gì",MEDIUM,False,True,PROVISIONAL
App_Store-13572173414-01,App Store,13572173414,friction,CUSTOMER_SUPPORT,,CUSTOMER_SUPPORT,HIGH,Thái độ nhân viên chăm sóc khách hàng quá tệ,HIGH,False,False,PROVISIONAL
App_Store-13593563203-01,App Store,13593563203,failure,PERFORMANCE_RELIABILITY,,TRADING_ORDER_MANAGEMENT,HIGH,2025 rồi mà còn để performance issue xảy ra ngay trên production khiến bao nhiêu khách ko đặt lệnh mua hay bán gì được,HIGH,False,False,PROVISIONAL
Google_Play-76d860a2-c516-4fa6-94b3-ef2c7a2daed5-01,Google Play,76d860a2-c516-4fa6-94b3-ef2c7a2daed5,friction,PERFORMANCE_RELIABILITY,,GENERAL_CROSS_JOURNEY,HIGH,"thật là 1 ứng dụng kinh tởm. Ba bữa lại lỗi, hỗ trợ thì dùng AI giao dịch, xử lý chậm chạp. Giao dịch CK mà chờ sửa lỗi vài ngày.",HIGH,False,False,PROVISIONAL
App_Store-13612239839-01,App Store,13612239839,failure,TRADING_ORDER_EXECUTION,,TRADING_ORDER_MANAGEMENT,HIGH,"Lỗi , đơ giật khi sử dụng rất nhiều. Toàn lỗi không giao dịch được",HIGH,False,False,PROVISIONAL
App_Store-13628373156-01,App Store,13628373156,friction,UX_NAVIGATION_COMPLEXITY,,LOGIN_AUTHENTICATION,MEDIUM,"App giao diện xấu, rất khó hiểu, quy trình đăng nhập rườm rà gây trải nghiệm người dùng ko tốt. Nên thuê UX designer xây lại app giống app Techcombank",HIGH,False,False,PROVISIONAL
Google_Play-ae9cebc0-a50c-4564-9ac3-44f281f31e39-01,Google Play,ae9cebc0-a50c-4564-9ac3-44f281f31e39,friction,UX_NAVIGATION_COMPLEXITY,,GENERAL_CROSS_JOURNEY,MEDIUM,"giao diện, chức năng loạn cào cào",HIGH,False,False,PROVISIONAL
App_Store-13630861870-01,App Store,13630861870,friction,PERFORMANCE_RELIABILITY,,TRADING_ORDER_MANAGEMENT,MEDIUM,App hay đơ lag,HIGH,False,False,PROVISIONAL
App_Store-13630861870-02,App Store,13630861870,failure,TRADING_ORDER_EXECUTION,,TRADING_ORDER_MANAGEMENT,HIGH,Nhiều lúc đặt lệnh xong k huỷ được,HIGH,False,False,PROVISIONAL
App_Store-13630882706-01,App Store,13630882706,failure,PERFORMANCE_RELIABILITY,,TRADING_ORDER_MANAGEMENT,HIGH,"lúc quan trọng hay có biến là nó lỗi đúng lúc, làm thiệt hại bao nhiêu tiền của khách",HIGH,False,False,PROVISIONAL
App_Store-13630917569-01,App Store,13630917569,failure,TRADING_ORDER_EXECUTION,,TRADING_ORDER_MANAGEMENT,HIGH,"Ứng dụng tệ hại, cứ treo lệnh không bán được gây thiệt hại lớn cho nđt",HIGH,False,False,PROVISIONAL
App_Store-13630935825-01,App Store,13630935825,failure,TRADING_ORDER_EXECUTION,,TRADING_ORDER_MANAGEMENT,HIGH,"9h30 ngày 14/1 đơ lag đặt lệnh ko mua ko được, huỷ ko được.",HIGH,False,False,PROVISIONAL
App_Store-13630942957-01,App Store,13630942957,failure,TRADING_ORDER_EXECUTION,,TRADING_ORDER_MANAGEMENT,HIGH,"App lỗi, từ sáng tới giờ đặt xong không khớp cũng không sửa được lệnh",HIGH,False,False,PROVISIONAL
App_Store-13630943735-01,App Store,13630943735,failure,TRADING_ORDER_EXECUTION,,TRADING_ORDER_MANAGEMENT,HIGH,"Đặt lệnh mua bán trong phiên nhưng trạng thái giao dịch chỉ là ""đã đặt"", không chuyển qua ""chờ khớp""? Không sửa, huỷ lệnh được!?!",HIGH,False,False,PROVISIONAL
App_Store-13630945627-01,App Store,13630945627,failure,TRADING_ORDER_EXECUTION,,TRADING_ORDER_MANAGEMENT,HIGH,Đến giờ giao dịch thì lỗi ko đặt lệnh hay xoá sửa được. Hệ thống thì nói cập nhật dữ liệu nên bị lỗi.,HIGH,False,False,PROVISIONAL
App_Store-13630947432-01,App Store,13630947432,failure,TRADING_ORDER_EXECUTION,,TRADING_ORDER_MANAGEMENT,HIGH,"App lỗi sửa lệnh cả buổi sáng mãi không xong, ảnh hưởng tới giao dịch của khách hàng",HIGH,False,False,PROVISIONAL
App_Store-13630948771-01,App Store,13630948771,failure,TRADING_ORDER_EXECUTION,,TRADING_ORDER_MANAGEMENT,HIGH,"Đang lỗi không giao dịch được, hãy sử lý và có lời giải thích thoả đáng. Lỗi hơn 1 tiếng chưa có trả lời khách hàng",HIGH,False,False,PROVISIONAL
App_Store-13630951162-01,App Store,13630951162,failure,TRADING_ORDER_EXECUTION,,TRADING_ORDER_MANAGEMENT,HIGH,App rất hay lỗi nhé. Lúc cần huỷ lệnh sửa giá là không làm được. Hỏi nhân viên báo là hệ thống đang cập nhật gì đó. Lỡ giờ để mua bán khi giá tăng hay tụt đột ngột.,HIGH,False,False,PROVISIONAL
App_Store-13630959017-01,App Store,13630959017,failure,TRADING_ORDER_EXECUTION,,TRADING_ORDER_MANAGEMENT,HIGH,Nghĩ sao 10h sáng đặt lệnh ko cho khớp ko cho sửa ko cho huỷ? App lớn mà lỗi vậy?,HIGH,False,False,PROVISIONAL
App_Store-13630959308-01,App Store,13630959308,failure,TRADING_ORDER_EXECUTION,,TRADING_ORDER_MANAGEMENT,HIGH,"Orders not reaching the Exchange. Please inspect, fix, and upgrade the App immediately",HIGH,False,False,PROVISIONAL
App_Store-13630970402-01,App Store,13630970402,failure,TRADING_ORDER_EXECUTION,,TRADING_ORDER_MANAGEMENT,HIGH,Hệ thống đặt lệnh hay bị đơ,HIGH,False,False,PROVISIONAL
App_Store-13631009444-01,App Store,13631009444,friction,PERFORMANCE_RELIABILITY,,GENERAL_CROSS_JOURNEY,HIGH,lỗi app thì liên tục mà xử lí lỗi thì lâu,HIGH,False,False,PROVISIONAL
App_Store-13631009444-02,App Store,13631009444,friction,CUSTOMER_SUPPORT,,CUSTOMER_SUPPORT,HIGH,"gọi điện AI trả lời, hậu quả thì ndt chịu",HIGH,False,False,PROVISIONAL
App_Store-13631386662-01,App Store,13631386662,failure,PERFORMANCE_RELIABILITY,,TRADING_ORDER_MANAGEMENT,HIGH,"trong những ngày biến động thường treo lệnh, biểu đồ load không nổi",HIGH,False,False,PROVISIONAL
Google_Play-9860f804-3c41-4833-8e96-6b2549b7a919-01,Google Play,9860f804-3c41-4833-8e96-6b2549b7a919,failure,TRADING_ORDER_EXECUTION,,TRADING_ORDER_MANAGEMENT,HIGH,Lúc cp tăng thì đặt lệnh mua ko đc. Không cho hủy.,HIGH,False,False,PROVISIONAL
Google_Play-3d2ccb13-239e-46a6-9f78-90021bbeeeed-01,Google Play,3d2ccb13-239e-46a6-9f78-90021bbeeeed,failure,TRADING_ORDER_EXECUTION,,TRADING_ORDER_MANAGEMENT,HIGH,app chuyên lỗi k đặt đc lệnh k nên dùng công ty này,HIGH,False,False,PROVISIONAL
Google_Play-6ea0461e-6beb-4da6-b23b-5e93231b3c15-01,Google Play,6ea0461e-6beb-4da6-b23b-5e93231b3c15,failure,TRADING_ORDER_EXECUTION,,TRADING_ORDER_MANAGEMENT,HIGH,"App thường xuyên lỗi không giao dịch được, không bao giờ dùng app này nữa",HIGH,False,False,PROVISIONAL
Google_Play-cd546886-d870-42ac-b667-23f16adc7038-01,Google Play,cd546886-d870-42ac-b667-23f16adc7038,failure,TRADING_ORDER_EXECUTION,,TRADING_ORDER_MANAGEMENT,HIGH,"Apps chuyên đơ và lỗi. Hỏi thì được trả lời là cập nhật hệ thống, mà toàn canh lúc đang giao dịch thì cập nhật.",HIGH,False,False,PROVISIONAL
Google_Play-547f969e-0676-4e7d-a158-d1c32569d075-01,Google Play,547f969e-0676-4e7d-a158-d1c32569d075,friction,TRADING_ORDER_EXECUTION,,TRADING_ORDER_MANAGEMENT,HIGH,quá tệ mất rất nhiều tiền của khách hàng,MEDIUM,False,True,PROVISIONAL
Google_Play-29e01899-efa2-4546-8421-6b2abf4bf775-01,Google Play,29e01899-efa2-4546-8421-6b2abf4bf775,failure,TRADING_ORDER_EXECUTION,,TRADING_ORDER_MANAGEMENT,HIGH,không đặt lệnh hủy lệnh dc.,HIGH,False,False,PROVISIONAL
Google_Play-29e01899-efa2-4546-8421-6b2abf4bf775-02,Google Play,29e01899-efa2-4546-8421-6b2abf4bf775,friction,CUSTOMER_SUPPORT,,CUSTOMER_SUPPORT,HIGH,"Không có cshk xử lý lỗi, không thông báo coi thường kh.",HIGH,False,False,PROVISIONAL
Google_Play-29e01899-efa2-4546-8421-6b2abf4bf775-03,Google Play,29e01899-efa2-4546-8421-6b2abf4bf775,friction,FEE_PRICING,,FUNDING_CASH_TRANSFER,HIGH,"Mg cao ngất, thích call là call, phí có rẻ cũng tẩy chay",MEDIUM,False,True,PROVISIONAL
Google_Play-50c59532-84b0-4a83-ae32-6b8b631fa0a0-01,Google Play,50c59532-84b0-4a83-ae32-6b8b631fa0a0,failure,TRADING_ORDER_EXECUTION,,TRADING_ORDER_MANAGEMENT,HIGH,"Lệnh đặt xong, không thể sửa/hủy.",HIGH,False,False,PROVISIONAL
Google_Play-91221ee6-f61c-4e82-8ec2-7ed2075267f6-01,Google Play,91221ee6-f61c-4e82-8ec2-7ed2075267f6,failure,TRADING_ORDER_EXECUTION,,TRADING_ORDER_MANAGEMENT,HIGH,"đặt lệnh k khớp, hủy sửa cũng k được.",HIGH,False,False,PROVISIONAL
Google_Play-91221ee6-f61c-4e82-8ec2-7ed2075267f6-02,Google Play,91221ee6-f61c-4e82-8ec2-7ed2075267f6,friction,CUSTOMER_SUPPORT,,CUSTOMER_SUPPORT,HIGH,hỗ trợ thì AI trả lời lung tung. k có ng hỗ trợ bỏ mặc khách hàng,HIGH,False,False,PROVISIONAL
Google_Play-7994ad3a-fbe8-4921-a0e9-8fd062219660-01,Google Play,7994ad3a-fbe8-4921-a0e9-8fd062219660,failure,TRADING_ORDER_EXECUTION,,TRADING_ORDER_MANAGEMENT,HIGH,Lỗi không giao dịch được gì cả,HIGH,False,False,PROVISIONAL
Google_Play-10715b55-e2ae-4183-9526-13ee6745d20a-01,Google Play,10715b55-e2ae-4183-9526-13ee6745d20a,failure,TRADING_ORDER_EXECUTION,,TRADING_ORDER_MANAGEMENT,HIGH,"thường xuyên treo lỗi làm mất tiền, làm thiệt hại khách hàng",HIGH,False,False,PROVISIONAL
Google_Play-e278b975-7183-4b48-b291-1aae830dc27c-01,Google Play,e278b975-7183-4b48-b291-1aae830dc27c,failure,AUTHENTICATION_IOTP,,LOGIN_AUTHENTICATION,HIGH,App desktop không xài đc chứng năng quét QR để đăng nhập.,HIGH,False,False,PROVISIONAL
Google_Play-e278b975-7183-4b48-b291-1aae830dc27c-02,Google Play,e278b975-7183-4b48-b291-1aae830dc27c,friction,CUSTOMER_SUPPORT,,CUSTOMER_SUPPORT,HIGH,HỆ THỐNG CHĂM SÓC KHÁCH HÀNG CỰC TỆ. Công ty quảng cáo làm ăn tốt lắm và hệ thống chăm sóc khách hàng không thể chấp nhận được. Dịch vụ tệ nhất mà tôi từng trải qua.,HIGH,False,False,PROVISIONAL
Google_Play-5da43298-166d-490c-b83b-8c5c144606e5-01,Google Play,5da43298-166d-490c-b83b-8c5c144606e5,failure,TRADING_ORDER_EXECUTION,,TRADING_ORDER_MANAGEMENT,HIGH,"14.01.2026, từ 9h sáng, hệ thống lỗi không đặt đc lệnh. Với 1 công ty chứng khoán, TCBS đã rất không ổn",HIGH,False,False,PROVISIONAL
Google_Play-fd2c190b-db45-422b-8174-630c33973175-01,Google Play,fd2c190b-db45-422b-8174-630c33973175,failure,TRADING_ORDER_EXECUTION,,TRADING_ORDER_MANAGEMENT,HIGH,Lúc cần thì lỗi. Không gửi thông báo kịp thời khi hệ thống bị lỗi hay sử dụng được trở lại. Ít nhất khi sử dụng được lại thì thông báo khách có nhu cầu sửa hay hủy lệnh không.,HIGH,False,False,PROVISIONAL
Google_Play-6e30c2fa-02e6-43ad-818c-1dae839ff8d8-01,Google Play,6e30c2fa-02e6-43ad-818c-1dae839ff8d8,unclear,OTHER,,UNKNOWN,LOW,Tệ,LOW,False,True,PROVISIONAL
Google_Play-afb2af61-25eb-4b6c-b38c-cf8fa5771bee-01,Google Play,afb2af61-25eb-4b6c-b38c-cf8fa5771bee,friction,TRADING_ORDER_EXECUTION,,TRADING_ORDER_MANAGEMENT,HIGH,"một ứng dụng, lỗi thì nhiều mà tận tâm thì ít , khuyên không nên sử dụng, lỗi rất nhiều tôi mất 179 triệu vì lỗi của nó",HIGH,False,False,PROVISIONAL
Google_Play-bc8d4d54-f2c0-49a0-b6e7-55fac5b11c5f-01,Google Play,bc8d4d54-f2c0-49a0-b6e7-55fac5b11c5f,friction,PERFORMANCE_RELIABILITY,,GENERAL_CROSS_JOURNEY,MEDIUM,"tốc độ load app cần cải thiện nhanh tối đa, hiện tại quá chậm",HIGH,False,False,PROVISIONAL
App_Store-13634622324-01,App Store,13634622324,failure,PERFORMANCE_RELIABILITY,,TRADING_ORDER_MANAGEMENT,HIGH,"App thường xuyên treo, lag đặc biệt khi thị trường biến động. Anh em xài sẽ thấy cảnh muốn mua ko được, muốn bán không xong. Khi hết lag thì mọi chuyện đã qua, thiệt hại lớn lắm.",HIGH,False,False,PROVISIONAL
Google_Play-2e5b19b6-95a6-4096-a902-97b2962bf652-01,Google Play,2e5b19b6-95a6-4096-a902-97b2962bf652,failure,AUTHENTICATION_IOTP,,LOGIN_AUTHENTICATION,HIGH,đăng nhập gì mà lỗi riết à,HIGH,False,False,PROVISIONAL
App_Store-13681511706-01,App Store,13681511706,failure,AUTHENTICATION_IOTP,,LOGIN_AUTHENTICATION,HIGH,Cả buổi tối k xác nhận được khuôn mặt bực cả mình. Người ta canh góc nhìn thẳng vào cam rồi. Chỉnh rất nhiều lần vẫn k xác nhận đc,HIGH,False,False,PROVISIONAL
Google_Play-0eeeb54d-31ef-476a-8384-c82d9b67a24d-01,Google Play,0eeeb54d-31ef-476a-8384-c82d9b67a24d,failure,UX_NAVIGATION_COMPLEXITY,,PRODUCT_DISCOVERY_MARKET_DATA,MEDIUM,2 hôm nay ở mục chỉ số mình không kéo xem được là sao ... các mục chỉ số phái sinh ở phía dưới không kéo xuống xem được,HIGH,False,False,PROVISIONAL
App_Store-13683768965-01,App Store,13683768965,failure,ACCOUNT_RECOVERY_PROFILE_CHANGE,,ACCOUNT_PROFILE_MAINTENANCE,HIGH,"cập nhật CCCD 3 lần không được và không hề có nhân sự hỗ trợ, sử dụng chức năng Hỗ trợ trong App cũng không được",HIGH,False,False,PROVISIONAL
App_Store-13684259604-01,App Store,13684259604,failure,UX_NAVIGATION_COMPLEXITY,,GENERAL_CROSS_JOURNEY,HIGH,App bị crash trên ios 15.8.5,HIGH,False,False,PROVISIONAL
Google_Play-4969ce69-82b9-43de-833a-e3fb4173cb95-01,Google Play,4969ce69-82b9-43de-833a-e3fb4173cb95,failure,PERFORMANCE_RELIABILITY,,GENERAL_CROSS_JOURNEY,HIGH,"App hay crash một cách vô cớ, bật không lên, dù đã gỡ đi và cài lại.",HIGH,False,False,PROVISIONAL
Google_Play-a8c833fb-d991-4ed4-8ec3-eac4602bb61f-01,Google Play,a8c833fb-d991-4ed4-8ec3-eac4602bb61f,unclear,OTHER,,UNKNOWN,LOW,tôi thắc mắc nhân viên tcbs có biết đọc không,LOW,False,True,PROVISIONAL
App_Store-13692057749-01,App Store,13692057749,unmet_need,MARKET_RESEARCH_RECOMMENDATION_UTILITY,,TRADING_ORDER_MANAGEMENT,MEDIUM,"Tôi đã từng sử dụng VPS và VND giao dịch lô lẻ rất đơn giản, còn bên công ty này giao dịch lô lẻ phải lên máy tính. Mà đặt lệnh xong vẫn không giao dịch được, công nghệ kém",HIGH,False,False,PROVISIONAL
Google_Play-bd4b1420-3cb0-4f0f-90c0-9c91f9b63898-01,Google Play,bd4b1420-3cb0-4f0f-90c0-9c91f9b63898,friction,TRADING_ORDER_EXECUTION,,TRADING_ORDER_MANAGEMENT,MEDIUM,"lag, lệnh đặt không được có độ trễ khớp lệnh trên bảng điện.",HIGH,False,False,PROVISIONAL
Google_Play-bd4b1420-3cb0-4f0f-90c0-9c91f9b63898-02,Google Play,bd4b1420-3cb0-4f0f-90c0-9c91f9b63898,failure,UX_NAVIGATION_COMPLEXITY,,PRODUCT_DISCOVERY_MARKET_DATA,MEDIUM,phần chỉ số không kéo xuống coi tổng quan được.,HIGH,False,False,PROVISIONAL
App_Store-13703439891-01,App Store,13703439891,friction,ONBOARDING_KYC,,ACCOUNT_OPENING_KYC,MEDIUM,Thời gian xác thực lâu,MEDIUM,False,True,PROVISIONAL
Google_Play-905e75f6-8a68-4b8a-8766-a64ee3e0b043-01,Google Play,905e75f6-8a68-4b8a-8766-a64ee3e0b043,friction,UX_NAVIGATION_COMPLEXITY,,GENERAL_CROSS_JOURNEY,MEDIUM,"phí giao dịch 0.03, nhưng app tệ, giao diện khó sử dụng. giao dịch trên TCBS mà phải xem bảng giá bằng SSI, theo dõi danh mục bằng Excel thủ công. thực sự TCBS ngoài phí rẻ ra thì app quá tệ luôn.",HIGH,False,False,PROVISIONAL
App_Store-13709946802-01,App Store,13709946802,friction,CUSTOMER_SUPPORT,,CUSTOMER_SUPPORT,MEDIUM,Cskh AI quá tệ,HIGH,False,False,PROVISIONAL
Google_Play-9e7a5f33-408c-4d29-8a47-600164f61346-01,Google Play,9e7a5f33-408c-4d29-8a47-600164f61346,failure,PORTFOLIO_ACCOUNT_INFORMATION,,PORTFOLIO_TRACKING,MEDIUM,"Làm cái biểu đồ ""Tài sản"" hiện được mỗi Tổng quan. còn Tab Tiền, IPower,Cổ phiếu, Trái phiếu... lại không hiển thì dc biểu đồ tỷ lệ % danh mục.",HIGH,False,False,PROVISIONAL
App_Store-13710503150-01,App Store,13710503150,friction,UX_NAVIGATION_COMPLEXITY,,GENERAL_CROSS_JOURNEY,MEDIUM,"Cái cần thiết là thao tác trên app nhanh, tiện, chính xác chứ không phải nhét cả đống thứ vô làm rối rắm và thao tác chậm, không chính xác.",HIGH,False,False,PROVISIONAL
App_Store-13711043247-01,App Store,13711043247,friction,OTHER,,GENERAL_CROSS_JOURNEY,LOW,"cộng đồng trên ứng dụng TCBS này thì 1 sao vì đầu tư dưới 3 triệu,mà những người đó chửi những lời thô tục và kinh bỉ,sỉ nhục và lăng mạ tôi.",HIGH,True,False,PROVISIONAL
Google_Play-21087ebd-11dc-4cb5-932b-a6f23c675263-01,Google Play,21087ebd-11dc-4cb5-932b-a6f23c675263,friction,AUTHENTICATION_IOTP,,LOGIN_AUTHENTICATION,MEDIUM,lúc nào cũng đòi đăng nhập lại.,HIGH,False,False,PROVISIONAL
Google_Play-21087ebd-11dc-4cb5-932b-a6f23c675263-02,Google Play,21087ebd-11dc-4cb5-932b-a6f23c675263,failure,MARKET_DATA_INFORMATION,,PRODUCT_DISCOVERY_MARKET_DATA,MEDIUM,mà thoát ra thoát vào cái bảng giá đứng im luôn ko có cập nhật.,HIGH,False,False,PROVISIONAL
Google_Play-21087ebd-11dc-4cb5-932b-a6f23c675263-03,Google Play,21087ebd-11dc-4cb5-932b-a6f23c675263,friction,DEPOSIT_WITHDRAWAL_TRANSFER,,FUNDING_CASH_TRANSFER,MEDIUM,lúc mà thiếu tiền thi ko báo tự động rút tài khoản ngân hàng.,HIGH,False,False,PROVISIONAL
App_Store-13714566655-01,App Store,13714566655,friction,AUTHENTICATION_IOTP,,LOGIN_AUTHENTICATION,HIGH,"Mua điện thoại mới đăng nhập không được mặc dù có số tk và mật khẩu và Sdt chính chủ rồi. Bắt xác nhận điện thoại cũ (đã cho và đã cài lại máy và người nhận cũng đã đi xa) rất bất tiện. Vậy trường hợp mất máy thì làm sao xác nhận được. Cần cải cách lại có số tk, mk, sdt để xác nhận otp là đc rồi. Bảo mật là rất tốt nhưng bảo mật như này là quá cứng nhắc gây phiền hà mất thời gian của nđt",HIGH,False,False,PROVISIONAL
Google_Play-5e88b23d-0167-4f32-ae50-15e89a350a98-01,Google Play,5e88b23d-0167-4f32-ae50-15e89a350a98,friction,UX_NAVIGATION_COMPLEXITY,,GENERAL_CROSS_JOURNEY,MEDIUM,"trải nghiệm ui/ux quá tệ , thay đổi thông tin thì lâu , hộ trợ cũng lơ Nga lơ ngơ",HIGH,False,False,PROVISIONAL
App_Store-13729429377-01,App Store,13729429377,failure,UX_NAVIGATION_COMPLEXITY,,GENERAL_CROSS_JOURNEY,HIGH,mình vào bằng iPad không vào được toàn bị văng ra.,HIGH,False,False,PROVISIONAL
App_Store-13729660566-01,App Store,13729660566,friction,OTHER,,GENERAL_CROSS_JOURNEY,MEDIUM,"Trải nghiệm rất tệ, xử lý lâu. Khuyên ko nên dùng",LOW,False,True,PROVISIONAL
Google_Play-9515fe76-2a00-494d-aa0a-79d882d1665b-01,Google Play,9515fe76-2a00-494d-aa0a-79d882d1665b,failure,ACCOUNT_RECOVERY_PROFILE_CHANGE,,ACCOUNT_PROFILE_MAINTENANCE,HIGH,Bắt khách cài lại mk đến chục lần chưa xong,HIGH,False,False,PROVISIONAL
App_Store-13732547803-01,App Store,13732547803,friction,UX_NAVIGATION_COMPLEXITY,,TRADING_ORDER_MANAGEMENT,MEDIUM,Công ty lớn mà thiết kế chức năng mua bán ngu k thể tả nôi,MEDIUM,False,True,PROVISIONAL
App_Store-13733141742-01,App Store,13733141742,friction,DEPOSIT_WITHDRAWAL_TRANSFER,,FUNDING_CASH_TRANSFER,HIGH,Nộp tiền vào tài khoản chứng khoán từ ngân hàng khác cả ngày mới nổi tiền. Rất bất tiện khi viết sai nội dung chuyển khoản.,HIGH,False,False,PROVISIONAL
Google_Play-62c0e271-0108-42d1-b984-d8d269e8da8c-01,Google Play,62c0e271-0108-42d1-b984-d8d269e8da8c,friction,OTHER,,GENERAL_CROSS_JOURNEY,MEDIUM,"app siêu tệ ,phí thời gian ,tiền bạc ,...",LOW,False,True,PROVISIONAL
Google_Play-e848fbee-1472-45b5-a050-7ebe95952516-01,Google Play,e848fbee-1472-45b5-a050-7ebe95952516,failure,AUTHENTICATION_IOTP,,LOGIN_AUTHENTICATION,HIGH,ngày 10.02.2026 lỗi không đăng nhập được,HIGH,False,False,PROVISIONAL
App_Store-13779252669-01,App Store,13779252669,failure,MARKET_DATA_INFORMATION,,PRODUCT_DISCOVERY_MARKET_DATA,MEDIUM,"App lỗi, khi đang xem bảng giá rất hay bị tải lại",HIGH,False,False,PROVISIONAL
App_Store-13781072372-01,App Store,13781072372,failure,AUTHENTICATION_IOTP,,LOGIN_AUTHENTICATION,HIGH,Không nhận diện được mặt.,HIGH,False,False,PROVISIONAL
App_Store-13781072372-02,App Store,13781072372,friction,UX_NAVIGATION_COMPLEXITY,,GENERAL_CROSS_JOURNEY,MEDIUM,Giao diện tệ,MEDIUM,False,False,PROVISIONAL
Google_Play-bd9c1fa8-0b6c-4eca-a793-693a8fe25c9a-01,Google Play,bd9c1fa8-0b6c-4eca-a793-693a8fe25c9a,failure,AUTHENTICATION_IOTP,,LOGIN_AUTHENTICATION,HIGH,ứng dụng tồi. từ tết đến giờ k đăng nhập nổi,HIGH,False,False,PROVISIONAL
App_Store-13785895204-01,App Store,13785895204,friction,CUSTOMER_SUPPORT,,CUSTOMER_SUPPORT,HIGH,"Khi gặp vấn đề cần hỗ trợ, gọi điện toàn gặp mấy con bot tự động rất mất thời gian và không giải quyết được vấn đề.",HIGH,False,False,PROVISIONAL
App_Store-13785950483-01,App Store,13785950483,friction,ONBOARDING_KYC,,ACCOUNT_OPENING_KYC,MEDIUM,Mới khai thông tin đã bắt gán ghép người dùng có số tài khoản.,MEDIUM,True,True,PROVISIONAL
Google_Play-13e0c0e6-6e6c-4bdb-b12e-8fedf3068801-01,Google Play,13e0c0e6-6e6c-4bdb-b12e-8fedf3068801,friction,ONBOARDING_KYC,,ACCOUNT_OPENING_KYC,MEDIUM,Dăng ký ol mà lâu vl,MEDIUM,False,True,PROVISIONAL
App_Store-13790529670-01,App Store,13790529670,friction,NOTIFICATION_COMMUNICATION,,CUSTOMER_SUPPORT,MEDIUM,"Làm gami mà mở hết 26 bao toàn lời chúc, thà không làm còn hơn",MEDIUM,True,True,PROVISIONAL
Google_Play-ee6e4be6-1988-40be-881d-d7ea9b5bab8d-01,Google Play,ee6e4be6-1988-40be-881d-d7ea9b5bab8d,failure,AUTHENTICATION_IOTP,,LOGIN_AUTHENTICATION,HIGH,phần nhận diện khuôn mặt mãi không nhận diện đc.,HIGH,False,False,PROVISIONAL
App_Store-13800783800-01,App Store,13800783800,failure,UX_NAVIGATION_COMPLEXITY,,GENERAL_CROSS_JOURNEY,HIGH,"Ứng dụng không thể mở được trên ipad pro m4, mỗi lần muốn mở thì phải cài đặt lại, nhưng các lần tiếp theo lại không mở được",HIGH,False,False,PROVISIONAL
Google_Play-eddf39d9-bd84-4593-8b55-0d8756ca835e-01,Google Play,eddf39d9-bd84-4593-8b55-0d8756ca835e,unclear,OTHER,,UNKNOWN,LOW,ap lỏ vl,LOW,False,True,PROVISIONAL
App_Store-13804511641-01,App Store,13804511641,failure,ONBOARDING_KYC,,ACCOUNT_OPENING_KYC,HIGH,"App ko cần người dùng hả ta, đăng ký mấy hôm rồi mà đang xác thực cứ bị văng ra ngoài là thế nào nhỉ",HIGH,False,False,PROVISIONAL
App_Store-13805123311-01,App Store,13805123311,failure,ACCOUNT_RECOVERY_PROFILE_CHANGE,,ACCOUNT_PROFILE_MAINTENANCE,HIGH,"Cập nhật căn cước bị từ chối, không xử lí cho nhà đầu tư, duyệt căn cước phải mất 2 ngày giao dịch. Lúc tải app thì bình thường, nạp tiền vào mới bắt cập nhật.",HIGH,False,False,PROVISIONAL
App_Store-13807938938-01,App Store,13807938938,friction,NOTIFICATION_COMMUNICATION,,GENERAL_CROSS_JOURNEY,MEDIUM,Cập nhật cũng ko thông báo với user làm app lag lag,HIGH,False,False,PROVISIONAL
App_Store-13807943183-01,App Store,13807943183,failure,TRADING_ORDER_EXECUTION,,TRADING_ORDER_MANAGEMENT,HIGH,Lúc cần vào giao dịch đặt lệnh thì không vào được.,HIGH,False,False,PROVISIONAL
App_Store-13807955502-01,App Store,13807955502,failure,AUTHENTICATION_IOTP,,LOGIN_AUTHENTICATION,HIGH,"nhập mk không vào được, app cũng không thông báo do sai mk hay lỗi app",HIGH,False,False,PROVISIONAL
App_Store-13807964744-01,App Store,13807964744,failure,TRADING_ORDER_EXECUTION,,TRADING_ORDER_MANAGEMENT,HIGH,Lúc cần vào bán thì lỗi. Thiệt hại lớn,HIGH,False,False,PROVISIONAL
Google_Play-d04467b7-c165-407c-842a-05c55fccf017-01,Google Play,d04467b7-c165-407c-842a-05c55fccf017,friction,ONBOARDING_KYC,,ACCOUNT_OPENING_KYC,HIGH,"sau trải nghiệm dki 3 ngày vẫn chưa dc duyệt, ban đầu thích bao nhiêu thì bây giờ thất vọng bấy nhiêu. chưa dùng đã ức chế như này rồi. TCBS mất uy tín",HIGH,False,False,PROVISIONAL
Google_Play-14df952c-2772-4273-b198-3e86db37e3ad-01,Google Play,14df952c-2772-4273-b198-3e86db37e3ad,friction,PERFORMANCE_RELIABILITY,,GENERAL_CROSS_JOURNEY,HIGH,"App chậm, load lâu, 11h mà chạy ko nổi chứ nói gì thời điểm 14h15 trở đi.",HIGH,False,False,PROVISIONAL
Google_Play-b18d976a-6d3f-4198-b4cd-5820f3c8abee-01,Google Play,b18d976a-6d3f-4198-b4cd-5820f3c8abee,friction,DEPOSIT_WITHDRAWAL_TRANSFER,,FUNDING_CASH_TRANSFER,HIGH,Rút ký quỹ phái sinh mà hơn cả gần 2 tiếng tiền chưa về. Sợ hãi thật,HIGH,False,False,PROVISIONAL
Google_Play-6641bc0e-8cf4-4608-ad69-285df0b314be-01,Google Play,6641bc0e-8cf4-4608-ad69-285df0b314be,failure,TRADING_ORDER_EXECUTION,,TRADING_ORDER_MANAGEMENT,HIGH,"Cùng cổ phiếu phát hành thêm, FPTS, VCI đã cho giao dịch thì TBCS vẫn khóa. Chậm hơn vài tiếng mới giao dịch dc. Cổ phiếu mua 5.300 cổ đến T+2 chỉ được giao dịch 100 cổ, phần còn lại ko thấy hiển thị ở đâu luôn.",HIGH,False,False,PROVISIONAL
Google_Play-6641bc0e-8cf4-4608-ad69-285df0b314be-02,Google Play,6641bc0e-8cf4-4608-ad69-285df0b314be,friction,CUSTOMER_SUPPORT,,CUSTOMER_SUPPORT,HIGH,Liên hệ trợ giúp thì cực kỳ lâu mới phản hồi và phản hồi cũng chẳng giúp dc gì. Chỉ đổ cho lý do này kia bla bla bla.,HIGH,False,False,PROVISIONAL
App_Store-13818840202-01,App Store,13818840202,failure,TRADING_ORDER_EXECUTION,,TRADING_ORDER_MANAGEMENT,HIGH,Không sửa và huỷ lệnh được,HIGH,False,False,PROVISIONAL
Google_Play-d8a64903-58c4-4159-884f-be5a0131e94f-01,Google Play,d8a64903-58c4-4159-884f-be5a0131e94f,unclear,OTHER,,UNKNOWN,LOW,dịch vụ bố mẹ khách hàng,LOW,False,True,PROVISIONAL
Google_Play-59a17ffa-0cab-481a-8e5c-46a6c7f81924-01,Google Play,59a17ffa-0cab-481a-8e5c-46a6c7f81924,failure,ONBOARDING_KYC,,ACCOUNT_OPENING_KYC,HIGH,đăng ký cả buổi chả được. quá tệ,HIGH,False,False,PROVISIONAL
Google_Play-e4d92484-359e-4a4c-a6d6-a3dacbde2a76-01,Google Play,e4d92484-359e-4a4c-a6d6-a3dacbde2a76,failure,TRADING_ORDER_EXECUTION,,TRADING_ORDER_MANAGEMENT,HIGH,không mua được mã,HIGH,False,False,PROVISIONAL
App_Store-13836082606-01,App Store,13836082606,friction,ACCOUNT_RECOVERY_PROFILE_CHANGE,,ACCOUNT_PROFILE_MAINTENANCE,HIGH,"thay đổi số điện thoại thôi mà bắt đợi 1 tuần, support nhắn tin tiếng rep 1 lần",HIGH,False,False,PROVISIONAL
Google_Play-0a5262e3-0527-40a6-9611-44eb3b1d1c7f-01,Google Play,0a5262e3-0527-40a6-9611-44eb3b1d1c7f,friction,DEPOSIT_WITHDRAWAL_TRANSFER,,FUNDING_CASH_TRANSFER,HIGH,"Rút có 1đ để test mà còn rườm rà bảo đổi iTOP gì đó rồi thì sau 24h mới cho rút, vãi thật",HIGH,False,False,PROVISIONAL
Google_Play-19822191-5066-4695-b3cb-6420cd103f97-01,Google Play,19822191-5066-4695-b3cb-6420cd103f97,failure,AUTHENTICATION_IOTP,,LOGIN_AUTHENTICATION,HIGH,Cập nhật khuôn mặt không được. Bắt làm trong 30s rất dốt,HIGH,False,False,PROVISIONAL
App_Store-13838846691-01,App Store,13838846691,failure,ONBOARDING_KYC,,ACCOUNT_OPENING_KYC,HIGH,App bắt ekyc nhưng đến bước quét qr ở cccd thì k thể quét được. Team dev check lại vì nó block luồng,HIGH,False,False,PROVISIONAL
Google_Play-26405e29-6e00-44eb-8547-08c38fa7beca-01,Google Play,26405e29-6e00-44eb-8547-08c38fa7beca,feature_request,OTHER,,GENERAL_CROSS_JOURNEY,LOW,phần tài khoản cho con nên thêm vào mua quỹ thay vì chứng khoán vì an toàn và ổn định hơn.,HIGH,True,False,PROVISIONAL
App_Store-13852640366-01,App Store,13852640366,friction,DEPOSIT_WITHDRAWAL_TRANSFER,,FUNDING_CASH_TRANSFER,HIGH,"Nạp tiền thì nhanh, rút tiền thì 3 ngày chưa về lần đầu cũng là lần cuối sd ap",HIGH,False,False,PROVISIONAL
App_Store-13853301981-01,App Store,13853301981,friction,NOTIFICATION_COMMUNICATION,,GENERAL_CROSS_JOURNEY,MEDIUM,Người dùng đã cố ý tắt thông báo rồi cứ bật popup bảo mở thông báo. Quá phiền,HIGH,False,False,PROVISIONAL
Google_Play-15b38521-f61d-4553-8c4f-b5b50af77862-01,Google Play,15b38521-f61d-4553-8c4f-b5b50af77862,failure,PERFORMANCE_RELIABILITY,,GENERAL_CROSS_JOURNEY,HIGH,App cc gì nửa năm rồi ko thèm cập nhật. báo lỗi kết lỗi mạng cứ bắt tải lại trong khi đt vẫn vào mạng bình thường,HIGH,False,False,PROVISIONAL
App_Store-13857042814-01,App Store,13857042814,friction,UX_NAVIGATION_COMPLEXITY,,GENERAL_CROSS_JOURNEY,LOW,App notes are all in Vietnamese and updates only in Vietnamese even though app is multilingual. Many app notifications and critical password and login screens are in Vietnamese even in the english version,HIGH,True,False,PROVISIONAL
Google_Play-93b32545-25cd-443c-8eca-c05809363539-01,Google Play,93b32545-25cd-443c-8eca-c05809363539,failure,TRADING_ORDER_EXECUTION,,TRADING_ORDER_MANAGEMENT,HIGH,Chức năng cơ bản (đặt lệnh định kỳ) còn lỗi.,HIGH,False,False,PROVISIONAL
Google_Play-93b32545-25cd-443c-8eca-c05809363539-02,Google Play,93b32545-25cd-443c-8eca-c05809363539,friction,CUSTOMER_SUPPORT,,CUSTOMER_SUPPORT,HIGH,Báo customer support thì bảo ghi nhận rồi ghost.,HIGH,False,False,PROVISIONAL
Google_Play-93bd1c81-35e4-4c3a-8a28-17d936daca9c-01,Google Play,93bd1c81-35e4-4c3a-8a28-17d936daca9c,friction,PERFORMANCE_RELIABILITY,,GENERAL_CROSS_JOURNEY,MEDIUM,"app thường xuyên đứng, giật lag",HIGH,False,False,PROVISIONAL
App_Store-13867043839-01,App Store,13867043839,friction,OTHER,,GENERAL_CROSS_JOURNEY,MEDIUM,Xử lý chậm chạm thời bao cấp,LOW,False,True,PROVISIONAL
App_Store-13867670560-01,App Store,13867670560,friction,NOTIFICATION_COMMUNICATION,,GENERAL_CROSS_JOURNEY,MEDIUM,Tôi tắt thông báo trong cài đặt nhưng App luôn yêu cầu bật thông báo.,HIGH,False,False,PROVISIONAL
Google_Play-ba7b917f-dc3a-47e8-9671-2590c822472b-01,Google Play,ba7b917f-dc3a-47e8-9671-2590c822472b,failure,AUTHENTICATION_IOTP,,TRADING_ORDER_MANAGEMENT,HIGH,chờ mòn mỏi không gửi OTP để đặt lệnh mua.,HIGH,False,False,PROVISIONAL
Google_Play-ba7b917f-dc3a-47e8-9671-2590c822472b-02,Google Play,ba7b917f-dc3a-47e8-9671-2590c822472b,friction,CUSTOMER_SUPPORT,,CUSTOMER_SUPPORT,HIGH,"Gọi tổng đài hỗ trợ thì không liên hệ được, mọi người nên gỡ app không nên dùng.",HIGH,False,False,PROVISIONAL
Google_Play-bc3089a0-7e6a-4841-b345-f751fd12f23d-01,Google Play,bc3089a0-7e6a-4841-b345-f751fd12f23d,friction,DEPOSIT_WITHDRAWAL_TRANSFER,,FUNDING_CASH_TRANSFER,MEDIUM,"Nạp tiền thì trừ trong ngân hàng liền, mà tiền thì vô chậm, mấy tiếng sau mới vào",HIGH,False,False,PROVISIONAL
Google_Play-bc3089a0-7e6a-4841-b345-f751fd12f23d-02,Google Play,bc3089a0-7e6a-4841-b345-f751fd12f23d,friction,SECURITY_ACCOUNT_PROTECTION,,LOGIN_AUTHENTICATION,MEDIUM,"Mỗi lần vô app đều vô thẳng ko có bảo mật gì, hình như 1 ngày thì mới tái khởi động lại vân tay.",HIGH,False,False,PROVISIONAL
Google_Play-bc3089a0-7e6a-4841-b345-f751fd12f23d-03,Google Play,bc3089a0-7e6a-4841-b345-f751fd12f23d,failure,UX_NAVIGATION_COMPLEXITY,,PRODUCT_DISCOVERY_MARKET_DATA,MEDIUM,"Bảng tab các chỉ số thì ko kéo đc, chỉ hiện có vài chỉ số rồi đứng ngang",HIGH,False,False,PROVISIONAL
Google_Play-bc3089a0-7e6a-4841-b345-f751fd12f23d-04,Google Play,bc3089a0-7e6a-4841-b345-f751fd12f23d,friction,UX_NAVIGATION_COMPLEXITY,,GENERAL_CROSS_JOURNEY,MEDIUM,"giao diện khó hiểu, ko trực quan",HIGH,False,False,PROVISIONAL
App_Store-13884487026-01,App Store,13884487026,failure,MARKET_DATA_INFORMATION,,PRODUCT_DISCOVERY_MARKET_DATA,MEDIUM,Widget bị lỗi phiên đăng nhập đã hết hạn dù đã đăng nhập rồi.,HIGH,False,False,PROVISIONAL
App_Store-13884487026-02,App Store,13884487026,failure,PERFORMANCE_RELIABILITY,,GENERAL_CROSS_JOURNEY,HIGH,Thường xuyên bị lỗi vừa mở app đã bị dừng đột ngột,HIGH,False,False,PROVISIONAL
App_Store-13902315721-01,App Store,13902315721,friction,ACCOUNT_RECOVERY_PROFILE_CHANGE,,ACCOUNT_PROFILE_MAINTENANCE,HIGH,Mình không hiểu sao xử lý thay đổi thông tin khách hàng kiểu gì mà 2 tuần rồi mà không được. Hỗ trợ khách hàng thì trả lời rất mượt mà xử lý giải quyết cho khác hàng thì rất kém. Sau lần này mình sẽ chuyển hết sang sàn khác dùng. Có thay đổi mỗi thông tin khách hàng mà chính chủ khách hàng đi thay đổi mà còn xử lý hết lần này lần khác. Nhiều quan chức để xét duyệt quá…,HIGH,False,False,PROVISIONAL
Google_Play-04d4c814-7047-419f-9f32-0b9a404a62ae-01,Google Play,04d4c814-7047-419f-9f32-0b9a404a62ae,failure,PERFORMANCE_RELIABILITY,,GENERAL_CROSS_JOURNEY,HIGH,"nay mở app không được, bấm vào sau 1 lát bị màn hình đen, đã xóa và tải lại nhưng vẫn không được",HIGH,False,False,PROVISIONAL
App_Store-13910455012-01,App Store,13910455012,friction,FEE_PRICING,,FUNDING_CASH_TRANSFER,HIGH,Bị trừ tiền nghĩa vụ chứng khoáng gần 600k trong khi mới mua được 500k thử chơi ?????,HIGH,False,False,PROVISIONAL
App_Store-13912796083-01,App Store,13912796083,friction,NOTIFICATION_COMMUNICATION,,FUNDING_CASH_TRANSFER,HIGH,"giao dịch bên này thông báo dao dịch trừ tiền không rõ ràng, trừ tiền mà không thấy thông báo trong mail hay mục thông báo.",HIGH,False,False,PROVISIONAL
App_Store-13912796083-02,App Store,13912796083,friction,CUSTOMER_SUPPORT,,CUSTOMER_SUPPORT,HIGH,"Khi liên hệ hỗ trợ thì cho robot nói chuyện hỏi một hồi cảm thấy tức điên vì robot không hiểu vấn đề mình cần hỗ trợ, toàn lặp đi lặp lại cái gì đâu không. Liên hệ qua Zalo thì chờ nhắn tin trả lời rất lâu, rất mất thời gian. Bên này không có chuyên viên hỗ trợ.",HIGH,False,False,PROVISIONAL
Google_Play-7e63a66f-18e9-445a-8348-dbcf097c4fc9-01,Google Play,7e63a66f-18e9-445a-8348-dbcf097c4fc9,friction,UX_NAVIGATION_COMPLEXITY,,GENERAL_CROSS_JOURNEY,MEDIUM,"Cũng của techcombank mà app này giao diện dở tệ quá, lỗi tính năng nữa",HIGH,False,False,PROVISIONAL
App_Store-13934417294-01,App Store,13934417294,friction,CUSTOMER_SUPPORT,,CUSTOMER_SUPPORT,HIGH,"Gọi tổng đài báo bận đá sang chát zalo, face... ko giải quyết đc vấn đề",HIGH,False,False,PROVISIONAL
Google_Play-419c55b8-4ad2-4635-86f5-ae0c0f00c000-01,Google Play,419c55b8-4ad2-4635-86f5-ae0c0f00c000,friction,PERFORMANCE_RELIABILITY,,GENERAL_CROSS_JOURNEY,MEDIUM,"app lỗi quá nhiều, quá tệ, khả năng quý 2 quý 3 thị phần đi xuống",MEDIUM,False,True,PROVISIONAL
App_Store-13952806460-01,App Store,13952806460,friction,CUSTOMER_SUPPORT,,CUSTOMER_SUPPORT,HIGH,Dùng Ai nhiều quá mà không kiểm tra xem ai có chạy được hay không. Tuy áp nhiều tính năng hay nhưng nhân viên hoạt động rất lười làm việc.,HIGH,False,False,PROVISIONAL
App_Store-13952806460-02,App Store,13952806460,failure,AUTHENTICATION_IOTP,,ONBOARDING_KYC,HIGH,Đăng ký không gửi được otp. Delay lâu rồi gửi 1 đống. Nhận xác thực chậm. Kyc không hoạt động được.,HIGH,False,False,PROVISIONAL
App_Store-13953085318-01,App Store,13953085318,failure,TRADING_ORDER_EXECUTION,,TRADING_ORDER_MANAGEMENT,MEDIUM,"Phần đặt lệnh định kỳ đang có khá nhiều lỗi, giá trị ước tính vượt xa giá trị hiện tại của cổ phiếu, 1000 E1VFVN30 mà ước tính trên 200 triệu??. Khi đặt lệnh xong và xem chi tiết lệnh thì hiển thị ""Ngày undefined hàng tháng"".",HIGH,False,False,PROVISIONAL
App_Store-13953572832-01,App Store,13953572832,friction,UX_NAVIGATION_COMPLEXITY,,GENERAL_CROSS_JOURNEY,MEDIUM,"UX của app không thân thiện UI cũng không hiện đại, FE code chưa tốt app lag hoạt ảnh giữa màn hình không mượt.",HIGH,False,False,PROVISIONAL
Google_Play-6e6df48f-c089-4136-aba5-3b9c5dce6ae6-01,Google Play,6e6df48f-c089-4136-aba5-3b9c5dce6ae6,friction,FEE_PRICING,,FUNDING_CASH_TRANSFER,HIGH,tính thuế bán cao vcl,HIGH,False,False,PROVISIONAL
Google_Play-424f7be0-92d0-4639-b484-7a74e7874cce-01,Google Play,424f7be0-92d0-4639-b484-7a74e7874cce,friction,MARKET_DATA_INFORMATION,,PRODUCT_DISCOVERY_MARKET_DATA,MEDIUM,cập nhật giá nav chậm,HIGH,False,False,PROVISIONAL
Google_Play-4f426382-5cd0-4c4f-8ec6-7b3912930e9a-01,Google Play,4f426382-5cd0-4c4f-8ec6-7b3912930e9a,failure,PERFORMANCE_RELIABILITY,,GENERAL_CROSS_JOURNEY,HIGH,"từ 15/4/2026 đến nay tôi không mở được ứng dụng này trên điện thoại để xác nhận giao dịch, đang cảm thấy lo lắng và bực mình đây",HIGH,False,False,PROVISIONAL
Google_Play-c5d09130-930e-454b-9af7-fda1b6a1da19-01,Google Play,c5d09130-930e-454b-9af7-fda1b6a1da19,failure,AUTHENTICATION_IOTP,,LOGIN_AUTHENTICATION,HIGH,lỗi ko đăng nhập dc.,HIGH,False,False,PROVISIONAL
Google_Play-8601f3eb-e66c-468b-a6cc-f536335533e3-01,Google Play,8601f3eb-e66c-468b-a6cc-f536335533e3,failure,AUTHENTICATION_IOTP,,LOGIN_AUTHENTICATION,HIGH,16.04.2026 đăng nhập liên tục mà không vào được,HIGH,False,False,PROVISIONAL
Google_Play-8601f3eb-e66c-468b-a6cc-f536335533e3-02,Google Play,8601f3eb-e66c-468b-a6cc-f536335533e3,friction,CUSTOMER_SUPPORT,,CUSTOMER_SUPPORT,HIGH,gọi điện thoạ gần 10 cuộc cũng không được nhắn tin thì cho con AI ngoo ngốc trả lời.,HIGH,False,False,PROVISIONAL
Google_Play-8c8bebe4-06ea-4546-9533-66d3e4d79109-01,Google Play,8c8bebe4-06ea-4546-9533-66d3e4d79109,feature_request,UX_NAVIGATION_COMPLEXITY,MOBILE_TABLET_LAYOUT,GENERAL_CROSS_JOURNEY,LOW,"nếu có bản tối ưu cho table màn hình ngang thì tốt quá, dễ theo dõi biểu đồ hơn",HIGH,True,False,PROVISIONAL
Google_Play-a709540e-8ccf-43a1-9967-bd19a5bf834b-01,Google Play,a709540e-8ccf-43a1-9967-bd19a5bf834b,friction,PERFORMANCE_RELIABILITY,,GENERAL_CROSS_JOURNEY,HIGH,phần mềm quá tệ không vào được lỗi tùm lum.,HIGH,False,False,PROVISIONAL
Google_Play-a709540e-8ccf-43a1-9967-bd19a5bf834b-02,Google Play,a709540e-8ccf-43a1-9967-bd19a5bf834b,friction,CUSTOMER_SUPPORT,,CUSTOMER_SUPPORT,HIGH,liên hệ thì cho con robot trả lời có âm sao chắc cho luôn âm.,HIGH,False,False,PROVISIONAL
Google_Play-aed07819-1561-4bc9-8bc2-d91999923cd1-01,Google Play,aed07819-1561-4bc9-8bc2-d91999923cd1,failure,UX_NAVIGATION_COMPLEXITY,,GENERAL_CROSS_JOURNEY,HIGH,App vô bị đá ra liên tục s24ultra chứ phải đt dỏm đâu mà vậy,HIGH,False,False,PROVISIONAL
Google_Play-0396520b-fad4-4f75-b547-c52217fa760a-01,Google Play,0396520b-fad4-4f75-b547-c52217fa760a,failure,PERFORMANCE_RELIABILITY,,GENERAL_CROSS_JOURNEY,HIGH,App cùi bắp văng app lỗi liên tục cả ngày ko ai fix,HIGH,False,False,PROVISIONAL
Google_Play-03428347-9975-4510-a132-6bdefbeee40f-01,Google Play,03428347-9975-4510-a132-6bdefbeee40f,friction,PERFORMANCE_RELIABILITY,,GENERAL_CROSS_JOURNEY,MEDIUM,"Đội ngũ IT quản trị app quá kém, nếu sử dụng thường xuyên thì sẽ có ngày mất tiền oan",MEDIUM,False,True,PROVISIONAL
Google_Play-ffb1654a-5c14-4fd1-adc2-fd6153767ac3-01,Google Play,ffb1654a-5c14-4fd1-adc2-fd6153767ac3,failure,PERFORMANCE_RELIABILITY,,GENERAL_CROSS_JOURNEY,HIGH,app crash liên tục hơn 1 ngày trời. xóa đi cài lại vẫn crash không vào được.,HIGH,False,False,PROVISIONAL
Google_Play-9affbb8e-9af2-4acd-945b-ddcac4ea8907-01,Google Play,9affbb8e-9af2-4acd-945b-ddcac4ea8907,failure,AUTHENTICATION_IOTP,,LOGIN_AUTHENTICATION,HIGH,"2 hôm nay ko thể vào đc, cứ bị văng ra ko cho đăng nhập",HIGH,False,False,PROVISIONAL
Google_Play-5b3cf01d-5edb-4091-b0b1-76781aed1b30-01,Google Play,5b3cf01d-5edb-4091-b0b1-76781aed1b30,failure,PERFORMANCE_RELIABILITY,,GENERAL_CROSS_JOURNEY,HIGH,"App quá tệ vừa vào là văng ra, mấy ngày liền ko làm được gì",HIGH,False,False,PROVISIONAL
Google_Play-5b3cf01d-5edb-4091-b0b1-76781aed1b30-02,Google Play,5b3cf01d-5edb-4091-b0b1-76781aed1b30,friction,CUSTOMER_SUPPORT,,CUSTOMER_SUPPORT,HIGH,tổng đài AI như đấm vào mõm khách hàng,HIGH,False,False,PROVISIONAL
Google_Play-52a1c486-e460-4653-804b-f0536d6c44b9-01,Google Play,52a1c486-e460-4653-804b-f0536d6c44b9,failure,PERFORMANCE_RELIABILITY,,GENERAL_CROSS_JOURNEY,HIGH,"17/4/2026 Là ngày thứ 2 app văng liên tục, không thể truy cập để giao dịch. Truy cập vào web cũng không được, vì cần xác thực Otp bằng app.",HIGH,False,False,PROVISIONAL
Google_Play-52a1c486-e460-4653-804b-f0536d6c44b9-02,Google Play,52a1c486-e460-4653-804b-f0536d6c44b9,friction,CUSTOMER_SUPPORT,,CUSTOMER_SUPPORT,HIGH,"Gọi tổng đài thì không có nhân viên, chỉ có AI trả lời. Gọi tổng đài Techcombank thì nhân viên báo không liên quan.",HIGH,False,False,PROVISIONAL
Google_Play-81dc8f57-6659-4387-85ae-e2e77d05cb26-01,Google Play,81dc8f57-6659-4387-85ae-e2e77d05cb26,failure,PERFORMANCE_RELIABILITY,,GENERAL_CROSS_JOURNEY,HIGH,"không thể vào đc app, thế tiền của t định giải quyết như thế nào đấy",HIGH,False,False,PROVISIONAL
App_Store-13987803897-01,App Store,13987803897,failure,AUTHENTICATION_IOTP,,LOGIN_AUTHENTICATION,HIGH,Đăng nhập toàn quay. Không vào được app,HIGH,False,False,PROVISIONAL
App_Store-13991870835-01,App Store,13991870835,friction,UX_NAVIGATION_COMPLEXITY,,GENERAL_CROSS_JOURNEY,MEDIUM,"T dùng ssi 2 năm mở thêm tcbs dùng mà ux tệ kinh khủng, những flow cơ bản rất loàng ngoằng ko hiểu sd kiểu gì, thông tin qtrong cứ dấu đi đâu á. Rất tệ, nào bán cp xong chắc ko bh dùng lại app này, cũng hệ sinh thái Tech mà ux app tệ quá",HIGH,False,False,PROVISIONAL
App_Store-13994219702-01,App Store,13994219702,confusion,CUSTOMER_SUPPORT,,CUSTOMER_SUPPORT,MEDIUM,tư vấn và hợp đồng về vấn đề chuyển tiền ngân hàng và chuyển tiền bên app chứng khoán rất mập mờ nước đôi,MEDIUM,False,True,PROVISIONAL
App_Store-13994219702-02,App Store,13994219702,friction,CUSTOMER_SUPPORT,,CUSTOMER_SUPPORT,MEDIUM,"nhân viên chỉ làm việc trong giờ hành chính, ngoài giờ hành chính thì ko xử lý",HIGH,False,False,PROVISIONAL
Google_Play-ee06b54b-4a02-491e-aa9d-e8d0e432e0b6-01,Google Play,ee06b54b-4a02-491e-aa9d-e8d0e432e0b6,friction,AUTHENTICATION_IOTP,,LOGIN_AUTHENTICATION,MEDIUM,"cái hệ thống quét khuôn mặt nguuu lôl, ko có báo động là quét dc hay chưa, quét thì 60s 4 bức",HIGH,False,False,PROVISIONAL
App_Store-14005255766-01,App Store,14005255766,friction,OTHER,APP_STORE_REGION_AVAILABILITY,OTHER,LOW,Phải chuyển vùng trên App Store mới tìm đc app này,MEDIUM,True,True,PROVISIONAL
App_Store-14007792218-01,App Store,14007792218,failure,PERFORMANCE_RELIABILITY,,TRADING_ORDER_MANAGEMENT,HIGH,Áp rác hay lỗi đơ ko mua bán được,HIGH,False,False,PROVISIONAL
App_Store-14007797037-01,App Store,14007797037,failure,PERFORMANCE_RELIABILITY,,TRADING_ORDER_MANAGEMENT,HIGH,"App cập nhật dữ liệu lúc thị trường mở cửa, không giao dịch được",HIGH,False,False,PROVISIONAL
App_Store-14007807831-01,App Store,14007807831,failure,PERFORMANCE_RELIABILITY,,GENERAL_CROSS_JOURNEY,HIGH,App lỗi thường xuyên. Gần nhất là sáng 29/4/2026,HIGH,False,False,PROVISIONAL
App_Store-14007814276-01,App Store,14007814276,failure,PERFORMANCE_RELIABILITY,,TRADING_ORDER_MANAGEMENT,HIGH,App hay bị lỗi không giao dịch được. 29/4/2026 là một ví dụ,HIGH,False,False,PROVISIONAL
App_Store-14007814276-02,App Store,14007814276,friction,CUSTOMER_SUPPORT,,CUSTOMER_SUPPORT,MEDIUM,"Công ty không xin lỗi, không phản hồi",HIGH,False,False,PROVISIONAL
App_Store-14007817541-01,App Store,14007817541,failure,PERFORMANCE_RELIABILITY,,TRADING_ORDER_MANAGEMENT,HIGH,"Vào ngày giao dịch lại đi cập nhật, đơ ra, làm người ta không giao dịch gì được. Thiệt hại tính bằng tiền đó!",HIGH,False,False,PROVISIONAL
App_Store-14007818169-01,App Store,14007818169,failure,PERFORMANCE_RELIABILITY,,GENERAL_CROSS_JOURNEY,HIGH,"Sàn gì mà 29/4/26 k cập nhập, k làm việc. App hay out ra load lại",HIGH,False,False,PROVISIONAL
App_Store-14007819853-01,App Store,14007819853,failure,PERFORMANCE_RELIABILITY,,GENERAL_CROSS_JOURNEY,HIGH,App lỗi liên tục,HIGH,False,False,PROVISIONAL
App_Store-14007820003-01,App Store,14007820003,failure,PERFORMANCE_RELIABILITY,,GENERAL_CROSS_JOURNEY,HIGH,App suốt ngày lỗi,HIGH,False,False,PROVISIONAL
App_Store-14007823992-01,App Store,14007823992,failure,PERFORMANCE_RELIABILITY,,GENERAL_CROSS_JOURNEY,HIGH,"App tệ, lỗi ko có hướng xử ly",HIGH,False,False,PROVISIONAL
App_Store-14007825034-01,App Store,14007825034,failure,PERFORMANCE_RELIABILITY,,PRODUCT_DISCOVERY_MARKET_DATA,HIGH,App lỗi bảng điện suốt ngày,HIGH,False,False,PROVISIONAL
App_Store-14007825045-01,App Store,14007825045,failure,PERFORMANCE_RELIABILITY,,TRADING_ORDER_MANAGEMENT,HIGH,Lỗi khá nhiều nhiều khi làm trễ giao dịch không đáng có,HIGH,False,False,PROVISIONAL
App_Store-14007830108-01,App Store,14007830108,failure,PERFORMANCE_RELIABILITY,,GENERAL_CROSS_JOURNEY,HIGH,"App lag , hay bị lỗi làm ảnh hưởng đến nhà đầu tư",HIGH,False,False,PROVISIONAL
App_Store-14007840671-01,App Store,14007840671,failure,PERFORMANCE_RELIABILITY,,TRADING_ORDER_MANAGEMENT,HIGH,"Giờ giao dịch đi bảo trì Bị nhốt sàn mấy hôm, nay thoát sàn được thì app ko hoạt động",HIGH,False,False,PROVISIONAL
App_Store-14007842869-01,App Store,14007842869,failure,TRADING_ORDER_EXECUTION,,TRADING_ORDER_MANAGEMENT,HIGH,Mất tiền nhiều quá ko bán dc giá đỉnh,MEDIUM,False,True,PROVISIONAL
App_Store-14007846536-01,App Store,14007846536,failure,MARKET_DATA_INFORMATION,,PRODUCT_DISCOVERY_MARKET_DATA,HIGH,Bảng điện đứng im app hiện toàn bộ dữ liệu của 28/04,HIGH,False,False,PROVISIONAL
App_Store-14007846536-02,App Store,14007846536,friction,CUSTOMER_SUPPORT,,CUSTOMER_SUPPORT,MEDIUM,Liệu TCBS sẽ có bồi hoàn gì hay chỉ là Xin Lỗi khi tiền NĐT bay theo lỗi app,HIGH,False,False,PROVISIONAL
App_Store-14007848369-01,App Store,14007848369,failure,PERFORMANCE_RELIABILITY,,GENERAL_CROSS_JOURNEY,HIGH,"App đơ, web đơ, rất rất tệ",HIGH,False,False,PROVISIONAL
App_Store-14007849446-01,App Store,14007849446,failure,PERFORMANCE_RELIABILITY,,TRADING_ORDER_MANAGEMENT,HIGH,Cập nhật gì vào lúc 9h15. Chốt lời k được luôn. Thiệt hại vậy ai chịu,HIGH,False,False,PROVISIONAL
App_Store-14007852344-01,App Store,14007852344,failure,PERFORMANCE_RELIABILITY,,TRADING_ORDER_MANAGEMENT,HIGH,"App sập, đơ, k giao dịch đc",HIGH,False,False,PROVISIONAL
App_Store-14008131020-01,App Store,14008131020,failure,PERFORMANCE_RELIABILITY,,TRADING_ORDER_MANAGEMENT,HIGH,"App lỗi tê liệt ngay đầu phiên giao dịch. Bảng điện không cập nhật, không mua bán được",HIGH,False,False,PROVISIONAL
Google_Play-c1af46c5-504f-442f-8e2c-4f62e309903d-01,Google Play,c1af46c5-504f-442f-8e2c-4f62e309903d,failure,PERFORMANCE_RELIABILITY,,GENERAL_CROSS_JOURNEY,HIGH,"9h20 rồi mà app đơ, ko làm được gì",HIGH,False,False,PROVISIONAL
Google_Play-8a0f1c49-39c8-4c33-ab1f-4df63b71e08d-01,Google Play,8a0f1c49-39c8-4c33-ab1f-4df63b71e08d,failure,PERFORMANCE_RELIABILITY,,TRADING_ORDER_MANAGEMENT,HIGH,app lởm. lỗi quá nhiều. Thậm chí ko giao dịch được,HIGH,False,False,PROVISIONAL
Google_Play-2317f654-d45b-4ffc-ae69-596d9a42b82a-01,Google Play,2317f654-d45b-4ffc-ae69-596d9a42b82a,failure,PERFORMANCE_RELIABILITY,,GENERAL_CROSS_JOURNEY,HIGH,"app lỗi, làm thiệt hại cho nhà đầu tư, chỉ biết xin lỗi",HIGH,False,False,PROVISIONAL
Google_Play-1bf3d4bf-56fc-4ad5-970f-221bb689be89-01,Google Play,1bf3d4bf-56fc-4ad5-970f-221bb689be89,failure,PERFORMANCE_RELIABILITY,,GENERAL_CROSS_JOURNEY,HIGH,lỗi không chạy không khắc phục làm mất tiền nhà đầu tư,HIGH,False,False,PROVISIONAL
Google_Play-1c1c432b-7a3e-453e-ace3-ac2044b26b70-01,Google Play,1c1c432b-7a3e-453e-ace3-ac2044b26b70,failure,PERFORMANCE_RELIABILITY,,TRADING_ORDER_MANAGEMENT,HIGH,"App tệ hại không giao dịch được, nhốt NĐT",HIGH,False,False,PROVISIONAL
Google_Play-eb3e3875-2bc9-4ce9-9808-9f937dd15a69-01,Google Play,eb3e3875-2bc9-4ce9-9808-9f937dd15a69,failure,PERFORMANCE_RELIABILITY,,GENERAL_CROSS_JOURNEY,HIGH,app hãy lỗi,MEDIUM,False,True,PROVISIONAL
Google_Play-81783439-6012-4996-b8a6-98c18b6ab261-01,Google Play,81783439-6012-4996-b8a6-98c18b6ab261,failure,PERFORMANCE_RELIABILITY,,GENERAL_CROSS_JOURNEY,HIGH,29/4 đơ luôn,HIGH,False,False,PROVISIONAL
Google_Play-81783439-6012-4996-b8a6-98c18b6ab261-02,Google Play,81783439-6012-4996-b8a6-98c18b6ab261,friction,UX_NAVIGATION_COMPLEXITY,,GENERAL_CROSS_JOURNEY,MEDIUM,"tcb nên làm lại app cho nó thân thiện, hiện đại mới mẻ chút",HIGH,False,False,PROVISIONAL
Google_Play-560dd4ae-f20b-4e06-9737-d980c73e5885-01,Google Play,560dd4ae-f20b-4e06-9737-d980c73e5885,failure,PERFORMANCE_RELIABILITY,,PRODUCT_DISCOVERY_MARKET_DATA,HIGH,Không load được data khi thị trường mở cửa giao dịch,HIGH,False,False,PROVISIONAL
App_Store-14009628721-01,App Store,14009628721,failure,MARKET_DATA_INFORMATION,,TRADING_ORDER_MANAGEMENT,HIGH,Lỗi hiển thị sai giá ko thể mua bán,HIGH,False,False,PROVISIONAL
Google_Play-92b45d0c-73a1-46bf-9bb5-6218ab82e507-01,Google Play,92b45d0c-73a1-46bf-9bb5-6218ab82e507,friction,UX_NAVIGATION_COMPLEXITY,,GENERAL_CROSS_JOURNEY,MEDIUM,"quả app k thể thẩm đc, khó dùng",MEDIUM,False,True,PROVISIONAL
Google_Play-92b45d0c-73a1-46bf-9bb5-6218ab82e507-02,Google Play,92b45d0c-73a1-46bf-9bb5-6218ab82e507,friction,CUSTOMER_SUPPORT,,CUSTOMER_SUPPORT,MEDIUM,dịch vụ delay quá lâu,MEDIUM,False,True,PROVISIONAL
App_Store-14033216115-01,App Store,14033216115,failure,PERFORMANCE_RELIABILITY,,GENERAL_CROSS_JOURNEY,HIGH,"App bị đơ, hiển thị thông tin sai, không có ai thấy bug để fix hết hay sao ấy",HIGH,False,False,PROVISIONAL
App_Store-14034900836-01,App Store,14034900836,praise,FEE_PRICING,,TRADING_ORDER_MANAGEMENT,NONE,"Phí giao dịch khi mua bán chỉ 0,03% thì quá ok rồi, ssi phí tận 0,15%",HIGH,False,False,PROVISIONAL
App_Store-14040031598-01,App Store,14040031598,failure,DEPOSIT_WITHDRAWAL_TRANSFER,,FUNDING_CASH_TRANSFER,HIGH,nđt bán cp ko ứng tiền được và lỗi chuyển tiền ra ngoài ko vào tk kh,HIGH,False,False,PROVISIONAL
App_Store-14040031598-02,App Store,14040031598,friction,CUSTOMER_SUPPORT,,CUSTOMER_SUPPORT,HIGH,khách hàng phải chat với tư vấn viên nhưng chả giải quyết đc vấn đề,HIGH,False,False,PROVISIONAL
App_Store-14045600270-01,App Store,14045600270,failure,PERFORMANCE_RELIABILITY,,GENERAL_CROSS_JOURNEY,HIGH,lỗi 2 ngày rồi,MEDIUM,False,True,PROVISIONAL
Google_Play-1dbfd40c-06ac-4217-a552-6b7b70e93f14-01,Google Play,1dbfd40c-06ac-4217-a552-6b7b70e93f14,praise,OTHER,,GENERAL_CROSS_JOURNEY,NONE,nhiều dịch vụ tiện ích cho nhà đầu tư,MEDIUM,False,True,PROVISIONAL
App_Store-14051715882-01,App Store,14051715882,friction,DEPOSIT_WITHDRAWAL_TRANSFER,,TRADING_ORDER_MANAGEMENT,HIGH,Tiền phong tỏa khi hủy lệnh rất chậm trong khi lệnh hủy từ 3 4 tiếng trước,HIGH,False,False,PROVISIONAL
Google_Play-f012fc92-838e-4a15-88a0-ad3ea45fe72c-01,Google Play,f012fc92-838e-4a15-88a0-ad3ea45fe72c,failure,DEPOSIT_WITHDRAWAL_TRANSFER,,FUNDING_CASH_TRANSFER,HIGH,tính năng chuyển tiền ra ngoài bị lỗi,HIGH,False,False,PROVISIONAL
Google_Play-8d63919e-1d1f-4fec-bd8b-be215087e6b5-01,Google Play,8d63919e-1d1f-4fec-bd8b-be215087e6b5,friction,UX_NAVIGATION_COMPLEXITY,,GENERAL_CROSS_JOURNEY,MEDIUM,không thể tin được 1 tập đoàn như techcom mà làm ra cái app Ux cực kì tệ,MEDIUM,False,True,PROVISIONAL
App_Store-14141897416-01,App Store,14141897416,praise,CUSTOMER_SUPPORT,,CUSTOMER_SUPPORT,NONE,"App tốt, cskh tuyệt vời và kịp thời",HIGH,False,False,PROVISIONAL
Google_Play-54304acd-204a-4e82-a3f2-99700570633a-01,Google Play,54304acd-204a-4e82-a3f2-99700570633a,friction,UX_NAVIGATION_COMPLEXITY,,GENERAL_CROSS_JOURNEY,MEDIUM,UI/UX kém quá khó dùng,HIGH,False,False,PROVISIONAL
Google_Play-54304acd-204a-4e82-a3f2-99700570633a-02,Google Play,54304acd-204a-4e82-a3f2-99700570633a,failure,PERFORMANCE_RELIABILITY,,GENERAL_CROSS_JOURNEY,HIGH,rất nhiều lần server lag không cập nhật đúng thông tin,HIGH,False,False,PROVISIONAL
Google_Play-54304acd-204a-4e82-a3f2-99700570633a-03,Google Play,54304acd-204a-4e82-a3f2-99700570633a,friction,NOTIFICATION_COMMUNICATION,,GENERAL_CROSS_JOURNEY,MEDIUM,"thông báo thiết bị không có internet không ẩn được, cả chục giây không đổi tab được",HIGH,False,False,PROVISIONAL
App_Store-14147186413-01,App Store,14147186413,friction,FEE_PRICING,,FUNDING_CASH_TRANSFER,MEDIUM,"Chức năng ""ứng tiền trước"" giờ có giới hạn dù mình không dùng chức năng này đã lâu",HIGH,False,False,PROVISIONAL
App_Store-14147186413-02,App Store,14147186413,friction,FEE_PRICING,,FUNDING_CASH_TRANSFER,HIGH,nợ phí lưu ký thì không tự động trừ tiền dù có liên kết tài khoản hay đã nạp tiền. Nợ đó cứ bị tính lãi cao lên,HIGH,False,False,PROVISIONAL
App_Store-14149839961-01,App Store,14149839961,failure,DEPOSIT_WITHDRAWAL_TRANSFER,,FUNDING_CASH_TRANSFER,HIGH,Lúc cần rút tiền thì tính năng ipower bị biến mất không rút tiền được,HIGH,False,False,PROVISIONAL
App_Store-14162695649-01,App Store,14162695649,failure,MARKET_DATA_INFORMATION,,PORTFOLIO_TRACKING,HIGH,"Sáng nạp 10tr, chưa mua bán gì mà tối vào không thấy tiền đâu nữa. F5 thì thấy nháy 10tr rồi biến mất",HIGH,False,False,PROVISIONAL
App_Store-14162695649-02,App Store,14162695649,failure,PORTFOLIO_ACCOUNT_INFORMATION,,PORTFOLIO_TRACKING,HIGH,"Đến tổng số vốn cũng nhảy loạn lên, không track được lỗ lãi gì hết",HIGH,False,False,PROVISIONAL
App_Store-14223394760-01,App Store,14223394760,friction,UX_NAVIGATION_COMPLEXITY,,GENERAL_CROSS_JOURNEY,MEDIUM,"App rắc rối. Rất khó dùng. Nhiều mục không cần thiết cho nđt mà cũng chưng hết ra, rối rắm",HIGH,False,False,PROVISIONAL
Google_Play-57315b59-768e-4a86-bb54-4dca2ff232e6-01,Google Play,57315b59-768e-4a86-bb54-4dca2ff232e6,friction,AUTHENTICATION_IOTP,,LOGIN_AUTHENTICATION,MEDIUM,Nhận diện khuôn mặt quá tệ,HIGH,False,False,PROVISIONAL
App_Store-14280577109-01,App Store,14280577109,feature_request,DEPOSIT_WITHDRAWAL_TRANSFER,,FUNDING_CASH_TRANSFER,LOW,"có một số bitcoin nhưng app hk có tính năng nạp trực tiếp, mong là sẽ có thêm tính năng này sớm",MEDIUM,True,True,PROVISIONAL
App_Store-14296658625-01,App Store,14296658625,failure,AUTHENTICATION_IOTP,,LOGIN_AUTHENTICATION,HIGH,Rất thường gặp lỗi đăng nhập,HIGH,False,False,PROVISIONAL
Google_Play-ecc8fa90-86b6-40a9-9c90-a7385d972c5b-01,Google Play,ecc8fa90-86b6-40a9-9c90-a7385d972c5b,friction,UX_NAVIGATION_COMPLEXITY,,PRODUCT_DISCOVERY_MARKET_DATA,LOW,bảng giá mất tính năng tự xoay ngược khi chuyển sang dạng ngang,HIGH,False,False,PROVISIONAL
App_Store-14313162800-01,App Store,14313162800,friction,DEPOSIT_WITHDRAWAL_TRANSFER,,FUNDING_CASH_TRANSFER,HIGH,App này chuyên giam Tiền cổ tức đợi cuối ngày hết giao dịch mới nhả Tiền ra trong khi công ty chứng khoán khác Tiền đã về để cho giao dịch trong phiên,HIGH,False,False,PROVISIONAL
App_Store-14341132155-01,App Store,14341132155,praise,FEE_PRICING,,TRADING_ORDER_MANAGEMENT,NONE,phí giao dịch ổn không quá đắt,HIGH,False,False,PROVISIONAL
App_Store-14341132155-02,App Store,14341132155,praise,OTHER,WIDGET_FEATURE,GENERAL_CROSS_JOURNEY,NONE,lại thêm cái widget nữa tiện quá muốn xem giá không cần vào app,HIGH,False,False,PROVISIONAL
App_Store-14352633073-01,App Store,14352633073,friction,CUSTOMER_SUPPORT,,CUSTOMER_SUPPORT,MEDIUM,Không có nhân viên hỗ trợ. Dịch vụ kém,LOW,False,True,PROVISIONAL
App_Store-14352635121-01,App Store,14352635121,failure,PERFORMANCE_RELIABILITY,,TRADING_ORDER_MANAGEMENT,HIGH,"App hay bị lỗi quay vòng vòng chờ dữ liệu, rồi lâu lâu đặt lệnh thì không được rất bực mình, tỷ lệ lỗi rất nhiều",HIGH,False,False,PROVISIONAL
App_Store-14354074084-01,App Store,14354074084,failure,AUTHENTICATION_IOTP,,LOGIN_AUTHENTICATION,HIGH,xoá đi tải lại thì bắt xác nhận đăng nhập iotp trên máy đã đăng kí trc đó trong khi dùng đúng máy đó nhưng lại k cho đăng nhập vào,HIGH,False,False,PROVISIONAL
Google_Play-d372596f-4533-497c-9bb3-f0c9a37ae542-01,Google Play,d372596f-4533-497c-9bb3-f0c9a37ae542,failure,PERFORMANCE_RELIABILITY,,PRODUCT_DISCOVERY_MARKET_DATA,HIGH,"Tcbs đang bị lỗi, k vào dc bảng giá",HIGH,False,False,PROVISIONAL
Google_Play-d372596f-4533-497c-9bb3-f0c9a37ae542-02,Google Play,d372596f-4533-497c-9bb3-f0c9a37ae542,failure,MARKET_DATA_INFORMATION,,PORTFOLIO_TRACKING,MEDIUM,hiển thị sai màu trong mục tài sản,HIGH,False,False,PROVISIONAL
App_Store-14381104681-01,App Store,14381104681,failure,AUTHENTICATION_IOTP,,LOGIN_AUTHENTICATION,HIGH,"Ko đăng nhập được để rút tiền, lúc cần thì ko rút tiền được phải đi vay tiền nóng",HIGH,False,False,PROVISIONAL
App_Store-14409630266-01,App Store,14409630266,friction,DEPOSIT_WITHDRAWAL_TRANSFER,,FUNDING_CASH_TRANSFER,HIGH,"Tại sao lại giam tiền 2 hợp đồng, trong khi đã đóng vị thế trong cùng 1 ngày, các ngày khác không giam vẫn rút được bình thường chỉ trừ thuế phí",HIGH,False,False,PROVISIONAL
App_Store-14414751396-01,App Store,14414751396,failure,AUTHENTICATION_IOTP,,LOGIN_AUTHENTICATION,HIGH,mỗi vào để điền thông tin xác thực thôi mà đen xì ko hiện ra 1 cái gì,HIGH,False,False,PROVISIONAL
App_Store-14418152911-01,App Store,14418152911,friction,ACCOUNT_RECOVERY_PROFILE_CHANGE,,ACCOUNT_PROFILE_MAINTENANCE,HIGH,"Phục vụ quá cứng nhắc thay số điện thoại, cccd bắt yêu cầu mở thẻ ngân hàng để xác minh thông tin",HIGH,False,False,PROVISIONAL
App_Store-14420925724-01,App Store,14420925724,friction,UX_NAVIGATION_COMPLEXITY,,TRADING_ORDER_MANAGEMENT,MEDIUM,"Nhiều tính năng mà đặt lệnh cổ phiếu rối quá, cần xem danh mục thì phải bấm tab khác",HIGH,False,False,PROVISIONAL
App_Store-14425846977-01,App Store,14425846977,friction,PORTFOLIO_ACCOUNT_INFORMATION,,PORTFOLIO_TRACKING,HIGH,"Các công ty đã rời sàn như HLG thì bị tcinvest loại luôn khỏi list, làm nhà đầu tư mất luôn thông tin số lượng cổ phiếu đang sở hữu",HIGH,False,False,PROVISIONAL
App_Store-14439296592-01,App Store,14439296592,friction,AUTHENTICATION_IOTP,,LOGIN_AUTHENTICATION,HIGH,Cứ 24 tiếng lại phải chạy vô app lấy cái OTP bằng tay xong đi cập nhật biến môi trường trước giờ giao dịch để k bị miss data. Đều đặn hằng ngày,HIGH,False,False,PROVISIONAL
App_Store-14439296592-02,App Store,14439296592,failure,AUTHENTICATION_IOTP,,LOGIN_AUTHENTICATION,HIGH,tài liệu ghi cho nhận OTP qua email bằng gaia/v1/oauth2/openapi/request-otp nhưng luôn trả ra lỗi 500,HIGH,False,False,PROVISIONAL
Google_Play-ef99efd2-9f92-42ab-8b4c-3c4e41370ef3-01,Google Play,ef99efd2-9f92-42ab-8b4c-3c4e41370ef3,friction,DEPOSIT_WITHDRAWAL_TRANSFER,,FUNDING_CASH_TRANSFER,HIGH,"It required users to input a certain message in each transfer (your full name and account in TCBS). Even if you transfer money from your Techcombank app, but forgot to input that abovementioned info, your money goes to vague. It doesn't return to your bank account immediately, but they hold it for up to 7 working days",HIGH,False,False,PROVISIONAL
Google_Play-ef99efd2-9f92-42ab-8b4c-3c4e41370ef3-02,Google Play,ef99efd2-9f92-42ab-8b4c-3c4e41370ef3,friction,CUSTOMER_SUPPORT,,CUSTOMER_SUPPORT,HIGH,"No live support, only chat (with bots), I got issue, the support in this app told me to call the bank. Me being ping-pong",HIGH,False,False,PROVISIONAL
App_Store-14445501649-01,App Store,14445501649,friction,UX_NAVIGATION_COMPLEXITY,,GENERAL_CROSS_JOURNEY,HIGH,"UI UX này hoàn toàn ko phù hợp với iPad, chắc dev lười nên bê nguyên web sang. App chạy rất bất tiện, thao tác hoàn toàn lệch, ko hề chính xác",HIGH,False,False,PROVISIONAL
App_Store-14465859621-01,App Store,14465859621,friction,UX_NAVIGATION_COMPLEXITY,,TRADING_ORDER_MANAGEMENT,HIGH,"UI UX kém, dễ bị bấm nhầm mua và bán",HIGH,False,False,PROVISIONAL
App_Store-14465859621-02,App Store,14465859621,friction,CUSTOMER_SUPPORT,,CUSTOMER_SUPPORT,HIGH,"hotline chỉ để làm cảnh, AI trả lời tự động không giải quyết được vấn đề",HIGH,False,False,PROVISIONAL
App_Store-14465859621-03,App Store,14465859621,friction,CUSTOMER_SUPPORT,,CUSTOMER_SUPPORT,HIGH,"không gọi được nv cskh, email không trả lời",HIGH,False,False,PROVISIONAL
App_Store-14468902446-01,App Store,14468902446,other,SECURITY_ACCOUNT_PROTECTION,DATA_SELLING_SUSPICION,TRADING_ORDER_MANAGEMENT,HIGH,Nghi vấn bán dữ liệu cho lái. Tôi cầm cổ phiếu DBC 4 tháng... Không thể có sự trùng hợp như vậy được,MEDIUM,True,True,PROVISIONAL
App_Store-14504211053-01,App Store,14504211053,friction,PERFORMANCE_RELIABILITY,,TRADING_ORDER_MANAGEMENT,MEDIUM,"Áp giao dịch gì mà chậm như rùa,mong bqt cải tiến",MEDIUM,False,True,PROVISIONAL
Google_Play-7fd64ff8-fbd4-4520-a656-c439f9e4443d-01,Google Play,7fd64ff8-fbd4-4520-a656-c439f9e4443d,friction,CUSTOMER_SUPPORT,,CUSTOMER_SUPPORT,HIGH,"Đội ngũ hỗ trợ xử lý chậm chạp, lề mề",HIGH,False,False,PROVISIONAL
Google_Play-7fd64ff8-fbd4-4520-a656-c439f9e4443d-02,Google Play,7fd64ff8-fbd4-4520-a656-c439f9e4443d,friction,ACCOUNT_RECOVERY_PROFILE_CHANGE,,ACCOUNT_PROFILE_MAINTENANCE,HIGH,"Tài khoản khách hàng cần mở khóa, phải chạy lên chi nhánh TCB kí giấy. Rùi phải đợi 2-3 ngày vận chuyển giấy tờ từ TCB ra TCBS chi nhánh HN. Sau đó phải đợi xử lý tờ giấy, rùi đợi 24 giờ để mở khóa",HIGH,False,False,PROVISIONAL
App_Store-14520054584-01,App Store,14520054584,failure,PERFORMANCE_RELIABILITY,,GENERAL_CROSS_JOURNEY,HIGH,"App rất lag, đôi khi còn không vào được",HIGH,False,False,PROVISIONAL
App_Store-14520064997-01,App Store,14520064997,failure,PORTFOLIO_ACCOUNT_INFORMATION,,PORTFOLIO_TRACKING,HIGH,Rất hay bị lỗi báo k có tiền k có cổ phiếu nào trong tài khoản,HIGH,False,False,PROVISIONAL
App_Store-14548034358-01,App Store,14548034358,friction,AUTHENTICATION_IOTP,,LOGIN_AUTHENTICATION,HIGH,chỉ đăng nhập có lúc đợi cả 5p vẫn chưa đăng nhập vào trang chủ được,HIGH,False,False,PROVISIONAL
App_Store-14548034358-02,App Store,14548034358,failure,PERFORMANCE_RELIABILITY,,GENERAL_CROSS_JOURNEY,HIGH,vài tháng trở lại đây app lỗi rất nhiều,HIGH,False,False,PROVISIONAL
App_Store-14548034358-03,App Store,14548034358,friction,NOTIFICATION_COMMUNICATION,EXCESSIVE_ADS,GENERAL_CROSS_JOURNEY,MEDIUM,"quảng cáo nhiều, truy cập vào được tài khoản thì phải tắt 7749 cái quảng cáo IPO của một vài doanh nghiệp",HIGH,True,True,PROVISIONAL
